✅ Read data from .root file
(N events, N features): (15110, 30)
Some useful info on the skimmed GenMET:
GenMET MEAN: 5.536990165710449
GenMET STD DEVIATION: 5.390886306762695
🔍 Testing params: {'n_estimators': 200, 'learning_rate': 0.05, 'max_depth': 2, 'min_child_weight': 1, 'subsample': 1, 'colsample_bytree': 1, 'reg_alpha': 1, 'reg_lambda': 1}
    🔹 Avg RMSE: 0.8963

🔍 Testing params: {'n_estimators': 200, 'learning_rate': 0.05, 'max_depth': 2, 'min_child_weight': 2, 'subsample': 1, 'colsample_bytree': 1, 'reg_alpha': 1, 'reg_lambda': 1}
    🔹 Avg RMSE: 0.8963

🔍 Testing params: {'n_estimators': 200, 'learning_rate': 0.05, 'max_depth': 2, 'min_child_weight': 3, 'subsample': 1, 'colsample_bytree': 1, 'reg_alpha': 1, 'reg_lambda': 1}
    🔹 Avg RMSE: 0.8963

🔍 Testing params: {'n_estimators': 200, 'learning_rate': 0.05, 'max_depth': 4, 'min_child_weight': 1, 'subsample': 1, 'colsample_bytree': 1, 'reg_alpha': 1, 'reg_lambda': 1}
    🔹 Avg RMSE: 0.8948

🔍 Testing params: {'n_estimators': 200, 'learning_rate': 0.05, 'max_depth': 4, 'min_child_weight': 2, 'subsample': 1, 'colsample_bytree': 1, 'reg_alpha': 1, 'reg_lambda': 1}
    🔹 Avg RMSE: 0.8950

🔍 Testing params: {'n_estimators': 200, 'learning_rate': 0.05, 'max_depth': 4, 'min_child_weight': 3, 'subsample': 1, 'colsample_bytree': 1, 'reg_alpha': 1, 'reg_lambda': 1}
    🔹 Avg RMSE: 0.8952

🔍 Testing params: {'n_estimators': 200, 'learning_rate': 0.05, 'max_depth': 6, 'min_child_weight': 1, 'subsample': 1, 'colsample_bytree': 1, 'reg_alpha': 1, 'reg_lambda': 1}
    🔹 Avg RMSE: 0.8944

🔍 Testing params: {'n_estimators': 200, 'learning_rate': 0.05, 'max_depth': 6, 'min_child_weight': 2, 'subsample': 1, 'colsample_bytree': 1, 'reg_alpha': 1, 'reg_lambda': 1}
    🔹 Avg RMSE: 0.8956

🔍 Testing params: {'n_estimators': 200, 'learning_rate': 0.05, 'max_depth': 6, 'min_child_weight': 3, 'subsample': 1, 'colsample_bytree': 1, 'reg_alpha': 1, 'reg_lambda': 1}
    🔹 Avg RMSE: 0.8952

🔍 Testing params: {'n_estimators': 200, 'learning_rate': 0.1, 'max_depth': 2, 'min_child_weight': 1, 'subsample': 1, 'colsample_bytree': 1, 'reg_alpha': 1, 'reg_lambda': 1}
    🔹 Avg RMSE: 0.8957

🔍 Testing params: {'n_estimators': 200, 'learning_rate': 0.1, 'max_depth': 2, 'min_child_weight': 2, 'subsample': 1, 'colsample_bytree': 1, 'reg_alpha': 1, 'reg_lambda': 1}
    🔹 Avg RMSE: 0.8957

🔍 Testing params: {'n_estimators': 200, 'learning_rate': 0.1, 'max_depth': 2, 'min_child_weight': 3, 'subsample': 1, 'colsample_bytree': 1, 'reg_alpha': 1, 'reg_lambda': 1}
    🔹 Avg RMSE: 0.8957

🔍 Testing params: {'n_estimators': 200, 'learning_rate': 0.1, 'max_depth': 4, 'min_child_weight': 1, 'subsample': 1, 'colsample_bytree': 1, 'reg_alpha': 1, 'reg_lambda': 1}
    🔹 Avg RMSE: 0.8952

🔍 Testing params: {'n_estimators': 200, 'learning_rate': 0.1, 'max_depth': 4, 'min_child_weight': 2, 'subsample': 1, 'colsample_bytree': 1, 'reg_alpha': 1, 'reg_lambda': 1}
    🔹 Avg RMSE: 0.8950

🔍 Testing params: {'n_estimators': 200, 'learning_rate': 0.1, 'max_depth': 4, 'min_child_weight': 3, 'subsample': 1, 'colsample_bytree': 1, 'reg_alpha': 1, 'reg_lambda': 1}
    🔹 Avg RMSE: 0.8951

🔍 Testing params: {'n_estimators': 200, 'learning_rate': 0.1, 'max_depth': 6, 'min_child_weight': 1, 'subsample': 1, 'colsample_bytree': 1, 'reg_alpha': 1, 'reg_lambda': 1}
    🔹 Avg RMSE: 0.8958

🔍 Testing params: {'n_estimators': 200, 'learning_rate': 0.1, 'max_depth': 6, 'min_child_weight': 2, 'subsample': 1, 'colsample_bytree': 1, 'reg_alpha': 1, 'reg_lambda': 1}
    🔹 Avg RMSE: 0.8959

🔍 Testing params: {'n_estimators': 200, 'learning_rate': 0.1, 'max_depth': 6, 'min_child_weight': 3, 'subsample': 1, 'colsample_bytree': 1, 'reg_alpha': 1, 'reg_lambda': 1}
    🔹 Avg RMSE: 0.8956

🔍 Testing params: {'n_estimators': 300, 'learning_rate': 0.05, 'max_depth': 2, 'min_child_weight': 1, 'subsample': 1, 'colsample_bytree': 1, 'reg_alpha': 1, 'reg_lambda': 1}
    🔹 Avg RMSE: 0.8954

🔍 Testing params: {'n_estimators': 300, 'learning_rate': 0.05, 'max_depth': 2, 'min_child_weight': 2, 'subsample': 1, 'colsample_bytree': 1, 'reg_alpha': 1, 'reg_lambda': 1}
    🔹 Avg RMSE: 0.8954

🔍 Testing params: {'n_estimators': 300, 'learning_rate': 0.05, 'max_depth': 2, 'min_child_weight': 3, 'subsample': 1, 'colsample_bytree': 1, 'reg_alpha': 1, 'reg_lambda': 1}
    🔹 Avg RMSE: 0.8954

🔍 Testing params: {'n_estimators': 300, 'learning_rate': 0.05, 'max_depth': 4, 'min_child_weight': 1, 'subsample': 1, 'colsample_bytree': 1, 'reg_alpha': 1, 'reg_lambda': 1}
    🔹 Avg RMSE: 0.8948

🔍 Testing params: {'n_estimators': 300, 'learning_rate': 0.05, 'max_depth': 4, 'min_child_weight': 2, 'subsample': 1, 'colsample_bytree': 1, 'reg_alpha': 1, 'reg_lambda': 1}
    🔹 Avg RMSE: 0.8950

🔍 Testing params: {'n_estimators': 300, 'learning_rate': 0.05, 'max_depth': 4, 'min_child_weight': 3, 'subsample': 1, 'colsample_bytree': 1, 'reg_alpha': 1, 'reg_lambda': 1}
    🔹 Avg RMSE: 0.8952

🔍 Testing params: {'n_estimators': 300, 'learning_rate': 0.05, 'max_depth': 6, 'min_child_weight': 1, 'subsample': 1, 'colsample_bytree': 1, 'reg_alpha': 1, 'reg_lambda': 1}
    🔹 Avg RMSE: 0.8944

🔍 Testing params: {'n_estimators': 300, 'learning_rate': 0.05, 'max_depth': 6, 'min_child_weight': 2, 'subsample': 1, 'colsample_bytree': 1, 'reg_alpha': 1, 'reg_lambda': 1}
    🔹 Avg RMSE: 0.8956

🔍 Testing params: {'n_estimators': 300, 'learning_rate': 0.05, 'max_depth': 6, 'min_child_weight': 3, 'subsample': 1, 'colsample_bytree': 1, 'reg_alpha': 1, 'reg_lambda': 1}
    🔹 Avg RMSE: 0.8952

🔍 Testing params: {'n_estimators': 300, 'learning_rate': 0.1, 'max_depth': 2, 'min_child_weight': 1, 'subsample': 1, 'colsample_bytree': 1, 'reg_alpha': 1, 'reg_lambda': 1}
    🔹 Avg RMSE: 0.8957

🔍 Testing params: {'n_estimators': 300, 'learning_rate': 0.1, 'max_depth': 2, 'min_child_weight': 2, 'subsample': 1, 'colsample_bytree': 1, 'reg_alpha': 1, 'reg_lambda': 1}
    🔹 Avg RMSE: 0.8957

🔍 Testing params: {'n_estimators': 300, 'learning_rate': 0.1, 'max_depth': 2, 'min_child_weight': 3, 'subsample': 1, 'colsample_bytree': 1, 'reg_alpha': 1, 'reg_lambda': 1}
    🔹 Avg RMSE: 0.8957

🔍 Testing params: {'n_estimators': 300, 'learning_rate': 0.1, 'max_depth': 4, 'min_child_weight': 1, 'subsample': 1, 'colsample_bytree': 1, 'reg_alpha': 1, 'reg_lambda': 1}
    🔹 Avg RMSE: 0.8952

🔍 Testing params: {'n_estimators': 300, 'learning_rate': 0.1, 'max_depth': 4, 'min_child_weight': 2, 'subsample': 1, 'colsample_bytree': 1, 'reg_alpha': 1, 'reg_lambda': 1}
    🔹 Avg RMSE: 0.8950

🔍 Testing params: {'n_estimators': 300, 'learning_rate': 0.1, 'max_depth': 4, 'min_child_weight': 3, 'subsample': 1, 'colsample_bytree': 1, 'reg_alpha': 1, 'reg_lambda': 1}
    🔹 Avg RMSE: 0.8951

🔍 Testing params: {'n_estimators': 300, 'learning_rate': 0.1, 'max_depth': 6, 'min_child_weight': 1, 'subsample': 1, 'colsample_bytree': 1, 'reg_alpha': 1, 'reg_lambda': 1}
    🔹 Avg RMSE: 0.8958

🔍 Testing params: {'n_estimators': 300, 'learning_rate': 0.1, 'max_depth': 6, 'min_child_weight': 2, 'subsample': 1, 'colsample_bytree': 1, 'reg_alpha': 1, 'reg_lambda': 1}
    🔹 Avg RMSE: 0.8959

🔍 Testing params: {'n_estimators': 300, 'learning_rate': 0.1, 'max_depth': 6, 'min_child_weight': 3, 'subsample': 1, 'colsample_bytree': 1, 'reg_alpha': 1, 'reg_lambda': 1}
    🔹 Avg RMSE: 0.8956

🔍 Testing params: {'n_estimators': 500, 'learning_rate': 0.05, 'max_depth': 2, 'min_child_weight': 1, 'subsample': 1, 'colsample_bytree': 1, 'reg_alpha': 1, 'reg_lambda': 1}
    🔹 Avg RMSE: 0.8951

🔍 Testing params: {'n_estimators': 500, 'learning_rate': 0.05, 'max_depth': 2, 'min_child_weight': 2, 'subsample': 1, 'colsample_bytree': 1, 'reg_alpha': 1, 'reg_lambda': 1}
    🔹 Avg RMSE: 0.8951

🔍 Testing params: {'n_estimators': 500, 'learning_rate': 0.05, 'max_depth': 2, 'min_child_weight': 3, 'subsample': 1, 'colsample_bytree': 1, 'reg_alpha': 1, 'reg_lambda': 1}
    🔹 Avg RMSE: 0.8951

🔍 Testing params: {'n_estimators': 500, 'learning_rate': 0.05, 'max_depth': 4, 'min_child_weight': 1, 'subsample': 1, 'colsample_bytree': 1, 'reg_alpha': 1, 'reg_lambda': 1}
    🔹 Avg RMSE: 0.8948

🔍 Testing params: {'n_estimators': 500, 'learning_rate': 0.05, 'max_depth': 4, 'min_child_weight': 2, 'subsample': 1, 'colsample_bytree': 1, 'reg_alpha': 1, 'reg_lambda': 1}
    🔹 Avg RMSE: 0.8950

🔍 Testing params: {'n_estimators': 500, 'learning_rate': 0.05, 'max_depth': 4, 'min_child_weight': 3, 'subsample': 1, 'colsample_bytree': 1, 'reg_alpha': 1, 'reg_lambda': 1}
    🔹 Avg RMSE: 0.8952

🔍 Testing params: {'n_estimators': 500, 'learning_rate': 0.05, 'max_depth': 6, 'min_child_weight': 1, 'subsample': 1, 'colsample_bytree': 1, 'reg_alpha': 1, 'reg_lambda': 1}
    🔹 Avg RMSE: 0.8944

🔍 Testing params: {'n_estimators': 500, 'learning_rate': 0.05, 'max_depth': 6, 'min_child_weight': 2, 'subsample': 1, 'colsample_bytree': 1, 'reg_alpha': 1, 'reg_lambda': 1}
    🔹 Avg RMSE: 0.8956

🔍 Testing params: {'n_estimators': 500, 'learning_rate': 0.05, 'max_depth': 6, 'min_child_weight': 3, 'subsample': 1, 'colsample_bytree': 1, 'reg_alpha': 1, 'reg_lambda': 1}
    🔹 Avg RMSE: 0.8952

🔍 Testing params: {'n_estimators': 500, 'learning_rate': 0.1, 'max_depth': 2, 'min_child_weight': 1, 'subsample': 1, 'colsample_bytree': 1, 'reg_alpha': 1, 'reg_lambda': 1}
    🔹 Avg RMSE: 0.8957

🔍 Testing params: {'n_estimators': 500, 'learning_rate': 0.1, 'max_depth': 2, 'min_child_weight': 2, 'subsample': 1, 'colsample_bytree': 1, 'reg_alpha': 1, 'reg_lambda': 1}
    🔹 Avg RMSE: 0.8957

🔍 Testing params: {'n_estimators': 500, 'learning_rate': 0.1, 'max_depth': 2, 'min_child_weight': 3, 'subsample': 1, 'colsample_bytree': 1, 'reg_alpha': 1, 'reg_lambda': 1}
    🔹 Avg RMSE: 0.8957

🔍 Testing params: {'n_estimators': 500, 'learning_rate': 0.1, 'max_depth': 4, 'min_child_weight': 1, 'subsample': 1, 'colsample_bytree': 1, 'reg_alpha': 1, 'reg_lambda': 1}
    🔹 Avg RMSE: 0.8952

🔍 Testing params: {'n_estimators': 500, 'learning_rate': 0.1, 'max_depth': 4, 'min_child_weight': 2, 'subsample': 1, 'colsample_bytree': 1, 'reg_alpha': 1, 'reg_lambda': 1}
    🔹 Avg RMSE: 0.8950

🔍 Testing params: {'n_estimators': 500, 'learning_rate': 0.1, 'max_depth': 4, 'min_child_weight': 3, 'subsample': 1, 'colsample_bytree': 1, 'reg_alpha': 1, 'reg_lambda': 1}
    🔹 Avg RMSE: 0.8951

🔍 Testing params: {'n_estimators': 500, 'learning_rate': 0.1, 'max_depth': 6, 'min_child_weight': 1, 'subsample': 1, 'colsample_bytree': 1, 'reg_alpha': 1, 'reg_lambda': 1}
    🔹 Avg RMSE: 0.8958

🔍 Testing params: {'n_estimators': 500, 'learning_rate': 0.1, 'max_depth': 6, 'min_child_weight': 2, 'subsample': 1, 'colsample_bytree': 1, 'reg_alpha': 1, 'reg_lambda': 1}
    🔹 Avg RMSE: 0.8959

🔍 Testing params: {'n_estimators': 500, 'learning_rate': 0.1, 'max_depth': 6, 'min_child_weight': 3, 'subsample': 1, 'colsample_bytree': 1, 'reg_alpha': 1, 'reg_lambda': 1}
    🔹 Avg RMSE: 0.8956

✅ Best Parameters Found:
{'n_estimators': 200, 'learning_rate': 0.05, 'max_depth': 6, 'min_child_weight': 1, 'subsample': 1, 'colsample_bytree': 1, 'reg_alpha': 1, 'reg_lambda': 1}
📉 Best Avg RMSE: 0.8944
[0]	validation_0-rmse:0.91382
[1]	validation_0-rmse:0.91149
[2]	validation_0-rmse:0.90958
[3]	validation_0-rmse:0.90750
[4]	validation_0-rmse:0.90588
[5]	validation_0-rmse:0.90411
[6]	validation_0-rmse:0.90267
[7]	validation_0-rmse:0.90130
[8]	validation_0-rmse:0.90007
[9]	validation_0-rmse:0.89873
[10]	validation_0-rmse:0.89721
[11]	validation_0-rmse:0.89593
[12]	validation_0-rmse:0.89486
[13]	validation_0-rmse:0.89428
[14]	validation_0-rmse:0.89349
[15]	validation_0-rmse:0.89229
[16]	validation_0-rmse:0.89167
[17]	validation_0-rmse:0.89090
[18]	validation_0-rmse:0.89058
[19]	validation_0-rmse:0.88964
[20]	validation_0-rmse:0.88909
[21]	validation_0-rmse:0.88840
[22]	validation_0-rmse:0.88759
[23]	validation_0-rmse:0.88746
[24]	validation_0-rmse:0.88724
[25]	validation_0-rmse:0.88726
[26]	validation_0-rmse:0.88680
[27]	validation_0-rmse:0.88660
[28]	validation_0-rmse:0.88663
[29]	validation_0-rmse:0.88652
[30]	validation_0-rmse:0.88673
[31]	validation_0-rmse:0.88658
[32]	validation_0-rmse:0.88620
[33]	validation_0-rmse:0.88587
[34]	validation_0-rmse:0.88560
[35]	validation_0-rmse:0.88555
[36]	validation_0-rmse:0.88527
[37]	validation_0-rmse:0.88504
[38]	validation_0-rmse:0.88506
[39]	validation_0-rmse:0.88503
[40]	validation_0-rmse:0.88512
[41]	validation_0-rmse:0.88466
[42]	validation_0-rmse:0.88492
[43]	validation_0-rmse:0.88469
[44]	validation_0-rmse:0.88423
[45]	validation_0-rmse:0.88374
[46]	validation_0-rmse:0.88340
[47]	validation_0-rmse:0.88286
[48]	validation_0-rmse:0.88249
[49]	validation_0-rmse:0.88203
[50]	validation_0-rmse:0.88204
[51]	validation_0-rmse:0.88192
[52]	validation_0-rmse:0.88184
[53]	validation_0-rmse:0.88097
[54]	validation_0-rmse:0.88090
[55]	validation_0-rmse:0.88074
[56]	validation_0-rmse:0.88036
[57]	validation_0-rmse:0.88040
[58]	validation_0-rmse:0.87955
[59]	validation_0-rmse:0.87893
[60]	validation_0-rmse:0.87919
[61]	validation_0-rmse:0.87918
[62]	validation_0-rmse:0.87910
[63]	validation_0-rmse:0.87903
[64]	validation_0-rmse:0.87862
[65]	validation_0-rmse:0.87830
[66]	validation_0-rmse:0.87812
[67]	validation_0-rmse:0.87800
[68]	validation_0-rmse:0.87782
[69]	validation_0-rmse:0.87747
[70]	validation_0-rmse:0.87719
[71]	validation_0-rmse:0.87719
[72]	validation_0-rmse:0.87686
[73]	validation_0-rmse:0.87678
[74]	validation_0-rmse:0.87674
[75]	validation_0-rmse:0.87683
[76]	validation_0-rmse:0.87698
[77]	validation_0-rmse:0.87683
[78]	validation_0-rmse:0.87655
[79]	validation_0-rmse:0.87647
[80]	validation_0-rmse:0.87641
[81]	validation_0-rmse:0.87625
[82]	validation_0-rmse:0.87607
[83]	validation_0-rmse:0.87606
[84]	validation_0-rmse:0.87575
[85]	validation_0-rmse:0.87585
[86]	validation_0-rmse:0.87584
[87]	validation_0-rmse:0.87581
[88]	validation_0-rmse:0.87619
[89]	validation_0-rmse:0.87603
[90]	validation_0-rmse:0.87620
[91]	validation_0-rmse:0.87611
[92]	validation_0-rmse:0.87612
[93]	validation_0-rmse:0.87622
[94]	validation_0-rmse:0.87592
[95]	validation_0-rmse:0.87580
[96]	validation_0-rmse:0.87577
[97]	validation_0-rmse:0.87575
[98]	validation_0-rmse:0.87578
[99]	validation_0-rmse:0.87580
[100]	validation_0-rmse:0.87588
[101]	validation_0-rmse:0.87570
[102]	validation_0-rmse:0.87562
[103]	validation_0-rmse:0.87555
[104]	validation_0-rmse:0.87554
[105]	validation_0-rmse:0.87551
[106]	validation_0-rmse:0.87568
[107]	validation_0-rmse:0.87571
[108]	validation_0-rmse:0.87553
[109]	validation_0-rmse:0.87550
[110]	validation_0-rmse:0.87550
[111]	validation_0-rmse:0.87557
[112]	validation_0-rmse:0.87552
[113]	validation_0-rmse:0.87537
[114]	validation_0-rmse:0.87524
[115]	validation_0-rmse:0.87516
[116]	validation_0-rmse:0.87507
[117]	validation_0-rmse:0.87502
[118]	validation_0-rmse:0.87494
[119]	validation_0-rmse:0.87502
[120]	validation_0-rmse:0.87517
[121]	validation_0-rmse:0.87519
[122]	validation_0-rmse:0.87502
[123]	validation_0-rmse:0.87490
[124]	validation_0-rmse:0.87483
[125]	validation_0-rmse:0.87506
[126]	validation_0-rmse:0.87498
[127]	validation_0-rmse:0.87489
[128]	validation_0-rmse:0.87494
[129]	validation_0-rmse:0.87473
[130]	validation_0-rmse:0.87452
[131]	validation_0-rmse:0.87462
[132]	validation_0-rmse:0.87459
[133]	validation_0-rmse:0.87442
[134]	validation_0-rmse:0.87458
[135]	validation_0-rmse:0.87483
[136]	validation_0-rmse:0.87472
[137]	validation_0-rmse:0.87469
[138]	validation_0-rmse:0.87457
[139]	validation_0-rmse:0.87467
[140]	validation_0-rmse:0.87478
[141]	validation_0-rmse:0.87463
[142]	validation_0-rmse:0.87462
[143]	validation_0-rmse:0.87438
[144]	validation_0-rmse:0.87427
[145]	validation_0-rmse:0.87405
[146]	validation_0-rmse:0.87408
[147]	validation_0-rmse:0.87420
[148]	validation_0-rmse:0.87394
[149]	validation_0-rmse:0.87395
[150]	validation_0-rmse:0.87407
[151]	validation_0-rmse:0.87395
[152]	validation_0-rmse:0.87417
[153]	validation_0-rmse:0.87429
[154]	validation_0-rmse:0.87404
[155]	validation_0-rmse:0.87412
[156]	validation_0-rmse:0.87427
[157]	validation_0-rmse:0.87425
[158]	validation_0-rmse:0.87446
[159]	validation_0-rmse:0.87450
[160]	validation_0-rmse:0.87454
[161]	validation_0-rmse:0.87456
[162]	validation_0-rmse:0.87459
[163]	validation_0-rmse:0.87447
[164]	validation_0-rmse:0.87443
[165]	validation_0-rmse:0.87477
[166]	validation_0-rmse:0.87462
[167]	validation_0-rmse:0.87488
[168]	validation_0-rmse:0.87497
✅Training completed in 42.91677951812744s
Evaluation metrics for the model:
RMSE: 0.9018349802677436
MAE: 0.7591080069541931
R²: 0.058116912841796875
Features importance dictionary:
 {'Muon_pt_st': 0.09210944, 'Muon_mass_st': 0.04841345, 'Deltaphi_METmst': 0.037397165, 'Muon_DeltaR': 0.03684051, 'Jet_pt_bnd': 0.03674358, 'Deltaphi_METJbnd': 0.03555439, 'Muon_eta_st': 0.03530722, 'Deltaphi_METJbest': 0.034103043, 'Jet_mass_bnd': 0.032927673, 'Jet_pt_bst': 0.032839417, 'Deltaphi_METmnd': 0.032580696, 'MET_significance': 0.032578252, 'Muon_charge_nd': 0.03153113, 'Muon_InvMass': 0.031264592, 'Jet_eta_bnd': 0.031193819, 'MET_phi': 0.03102072, 'Jet_mass_bst': 0.030432248, 'Muon_pt_nd': 0.02974624, 'Muon_phi_nd': 0.029342828, 'MET_pt': 0.029083448, 'Muon_phi_st': 0.02898312, 'Muon_Deltaeta': 0.028878555, 'Muon_Deltaphi': 0.028409896, 'nJet': 0.028143914, 'Jet_eta_bst': 0.027433049, 'Jet_phi_bnd': 0.026663173, 'Muon_eta_nd': 0.02616575, 'Jet_phi_bst': 0.025923394, 'Muon_mass_nd': 0.024754232, 'Muon_charge_st': 0.023634993}
Selected features (10): ['Muon_pt_st', 'Muon_mass_st', 'Deltaphi_METmst', 'Muon_DeltaR', 'Jet_pt_bnd', 'Deltaphi_METJbnd', 'Muon_eta_st', 'Deltaphi_METJbest', 'Jet_mass_bnd', 'Jet_pt_bst']
Corrected MET: [1.9608644  1.6913198  1.9583075  1.5917932  1.4559093  1.1115979
 1.4026269  1.1566608  1.1247108  1.2448342  1.7361373  1.5970587
 1.2547454  1.57489    1.1484754  1.8891008  1.3970575  1.4488263
 1.6140114  0.92099506 1.706853   1.2325665  1.3316098  1.499198
 1.5060647  1.5951186  1.1648866  1.4178429  1.3133093  1.436983
 1.2678455  1.9568727  1.2673501  1.5834004  1.0902685  1.372923
 1.7208225  1.7252185  1.8076696  1.8040214  1.1088433  1.7259688
 1.9396075  1.5307121  1.0329067  1.7445127  1.7041409  1.764556
 1.2314966  1.4008014  1.1010638  1.5226234  1.6284127  1.9067887
 1.9714178  1.5063133  1.6931926  1.6093204  1.4995124  1.5343736
 1.2718318  1.6162238  1.6388223  1.4484859  0.91933024 1.5762757
 1.5185604  1.4513595  1.6569235  1.396934   1.4041201  1.6083424
 1.5860356  1.6856674  1.6861532  1.7356195  1.3128052  1.0234698
 1.3096893  1.3547531  1.6858588  1.0918604  1.6442188  1.6093563
 1.7785172  1.4516069  1.8028681  1.5205492  1.294908   1.3325378
 1.5531815  1.6285233  2.0056558  1.8695487  1.66784    1.4999186
 1.5517936  1.408484   1.0239755  1.5127068  0.80066216 1.2267978
 1.1166161  1.5428411  1.791398   2.147005   1.368942   1.8240627
 2.0374014  1.4472768  1.65813    1.6132215  1.6150296  1.7884071
 1.627532   1.3228185  1.392255   1.6512566  1.4898355  1.8108803
 1.2054976  2.0349975  1.6783117  1.930005   1.5408732  1.5610688
 1.2782366  1.6008139  1.7755507  1.4809083  1.1711029  1.7662029
 1.4028281  1.1992624  1.0704267  1.8399296  1.5644691  0.7986597
 1.7881849  1.529446   1.5822675  1.6827108  1.0923566  1.133907
 2.134473   1.3436489  1.7339053  1.8420073  2.3497808  1.7228798
 1.6613868  1.3257906  1.6712698  1.6953716  1.8301046  1.5943737
 1.3821979  1.4930968  1.5407346  2.2424831  1.2589294  1.0855289
 1.7455816  1.4574777  1.5762066  1.6282668  1.5782735  1.6007959
 1.1581775  1.4143695  0.9759701  1.7163882  0.9736038  1.1671791
 1.3580923  1.4606991  1.7903789  0.9840492  1.25825    1.4929321
 1.5757619  0.7476036  1.2513176  1.330061   1.4041915  1.1819674
 1.3638638  1.1560442  1.9558185  1.7064571  1.8100672  1.5778036
 1.3253818  1.5097961  1.5324818  1.2466723  1.6373564  1.2404892
 1.3115742  1.7165904  1.6534526  1.3820709  1.5391375  0.9928614
 1.2759196  1.7263123  1.6789016  1.4214706  1.8464807  1.8691577
 1.9363554  1.3212308  1.5248295  1.503885   1.7148944  1.5993527
 1.5637139  1.3883084  1.4263271  2.0895386  1.858141   1.6530836
 1.6165252  1.2491326  1.5368639  1.724356   1.1583923  1.1494492
 0.5860578  1.4771589  1.6992682  1.8880572  1.0550268  1.3529001
 1.5314786  1.8813967  1.1742386  2.230011   1.5688893  1.4100859
 1.0978848  1.4387336  1.0721074  1.5625871  1.2010466  1.3565278
 1.1567808  1.1308733  1.2840314  1.475519   2.0808303  1.3453907
 1.7105482  1.8788979  1.6587592  1.8694354  1.5030602  1.0173768
 1.1696208  1.5617964  1.6412064  2.2449489  1.4931525  1.6873553
 1.4427333  0.966111   1.8402847  0.76521033 1.5207766  1.9596229
 1.1441036  1.5891147  1.4996631  1.2400907  1.7268811  1.6822665
 0.9520502  1.7993257  1.628705   1.5869176  0.8214682  0.7366253
 0.93325055 1.851253   1.7421772  1.8748094  1.8121053  1.6288953
 1.7225785  1.007183   1.7954286  1.3562108  1.8874311  1.9613005
 1.4733387  1.9503918  1.5233963  1.5338339  1.3333772  1.9239184
 1.8081133  1.9331216  2.0493915  1.7642536  1.3512126  2.2279136
 1.5218784  1.5782764  1.5706314  1.5327901  1.5279007  1.3496304
 1.9319997  2.1525576  1.8501407  1.6438501  1.6750833  1.6401227
 1.4717724  1.1012199  1.3276032  1.8374664  1.4091103  1.5970466
 1.7952695  1.728493   1.198684   1.7695794  1.6193734  1.8782536
 1.4046186  1.2096224  1.6341141  1.4390239  1.16332    1.951451
 1.400968   1.1550194  1.5708278  1.555996   1.4113096  1.5260955
 1.8130587  2.0403526  1.1790851  1.155515   1.6106751  1.4062841
 1.5473664  1.2271898  1.7074734  1.4088203  1.9178911  1.6499125
 1.9400393  1.9809871  0.7302505  1.1113222  0.97937936 1.1684482
 1.3256927  1.7671502  1.3008641  1.3866352  1.3617713  1.9247905
 0.97544384 1.4407629  1.5128292  1.9401733  1.7021081  1.6737133
 1.2924671  1.6199018  1.3971698  1.9598166  1.3181434  1.4898931
 1.7126235  1.0881987  1.6673065  1.9016838  1.5560596  1.6068598
 1.9112804  1.7701142  1.6539215  1.2953792  1.3857633  1.5866096
 1.9440475  1.1346537  1.0959535  1.0378976  1.4594096  1.7197874
 1.711913   1.4532921  1.223338   1.3593202  1.3905199  1.2853186
 1.5578543  1.6498854  1.692414   1.4960741  1.3186908  1.1109595
 0.899092   1.8518344  1.7581636  1.7656664  1.0247931  1.5091864
 1.6839781  1.2577473  1.6516998  1.3013997  1.3400143  1.8183559
 1.4020841  1.6423244  1.2990545  1.4320482  1.5974815  1.1859643
 1.3876885  1.3159199  1.8268869  1.2287542  1.5525556  1.3919141
 1.1126381  2.0371974  1.7252288  1.1425424  1.7713934  1.8968128
 1.2545875  1.7948209  1.854539   1.5336357  1.5579777  1.7322006
 1.1446973  0.9187749  1.5824882  1.3109958  0.8433604  1.7298219
 1.4123547  1.1363248  1.6988539  1.5713426  1.4631562  1.8366007
 0.6267888  1.5041788  2.323822   1.3140316  1.4716829  1.2712634
 1.2607558  1.4790778  1.378768   1.4576575  1.4473472  1.8610145
 1.2594002  1.391849   2.1076155  1.7676467  0.9988433  1.0707858
 1.4533824  0.80620223 1.7901262  1.027096   1.4218191  1.6227065
 1.5989976  1.1067995  1.6773529  1.5405614  1.6378078  1.8484391
 1.9092957  1.3291892  1.1939179  0.9884595  1.5090435  1.0698371
 1.9017268  0.9643295  1.521234   0.80797637 0.91663    1.52221
 0.6992029  0.8950789  0.58038086 1.4449191  1.3867075  1.537865
 1.5272566  1.1887593  0.9751265  1.4949963  1.9142343  1.1145598
 1.3799866  1.5879105  1.5602554  1.0980048  1.9345623  1.2387571
 1.461978   1.7713184  1.1732581  1.9169338  1.8034918  1.2507886
 2.3854642  1.7162241  1.877687   2.1687324  1.2997642  1.3326402
 1.7469686  1.4050801  1.7797494  1.3882241  1.3399704  1.4554389
 1.6546845  1.6206238  1.4139773  1.3245095  1.3134583  1.6023965
 1.4056135  1.0818284  0.9696332  1.3798174  0.9029421  1.5361193
 1.4033625  1.7602216  1.7132388  1.2190396  1.3646332  1.7015692
 1.425256   1.5925419  1.8761152  1.5910329  1.5518136  1.6462085
 2.224242   2.1909583  1.4614946  1.9444101  1.3579614  1.7435118
 1.8333198  1.244716   1.1093489  1.7899164  1.9393849  1.7896127
 1.7516246  1.7844961  1.7277471  1.9923321  1.6815381  1.5674132
 2.0400672  2.0465505  1.4378089  1.8321471  1.2733451  1.4000089
 1.6749336  1.9808667  1.5547782  1.3754791  1.4942975  1.8030663
 1.6863897  1.6940095  1.4099137  1.3135462  0.9829648  1.2853032
 1.6924431  1.3031251  1.5955302  1.0642891  1.4039974  1.5020868
 1.7561817  2.2166338  1.6874348  1.5994248  2.1110413  1.4127704
 1.5584973  1.592675   1.6243352  0.7431263  1.8725755  1.3094884
 1.0359446  1.3293525  1.7923967  1.4065825  1.2869606  1.452577
 1.0642668  1.1738602  1.6210635  2.031486   2.1387823  1.9043796
 1.4778714  1.1842166  1.6543909  1.4463259  1.8924829  1.583714
 1.7000828  1.2626834  1.6751988  1.3635821  1.2418189  1.8662697
 1.3542527  1.3212798  1.1258795  1.6420496  1.4546826  1.654712
 1.3086934  1.1972069  1.4215908  1.1994532  2.019949   1.5398545
 1.6358577  1.1409041  1.2138097  1.4751328  1.622732   1.6721871
 1.418331   1.5306824  1.6687416  1.4253151  1.2933068  1.7561971
 1.6187174  1.556584   1.3700273  1.7920904  1.0325999  1.1165688
 1.8998426  1.4037646  1.2158437  1.5572166  1.4314128  1.3787165
 0.99424976 1.5455173  1.5335644  2.263205   1.0002162  1.3931768
 1.8453158  1.3849113  2.232328   1.3863484  1.640015   1.2311236
 1.5100406  1.6148144  1.5458184  1.49347    1.351942   1.303107
 0.6756011  1.003815   1.7542206  1.9672226  1.2891283  1.7633518
 1.4505491  1.6777166  1.1662428  1.6384149  1.5743093  1.2829608
 1.7803317  1.5124159  1.9711541  1.6255891  1.7756183  1.1287102
 1.3296839  1.484427   1.3373247  1.6442374  1.0713772  1.3532615
 1.7235067  1.3129214  1.7110323  1.6896447  1.769535   1.5660725
 1.5557148  1.224454   1.2257521  0.70594615 1.1545119  1.7246785
 1.8932685  1.7860491  1.2156804  1.2609234  1.3955917  1.3363088
 1.3461674  1.8594387  1.5693996  1.8670787  1.7559563  0.8819899
 1.5633415  1.1374853  1.3814727  1.3079628  1.108399   1.5969318
 1.7713293  1.6935674  1.5234903  1.1765782  1.7037903  1.4605682
 1.4640676  1.6696546  1.7164404  1.1332203  1.5378405  1.1112471
 1.504517   0.8750484  1.4210583  1.5031312  2.0861945  1.406838
 1.456391   1.1397876  1.8210509  1.0914125  1.6958135  1.5183369
 1.3426653  1.5814469  1.883777   1.2318145  1.8335084  1.7524954
 1.3661106  1.3215309  1.8068031  0.51504713 1.1414778  2.2802525
 1.3429655  1.723988   2.1739292  1.6760753  1.5458497  1.9245381
 1.9804654  0.8394665  1.6207184  1.1019561  1.4532058  1.8927193
 1.1273631  1.6896378  1.8843542  1.4584622  1.6858445  1.1593885
 1.729764   1.6216598  2.1488438  1.782721   1.5114499  1.2850319
 1.8066423  1.3850688  1.4229133  1.519329   1.3900226  1.660833
 1.8359066  2.0255435  1.5386075  2.4042442  1.6348184  1.8527471
 1.7221478  1.1774881  1.5382698  1.667323   1.7432768  1.5712909
 1.3249613  1.9472579  0.96919745 1.0855668  1.1180459  1.7326096
 1.5958695  1.334654   1.5338398  2.0693464  1.891156   1.531611
 1.835169   1.8307766  0.88860554 1.835847   1.58735    2.196518
 1.8283551  1.740332   1.2280198  1.8162167  1.586588   1.4970305
 1.5437716  2.1649058  1.148225   1.8626504  1.7875322  1.7018797
 1.7348851  0.9761436  1.2868332  1.2974013  1.4343625  1.0586598
 1.3168819  2.3436131  1.2844805  1.5526377  1.2967894  1.6510792
 1.3972431  1.6254131  1.6847869  1.203962   1.1654718  1.9288108
 1.5234193  1.5047611  1.633952   1.3452122  1.5862093  1.3035448
 1.696631   1.8312919  1.9358578  1.0396178  1.4364017  1.6784976
 1.6251979  1.6871428  1.6624889  1.7668593  1.5703626  1.7574731
 1.7292348  1.4963214  1.5756577  1.5441747  1.5889729  1.5450362
 1.7557527  1.1463002  1.4829379  1.961431   1.3044153  1.6346945
 1.4672415  1.3588011  1.0988815  1.4372003  1.3670032  1.4172957
 1.6712939  1.4437934  0.8298755  1.4206309  1.212966   1.468888
 1.4113615  1.3218862  1.417295   1.7936707  1.4407119  1.5642141
 2.2180493  1.4693515  1.4677868  1.3756251  1.9452028  1.2433846
 1.6779419  1.4536946  1.4512908  1.6954973  1.8838471  1.7699857
 1.6623678  1.6830152  1.5333399  1.3235306  1.5006346  1.7818513
 1.6228442  1.2945267  1.4485708  1.6979207  2.1446128  1.7317758
 2.071737   1.4377608  0.86057055 1.4734229  1.3827885  1.6129588
 1.6963847  1.5042285  1.8801075  1.3038027  1.305897   1.7870101
 1.1975553  1.3228137  1.6262363  1.645493   1.3147093  1.4648848
 1.3439453  2.1398413  1.4519213  1.8971696  1.5070851  1.2108206
 1.4907732  1.477072   1.8558289  1.8008728  1.2346257  1.1821342
 1.6628407  1.9162169  1.6346232  1.9173931  1.6398371  1.3258024
 1.3879237  1.2390164  2.0008335  1.7032474  1.2791462  0.8439407
 1.3927217  1.1999112  1.3451875  1.0917627  1.6304485  1.5380377
 1.6289238  1.6890821  1.5035118  1.802781   1.554678   2.010129
 1.2370805  1.1170055  1.667014   1.1705683  1.8167813  1.113605
 1.6779567  1.107119   1.4739953  1.0560101  1.5162472  1.4221975
 0.8688799  1.6396694  1.1967537  1.4611689  1.3576379  1.5313401
 1.5072111  1.235119   1.6421497  1.0272992  0.9528127  2.192597
 0.8761688  1.6660064  1.3109106  1.9729447  1.2999582  1.8094667
 1.7056199  1.2284304  1.3850982  1.3212998  1.0308036  0.39571896
 0.64051664 0.4554615  0.59808594 0.65036094 1.570924   2.0297866
 1.6237068  1.2174872  1.5283875  1.7914774  1.925585   2.0271463
 1.6446942  0.60109204 1.7942902  1.4275391  1.2272073  1.5543119
 1.7922233  1.6398253  1.6890482  1.4719067  1.5099573  1.800969
 0.9367819  1.2689154  1.1308134  1.871399   1.5814959  1.597623
 1.2208091  1.0204183  1.6590142  1.4577649  1.0809202  1.8777617
 1.4167907  1.6772546  1.7863582  1.4292278  1.0300705  1.6722424
 1.5968616  1.3844081  1.1365136  0.99356055 1.710415   1.7717214
 1.9433693  1.7056496  1.2615911  1.5302246  2.3792949  1.4910916
 1.2579104  1.3956734  1.3120067  1.5688009  0.8694188  1.6075665
 1.7831829  1.3615615  1.6366504  1.3669658  1.6097889  1.8825365
 1.9571226  1.7604296  1.4400362  0.6907702  1.1274925  1.5082847
 1.5749323  1.6556853  1.4623383  1.5154077  1.2076389  1.7721295
 1.2819828  1.589119   1.4309025  1.4151678  1.2866919  1.0206046
 1.8784322  1.4633535  1.367135   1.8275193  1.4115576  1.3354148
 1.7883587  1.7282717  1.3405057  1.4044471  1.4791461  1.6049037
 1.3481799  1.554975   0.8892234  1.3935926  1.9672636  1.7985284
 1.7603583  1.6023182  1.8106587  0.6751322  1.370007   1.8094039
 1.6043187  0.9009736  1.4466833  1.2237917  1.8195658  1.44176
 1.3773252  1.5245038  1.442006   1.5937864  1.7235664  1.5774226
 0.635911   1.9803265  1.8966402  1.3301497  2.1236477  1.2043759
 1.0314513  1.4725363  2.004745   1.9546804  1.4882395  1.1651063
 1.0781839  1.5020672  1.7208053  1.1598653  1.6078048  1.6730161
 1.4607483  1.5505664  2.073753   1.5095652  1.3330702  1.8852772
 1.7631782  1.5160745  1.9238107  1.4509702  1.1150014  1.4837989
 1.2449415  1.9416106  1.9536719  1.6319095  2.077314   1.3697219
 1.3311654  1.2422822  1.7948221  1.7679796  1.688897   1.9173007
 1.8563293  1.5757756  1.4350858  1.3922061  1.9866716  1.0180964
 2.0977025  1.0755843  1.4306449  1.590369   1.0935613  1.1506653
 1.6789032  1.1804639  1.6199431  1.8776919  1.7520201  1.4261199
 1.5694122  1.3253003  0.84643656 1.2238432  2.1237295  1.309642
 1.9478177  1.46877    2.045357   1.0512985  1.9233755  1.498801
 1.8376827  1.3086087  1.6898494  1.5118624  1.33266    1.9734178
 1.0422225  2.0351827  1.6275514  1.7355303  1.5571299  1.6382127
 1.763661   1.2557193  1.6696208  1.6463511  1.5028908  1.8884684
 0.8233727  1.2993859  1.3677379  1.0412362  1.1788398  1.4610716
 1.8187717  1.1077627  1.3591638  2.0579278  1.9857637  1.5818744
 1.4148645  1.2994683  1.0166849  1.2466965  1.2071192  1.5149075
 2.0311747  1.4229217  1.4863765  1.2683207  1.4967532  1.703611
 1.4790224  1.3245068  1.1364222  2.053424   1.6216404  1.6955686
 1.835581   1.8380985  1.4855663  1.358457   1.5474126  1.9801958
 1.827304   1.528645   1.4724104  1.8953028  1.2596211  1.7516989
 1.046158   0.8041496  1.7952858  1.5171165  1.1743567  1.5253332
 1.2500677  1.0157523  1.1685411  1.7314519  1.0870131  1.0109844
 1.2006892  1.3784662  1.1476349  1.4640956  1.5821421  1.1043721
 1.7353486  1.9369286  1.6935365  1.617931   1.8794951  1.3182504
 1.420676   1.6512848  1.5869563  1.3627703  1.6346614  1.8591201
 1.3998054  1.5019246  1.2869008  1.8972502  1.7831565  1.4773561
 1.8215389  2.360568   1.9094574  1.278194   1.5080178  1.6391839
 1.6187632  1.6149576  1.837514   1.8111805  1.4016877  1.7563766
 2.0540652  1.3965335  1.6691865  1.635064   1.2821255  1.1768794
 1.6423516  0.62143254 1.8157811  1.8185406  1.9469045  1.4273297
 1.4421723  1.3944833  1.4353049  1.398823   1.407441   1.4539958
 1.4909096  2.107583   1.3084158  1.7449692  1.19084    1.7331473
 0.9157943  2.033545   1.4170946  1.878806   1.6030338  1.7248768
 1.6219893  1.4005536  0.85019135 1.7629949  1.227703   1.216452
 0.7435077  0.7927243  1.4479934  1.2976192  1.8376045  1.2663157
 1.968424   1.450549   0.76387787 1.5102956  1.4549916  1.6740673
 1.0499691  1.723604   1.6692901  1.2455969  1.3135306  1.0321614
 1.4944277  1.5258158  1.0031787  0.8778579  1.9078438  1.4280576
 1.1484748  1.4747342  1.4472599  0.8437958  1.6089532  1.5037687
 1.8620573  1.9579632  1.6633662  1.466743   1.1328512  1.5475504
 1.2594185  1.2435697  1.4715667  1.5317807  1.4896427  1.360785
 1.0005875  1.7657319  1.5305634  1.5259427  1.6104223  1.1005136
 1.497239   1.4283081  1.6099908  0.7743626  1.9383248  1.3110685
 1.5650796  1.8568509  1.6468927  0.7946287  1.594063   1.4816695
 1.5780497  1.97196    1.0633857  1.664933   1.6052634  1.16176
 1.4656566  1.5647346  1.8008279  1.6434124  1.6752315  1.854753
 2.1256118  1.2598437  1.2652663  1.5600581  1.2730244  2.0261016
 1.7309788  1.6720331  1.772356   1.4657484  1.7641697  1.2867678
 1.3888255  1.964109   1.8306257  1.525882   1.7899498  1.7047802
 1.2015138  1.6837178  1.5060952  1.8720874  1.1640109  1.1495448
 1.6868986  1.2994953  1.992572   2.3129137  1.8528091  1.6689959
 1.6920213  1.8240564  1.3022425  1.5216162  1.7248626  1.797789
 1.688792   1.8242646  1.6286671  1.3746254  1.4654157  1.4350659
 1.5322433  1.5601573  1.6179584  1.9581369  1.8172344  1.9164504
 1.4797047  1.452575   0.98153186 1.6873457  1.8227143  1.5256174
 1.9894449  2.0922353  1.6257871  1.8750333  1.6313095  1.4465375
 1.4323654  1.3379995  1.3677557  1.6555058  1.3870142  1.7930363
 1.5929857  1.8441964  1.504132   1.6220862  1.2541821  1.7625935
 1.1420883  1.6025147  1.3313084  1.9040346  1.8285698  1.7618275
 1.7077073  1.5453063  1.3977417  1.4365396  1.7127615  1.5244823
 1.5102329  1.4493854  1.3834934  1.6286188  1.3736973  1.3061912
 1.3475506  1.0601947  1.3295267  1.8061717  1.6009178  1.4038414
 1.3072958  1.940191   1.8466369  1.700531   1.4892163  1.5818875
 1.4926817  1.6400993  2.045227   1.7106189  1.076586   0.96368223
 0.84544843 1.6617976  1.584985   1.2753087  0.96997404 1.3317585
 1.3744645  1.3955874  1.8065231  2.0282967  1.2572069  1.3883101
 1.7956136  1.28391    1.2067014  1.3029187  1.5972952  1.1920432
 2.036356   1.3368173  2.0741587  1.4011055  1.1547126  1.6960998
 1.4171367  1.2192572  1.3867248  1.4593568  1.3422359  1.6810024
 1.5254524  1.8147141  0.85394734 1.1803404  1.240174   1.7254058
 1.554684   1.6492718  1.401798   1.1958638  0.75849295 1.0566869
 1.6010722  1.0499568  1.5777154  1.822834   1.5730884  1.2353828
 1.6538292  1.5886625  1.7086104  1.9451498  1.8810614  1.5869044
 1.564262   0.6698908  1.2850254  0.9023198  1.7782456  0.9458336
 1.37771    1.5033182  1.1377099  1.5629522  1.4391805  1.2068518
 1.2865984  1.2210469  1.102902   1.586353   1.5099171  1.0759128
 1.3988333  1.5505959  1.2974173  1.6013173  1.6052454  1.7968539
 1.5331099  1.3255719  1.5310445  0.9908509  1.8486221  1.1530349
 1.8833001  1.2641561  1.5112185  2.2017562  1.8894172  1.6835464
 1.3956032  2.0433893  1.4253715  1.4462713  1.4511608  1.6630882
 0.86772925 1.7087862  1.4843239  1.6986754  1.859068   1.6171596
 1.6293852  0.9939277  1.7062413  1.7090205  2.0797052  1.4876554
 1.8835417  1.5263017  1.3232582  1.321498   1.2906226  1.830322
 1.4341401  1.0516802  1.6206976  1.3372247  1.380251   1.6953679
 1.5401648  1.2244362  1.4937954  1.3795797  1.4328024  2.2931416
 1.9128143  1.1310713  1.7737463  1.6074302  1.9046309  1.0041038
 1.7939699  1.7008933  1.723212   1.3108705  1.9152637  1.8270797
 1.4895276  1.5237961  1.677918   0.9794459  1.4370416  1.4559653
 1.4913664  1.1113303  1.7536248  1.4813029  1.670251   1.3440096
 1.8431693  1.6160672  1.3690244  1.3901905  2.161758   1.8023692
 1.1769928  2.0072653  1.8388709  1.6302856  1.6621239  1.3752065
 1.3296673  1.6636614  1.8471876  1.3732594  1.5008448  1.6329579
 1.6463732  1.2179288  1.0676147  1.4276731  1.4398094  1.2629684
 1.6635574  1.549226   1.6021304  0.59737194 1.8717397  1.3045996
 1.6962223  1.4215882  1.1377596  1.5718775  1.481714   0.9757353
 1.7412769  1.7613623  2.0512366  1.6797091  1.6987597  1.3226212
 1.5404062  1.5444417  1.3458664  1.4017456  1.7372283  0.90343684
 1.7836934  1.4470978  1.4760903  1.6412538  1.5939465  1.6720389
 1.6472114  1.5990313  1.8599031  1.4578699  1.0535859  1.4163481
 1.6292791  1.5388643  1.3607723  1.3566935  1.6496166  1.7354044
 2.1252975  1.9410291  1.2313354  0.523701   1.477443   1.4903197
 1.8647534  0.9190599  1.3520832  0.4575617  0.3791519  0.78478247
 1.7723567  1.4187156  0.9544023  1.1351757  0.52000946 0.5529811
 0.82554996 1.9018515  0.536303   0.27703232 0.13732815 0.59432626
 1.2909052  1.8610744  1.2987096  1.2759293  1.1060717  1.8012924
 1.441844   1.0993687  1.2006457  1.7673719  1.8392665  1.2840716
 1.724      1.1926575  0.9038957  1.3931651  1.8306098  1.4385514
 1.3725656  1.7942219  0.5900883  1.5143932  1.7477871  1.8545632
 1.7015862  1.659797   1.5327429  1.1949716  1.4916692  1.6449187
 1.9610434  2.0160825  1.5955783  1.3412855  0.9607423  1.5101442
 1.6221467  1.4305614  1.5557896  1.4411985  1.4371036  1.4697032
 2.0035489  1.4217507  1.4409608  2.2551558  1.1885926  1.4502019
 1.2839352  2.0683465  1.662366   1.5136961  1.8822482  1.5118321
 1.4017041  0.9789569  1.4619403  1.5211395  1.5378513  1.5866674
 1.619672   1.3144728  1.7976435  1.7483604  1.4783838  1.874178
 1.8725426  1.4792928  1.8629006  1.8632345  1.2261713  1.5108062
 1.1982394  0.79787904 1.074282   1.5986373  1.2329885  1.4290955
 1.6231633  0.73560596 0.5918857  2.1465437  1.7985309  2.0372324
 1.3061162  1.1921363  1.582932   1.6773196  1.4587591  1.4971969
 1.862418   1.7387738  1.6598505  1.787913   1.4336385  1.6447297
 2.0145614  2.312168   1.1476833  1.4365755  1.9443307  1.3225762
 1.4307449  1.8741243  1.4893554  1.7946509  0.9370739  0.84491855
 1.2823777  1.5363836  1.5028203  1.5752593  1.3345975  1.6149645
 1.3622587  1.9423462  1.5322043  1.9933047  1.1778808  1.0512763
 1.479533   1.6815821  1.4699323  1.6915585  1.9586978  1.6711435
 1.6456915  1.8259867  1.2902632  1.547102   1.7385793  1.4187433
 1.7458004  1.4482043  1.3983649  1.7909375  1.8524219  1.7800741
 1.5600641  1.6076614  1.5440938  1.1761943  1.9299796  1.3708202
 2.0183487  1.2029241  1.2871013  1.6713191  0.8116664  0.9367379
 1.2808012  0.70577055 1.745957   1.6676394  1.2392101  1.4463066
 1.8199896  2.2773128  1.8003327  2.2501261  1.8035047  1.323268
 1.4395899  0.8153799  1.442106   1.2060947  1.4550204  0.97218794
 1.0270875  1.6260744  1.9739149  1.7373568  1.357167   1.2834277
 1.5033526  1.3690863  1.5580534  1.3185077  1.2537011  1.1441147
 1.523764   1.9175096  1.3660705  1.2990704  2.1930904  1.5005212
 1.8679609  0.89498603 1.7642373  1.9102718  1.3174077  1.8490164
 2.0587146  1.3821108  1.5311471  1.7644057  1.7429454  1.8696153
 0.9750361  1.1092494  2.075328   1.9165097  1.1781191  1.3999364
 1.2778913  1.5570635  1.3183042  1.5491061  1.0465372  1.7209424
 1.2843536  1.6856501  1.5210817  1.7507609  0.81915146 1.9072833
 0.7067023  1.7494501  0.7128814  1.1982496  1.3856474  1.7611337
 1.4856489  1.5333185  1.6645141  0.79723096 1.4678276  1.2781163
 1.3954114  1.9200401  1.5087792  1.0215564  1.3513242  1.7375721
 1.4434239  1.564404   1.476156   0.8140129  0.5778232  1.389284
 1.716752   1.7563314  1.2709134  1.1746165  1.4461725  1.289705
 1.5391784  1.7241861  0.8560863  0.9287115  1.9114448  1.413788
 1.9348621  0.8434632  1.2716314  0.8170158  1.509486   1.094165
 1.2032217  1.4229145  1.7283307  1.9106035  1.6034986  1.0959805
 1.6253161  1.5088289  1.7163798  1.236587   1.019696   1.4086164
 1.531054   1.967381   1.4378976  1.0649853  1.6677316  1.6337584
 1.285541   1.7340336  1.4567231  1.5022894  1.8856503  1.7270681
 1.099208   1.3666124  1.852371   1.7761213  1.1909026  1.3957962
 1.5823659  1.5237638  0.79306495 1.1383971  0.8845602  1.5128802
 1.3996723  1.1000009  1.5613942  1.7135307  1.7177722  1.2614021
 0.873793   1.3805245  1.2258167  1.2766961  1.3660853  1.2302936
 1.7460039  1.6132065  1.8589256  1.5487471  1.3473411  1.7180314
 1.5112505  1.8196235  1.5824059  2.2134478  1.628363   1.3720994
 1.3743604  1.1326689  1.1668328  1.2907157  1.7493229  1.1698154
 1.1520908  1.2800652  1.3330129  1.1771259  1.4743855  1.7825415
 1.4126258  1.4767524  1.2388644  1.5425609  1.7822925  1.566689
 1.4920907  1.4161673  1.2971654  1.5722213  1.332208   1.6400492
 2.1689363  1.509276   1.2828124  1.5281632  1.6443617  1.3894466
 0.6131434  1.1306573  1.5800008  0.8343613  1.5007855  0.86435366
 0.646051   1.1004035  1.5410725  1.1726385  1.5494281  0.90623164
 1.900578   1.521429   0.9202882  1.2869042  1.0698134  1.7106756
 1.3386644  1.9890732  1.684548   1.9319912  1.4435188  1.7624835
 1.7592599  2.0267384  1.6194167  1.492696   1.4704168  0.64943695
 1.5738008  1.740574   1.657988   1.8037022  1.0688403  1.639414
 1.031149   1.253672   1.5732946  1.5068095  1.3230987  1.5833628
 1.6760597  1.2477674  1.30643    1.1411769  1.2354777  0.81953675
 1.1828827  1.1146622  0.8549227  1.5094357  1.6072731  1.0055629
 0.77418613 1.262885   1.5049328  1.6243097  1.8537046  1.4332018
 1.7390974  1.8193877  1.0147123  1.0731056  1.1622947  1.1481351
 1.3197389  1.8338633  1.1360877  1.0986075  1.3559837  1.7380617
 0.8894802  1.4313905  0.9291343  1.9316593  1.0786468  1.5781934
 1.1441226  1.5554609  1.7323893  1.3369185  1.5814997  1.3858036
 1.5882711  1.5178893  0.98215014 1.5167332  1.0960689  1.9756947
 1.278831   1.29189    0.6406316  1.181247   0.8768949  1.3514211
 1.8292452  1.3812588  1.3261782  1.7989172  1.2142131  1.5688719
 1.666843   2.0734906  1.4640614  1.8442715  0.8774353  0.86627066
 1.4300122  1.667441   0.6364009  1.5689296  1.3504269  1.7870028
 1.1000161  1.4273076  1.3848205  2.0194886  1.4413033  1.9103538
 1.8642148  1.5717268  2.0923843  1.0827516  1.8172598  1.771211
 1.9686786  1.0928476  1.7467932  1.2867947  1.7936494  1.5849509
 1.1808199  1.4330328  1.3723427  1.7296324  1.794957   1.3484652
 1.1500856  0.7830435  0.93931127 1.015605   0.6920793  1.5706645
 1.600869   2.1279294  1.3766531  1.4850762  1.0453619  1.6007186
 1.3250667  0.93533725 1.1565471  0.5223944  1.1084644  1.592884
 0.90538347 1.4089311  1.7084078  1.2941656  1.5768982  1.5117421
 1.1205989  1.8549182  1.7516797  1.2156699  1.4197948  1.8450514
 1.0182171  1.4070928  1.6252298  1.9928479  1.7864267  1.3378776
 1.851966   1.0837028  2.03602    1.5521057  1.4789853  1.7156163
 1.4823434  1.6029521  1.5023823  1.8728935  1.2011017  1.9660307
 1.8617666  1.9581674  1.3313241  1.7588646  1.2616181  1.5753133
 1.1007104  1.6142092  1.9539313  1.8649907  1.5382723  1.4661319
 1.7983402  1.7247558  1.7138844  1.5369918  1.2797686  1.5175176
 1.1874336  1.6871583  1.3055495  1.5924494  1.3785603  0.81295145
 1.6024208  0.8963998  1.1564819  1.692549   1.5733126  1.6040002
 1.6794224  1.5717607  1.1435858  1.168326   1.4663086  1.3616474
 1.573871   1.0989283  1.4872645  1.5715264  1.6491549  1.1896915
 1.402267   1.3997315  1.3913655  0.7705776  1.4881073  1.5708172
 1.5018793  1.4846629  1.4796156  1.4397731  1.185444   1.9126348
 1.1257203  1.4318979  1.191992   1.3273336  1.3902905  0.94475925
 1.7847868  1.1905187  1.3440567  1.0610883  1.6058161  1.5084801
 1.792393   1.9832783  1.3778499  1.7959481  1.2551547  1.8065759
 1.7902133  1.7309799  1.147948   1.6461928  2.2922049  1.4796242
 1.4745523  1.8708986  1.5233772  1.5981225  1.3567474  1.6370907
 2.032862   1.4601337  1.611607   1.3460507  1.6506073  1.9035603
 1.4982493  2.1672251  2.1366284  1.3391733  1.8070415  1.1412016
 1.1880156  1.017926   1.4129945  1.9369059  1.4768412  1.6713978
 1.0568124  1.3996817  1.687853   1.5424763  1.4072974  2.0383737
 1.6798115  1.946027   1.3697102  0.72469103 1.212779   0.91792387
 1.7037126  1.5255332  1.251981   1.114146   1.1735054  1.222407
 1.119883   1.1749979  1.0306885  1.3129647  1.5981833  1.1942464
 1.4674867  1.8365383  1.7544248  1.4996179  1.372401   1.7211527
 1.3679851  1.7410424  1.5442799  1.0087161  0.81632555 1.3785847
 1.6683908  1.869825   1.4405191  1.9222003  1.8216847  1.392297
 1.5055627  1.0504595  1.4581662  1.6451029  1.5827376  1.4941939
 1.5801743  1.6078951  0.75479764 1.4562424  1.8346282  1.8577578
 1.5887356  1.6973678  1.2251616  2.1385586  1.7173347  1.594107
 1.142622   1.4904407  1.7426924  2.0468278  1.8173125  1.6436588
 1.781575   1.5996194  1.9577873  1.5170106  1.6835934  1.3134043
 1.5204575  1.3349985  1.2168744  1.3926334  1.8592432  1.5212206
 1.368423   1.7632271  1.6195476  2.1547935  1.5579782  1.1997762
 1.2467277  1.197993   0.9528181  2.0177913  1.1885291  1.5049951
 1.3610796  1.4000729  1.2347343  1.7008228  1.2544801  1.5324707
 1.5000039  1.6909845  1.6631912  0.9542604  1.1776577  1.0002946
 0.96771485 0.7604603  1.8902591  2.1228628  0.8750451  1.7814146
 1.4492139  1.3485047  1.3913397  1.361756   1.4028995  1.7280854
 1.3992767  1.5510825  1.9989609  1.7952354  1.7457967  1.398855
 1.7752976  1.5852754  1.196707   1.9343452  1.6510177  1.5900044
 1.9034377  1.5016646  1.5473136  1.4677839  1.8075886  1.7167627
 1.3214225  1.4524307  1.2470969  1.5312613  1.4285271  1.4765632
 0.9955399  1.4247522  1.4040079  1.9532436  1.0288135  1.4521655
 1.4157459  1.626817   1.61288    1.3345068  1.3862854  1.4273508
 1.9819486  1.7220981  1.8812028  1.1951109  1.3620915  1.636362
 0.86555046 1.4730145  1.5109137  1.3682169  1.736272   1.7257667
 1.6802694  1.5628189  1.9723648  1.250002   1.1471931  1.4169133
 1.531876   1.5928907  1.685515   1.9079388  1.1865524  1.6391407
 1.2462406  0.88832515 0.59403884 1.3539828  1.7122395  1.543223
 1.6969547  1.9605649  2.0316112  1.7433783  1.5366153  1.8693732
 1.2351859  2.0095868  1.529389   1.3548311  1.573485   2.0727348
 1.5093831  1.7248894  1.4070914  1.5279629  1.5498327  1.864061
 1.4357723  1.1955976  1.8021679  1.1133764  1.6304605  1.7916006
 1.7263845  1.6032118  1.2301984  1.9234186  1.5662014  1.4167325
 1.0546921  1.0446854  1.6209923  1.221222   1.7875317  1.3247505
 1.6559986  1.531635   1.2170109  1.5472665  1.4857076  1.7355446
 1.2954432  1.7218226  1.432445   1.5557925  1.8455412  2.0104716
 2.0336409  1.5754431  2.0040083  1.4583608  1.8915228  1.5936581
 1.5383918  1.6221251  1.3615077  1.118391   1.2609566  1.3864714
 1.6178129  1.5784154  1.1118041  1.6280683  1.4234027  1.5641413
 1.1563795  1.401782   1.8971723  1.196239   1.112174   1.7814914
 1.4782257  1.5726017  1.5827155  1.27405    1.7483265  1.5860522
 1.6994088  1.2585227  1.8021785  1.5378867  1.6063948  1.9238958
 1.2477444  1.2668111  1.5612667  1.2620076  1.1521974  1.149744
 1.2611384  1.326987   1.8276223  1.5256512  1.5151993  1.115614
 2.170773   1.3086188  0.59506285 1.57301    1.1465797  1.996788
 1.371176   1.4283341  1.1076103  2.165525   1.473146   2.4783103
 1.314048   1.7963753  1.4082451  1.6985134  1.4797182  1.62363
 1.3011867  1.6081561  1.3827676  1.5863056  1.8585835  1.3611802
 1.8970894  1.5658458  1.6042345  1.577574   1.4069438  1.4092237
 1.0417958  1.6372083  1.1323603  1.4402202  1.168771   1.5710442
 1.1539818  1.2912745  1.8451773  1.6038278  1.9117867  1.852609
 1.7354618  1.1959064  1.0223951  1.4314134  1.8631566  2.1149304
 1.6318996  1.5919043  1.5109915  1.5660473  1.0861535  1.4689361
 1.6437035  2.1267507  1.6914115  1.7505579  1.3972484  2.1953535
 1.8847035  1.4231977  1.6484518  1.9139968  1.8708432  1.5105655
 1.8936279  0.7361093  1.5945724  1.3864683  1.5535172  1.1998434
 0.7171124  0.79368615 1.8161176  0.88561374 1.7038751  1.6450927
 1.4808592  1.6342146  1.2422272  1.2500609  1.6757989  1.7741199
 0.62622255 1.5304803  1.9994223  1.5282319  1.5205762  1.1926761
 1.5956117  1.5062312  0.9598619  1.4168938  1.8602912  1.4388579
 1.194623   1.2647911  1.449956   1.2039711  1.8861936  1.1105007
 2.3908186  1.6719879  1.3689598  1.3551611  1.7620264  1.4719826
 1.0554315  1.4979903  1.4513357  1.8601241  0.80969924 1.1427591
 1.5823485  1.1998764  1.2957295  1.7035009  1.212861   1.4981204
 1.5760703  0.7623828  1.7484456  1.8926477  1.0908244  1.8190864
 1.6089199  1.3781399  1.0452486  1.5975598  1.4415823  1.456918
 1.0808799  1.6947892  1.7923095  1.5828999  1.3466526  1.2607192
 1.8177708  0.95680034 1.3754884  0.99530154 1.5078875  1.1523731
 0.9802191  1.5632354  1.2473907  1.8228017  1.4614933  1.4543566
 1.6288126  1.7215277  1.9821274  1.1759119  1.1409891  1.2853813
 1.5353688  1.5014341  1.032317   1.6710061  1.3504324  1.5138993
 1.388411   1.3596401  1.5832427  1.6329744  1.390762   1.5755047
 1.386051   1.4783508  1.4447647  1.6856759  1.330238   1.7168893
 0.8479528  1.8596851  1.2349367  1.9048475  1.491916   1.4238763
 1.4277333  1.8941513  1.2766907  1.1120679  1.9452828  1.0055948
 1.7383275  1.5809792  2.2842393  1.7418163  1.571918   1.2691535
 1.8642113  1.4065422  1.3988187  1.7017798  1.1226102  1.2219332
 1.9220237  1.6362554  1.6656837  1.9432504  1.9650587  1.0646493
 1.5845563  1.3000654  1.3932226  1.5983279  1.6158549  1.259631
 1.6594261  1.7267722  1.9572223  1.5868719  1.9870778  1.4549602
 1.0356637  1.6545391  1.5697641  1.0774542  1.9135896  1.6574875
 1.6372688  1.315269   1.7244598  1.4592748  1.5940071  1.5908012
 1.492091   1.36399    1.262405   0.718991   1.1436902  1.3880643
 1.0142862  1.412864   1.2303449  2.4998212  1.7543539  1.4600673
 1.7699416  1.5229702  1.1984929  1.2214351  0.98037755 1.0164354
 1.3775321  1.0923223  1.2728695  1.6920961  1.7029243  1.5736669
 1.68117    1.7961078  1.7184087  1.2574372  1.4566792  1.730574
 1.5743327  1.593159   1.2473673  1.5444221  1.7834994  1.4540805
 1.7015145  1.5350313  1.3833885  1.5544636  1.3655672  1.4799948
 1.8371562  1.2388095  1.0534624  1.6885316  1.6864439  1.4950911
 0.9683342  1.0357841  1.0340209  1.2912804  1.4229065  1.0773343
 1.4278057  1.3545011  1.4513694  1.2399794  1.3453795  1.6492515
 1.5974854  1.4064999  1.763009   1.541021   1.485747   1.9365875
 2.041382   1.2775918  2.0095267  1.6087     1.7569251  1.0558558
 1.5672411  2.0429502  2.0770857  1.2858207  1.6616448  1.7045506
 1.4968652  1.2250851  1.2528815  1.5094833  1.9927478  1.0486027
 1.7903204  1.2534865  1.8184209  1.3870516  1.6630085  1.4242586
 1.0152365  1.7777486  1.4673891  1.1013055  1.8290808  1.6428711
 1.0016819  1.6059698  1.8647331  1.9652764  1.0136199  1.8602718
 2.2226484  1.4521359  1.6815159  1.8356926  2.0963478  1.5344118
 1.1959381  1.9354343  1.4737085  1.3146198  1.2846177  2.0632393
 1.2426039  1.3871806  1.5866798  1.4580828  1.4809464  1.3610348
 1.550621   1.3797774  1.3418665  1.438027   1.3631972  0.7794069
 0.97276026 1.7613219  0.8453451  1.4610264  1.9679743  1.3657948
 1.2714336  1.3327314  1.407854   1.1355194  1.7066461  1.9175936
 1.3426841  1.1123857  1.9678285  1.7416832  1.33875    0.94180626
 1.7484024  1.3030297  1.1403329  1.9806591  1.6562369  1.5273142
 1.818128   1.4870838  1.252429   1.5244375  1.1716279  1.119609
 1.2039422  2.1000733  1.4828781  1.8368601  1.1675309  1.866577
 1.7059447  1.144893   1.6725489  1.4338942  1.1675184  1.6015533
 2.344325   1.452419   1.6761789  2.0297458  1.3951169  1.4890932
 1.2880617  1.0590163  1.3760601  1.3230747  1.4416789  1.3316597
 1.6598552  1.4292961  1.5566697  1.2940093  1.9500221  1.7889446
 1.2673233  1.4736254  1.2554885  1.6310909  1.8126677  1.2142521
 1.578623   1.4393744  1.2920367  0.90025574 1.1670234  1.86343
 1.8826371  1.6724409  1.5808084  1.6211636  1.4565322  0.93175185
 1.0812968  1.1275554  1.4747452  1.2978064  2.159725   1.877255
 1.8207419  1.4520118  1.572484   1.1730936  1.7464154  1.7390643
 1.8998511  1.416549   1.0068179  1.7364495  1.6726043  1.5319632
 0.8361601  1.4037783  1.1639129  1.8009393  1.8615302  1.4862084
 1.244858   2.1319306  1.5546067  1.6141999  1.2732885  1.5030104
 1.5568465  1.9370792  1.6752821  1.5390223  1.7626584  1.5223687
 1.179052   1.7062213  0.9933691  1.2167038  1.0829629  1.3092796
 0.91404086 1.5548822  1.3862183  1.284454   1.7883551  1.7787883
 2.350621   1.7113729  1.551518   0.6566971  1.9062028  1.3830966
 1.5138366  1.7183774  1.1913749  1.0173284  1.328528   2.024741
 1.4069695  1.4409487  1.3721206  1.1436324  1.809324   0.6052423
 1.8510305  2.3743043  1.3631377  1.9553887  1.330804   1.6654297
 1.1613629  1.4098722  1.7393067  1.2797121  1.02251    1.6885704
 1.8480759  1.7666763  1.6383822  1.6424487  1.6612594  1.8310995
 1.5261157  1.5700911  1.8653003  1.4263936  1.3271116  1.911828
 1.0921351  0.7226948  1.9927443  1.1612622  0.87594104 1.2789437
 1.610156   1.6237118  1.6441827  1.6725676  1.6747841  1.9034106
 1.4635665  1.7058994  1.4555366  2.047982   1.8134257  1.6941239
 1.6568365  1.7688191  1.753462   1.8419876  1.799274   1.63382
 1.8960271  2.0927176  1.2281561  1.5137409  1.7514808  1.722175
 1.3928766  2.0111153  1.3606163  1.5910712  1.4901263  1.4249481
 1.4909464  0.9908068  1.158993   1.5167078  1.1008784  2.0342724
 1.845948   1.4456944  1.5691539  0.7816908  1.4292485  1.4111686
 1.4338341  0.8770297  1.1144164  1.1001319  1.2679734  1.0425711
 1.4697664  0.7413041  1.8092148  1.4204999  1.192665   1.7420725
 1.7637726  1.3580983  1.054663   1.0891955  1.0329778  1.4595212
 1.5579282  1.50642    0.9596926  1.6286637  1.7044424  0.7738897
 1.4458171  1.1782236  1.4980781  1.9052947  1.6139102  1.8770779
 1.2592043  1.1702007  1.776468   1.865399   1.2674596  1.1391374
 1.2215059  1.0471448  0.9539828  1.1991422  1.520025   1.160152
 1.7477329  1.3028662  1.5007346  1.6723617  0.9889219  1.7392445
 1.567582   1.2889988  1.7335948  1.4857264  1.500619   1.0380981
 1.8407294  1.6947987  1.7597198  1.7993377  1.5980842  1.7747749
 0.9685876  1.5233632  1.1003234  1.9257102  1.4554616  1.2847614
 1.3876822  1.7692083  1.8556634  1.1136867  1.7480885  1.3792809
 1.69649    1.8876543  1.2141567  1.6728458  1.4872133  1.5403723
 1.4742764  1.9644397  1.9944005  1.8008896  1.9189643  1.8944423
 1.8371941  1.5059819  1.3424832  1.7350211  1.6691749  0.98842984
 1.3857265  1.8388867  1.415913   1.6910425  1.9801803  1.6768681
 1.2373657  1.4630235  1.5962034  1.3585881  2.2453315  1.7702676
 1.5036672  1.2286608  1.4488026  1.729983   1.4674258  2.0205982
 1.2953612  1.3566976  1.4187536  1.1420841  1.8242143  1.7803184
 1.0696042  1.2342778  0.9446733  1.7365189  1.4359652  0.8522292
 0.97782594 1.2904779  1.6419888  1.7838554  1.5507576  0.91468257
 1.4326297  1.2650454  1.6643366  1.0777602  1.7784001  1.7551543
 1.779534   1.5647295  1.6122824  1.5017601  1.6936995  1.8156438
 1.4281334  1.6850281  1.7276659  1.73394    0.5089664  1.5634893
 1.8458022  1.6774315  1.9056503  1.342606   1.2759681  1.2815237
 1.4635074  1.3128035  1.7208871  1.4488146  1.3276013  1.4200805
 1.4350134  1.4005201  1.1547776  1.6752669  1.8776256  1.5692495
 1.1501778  1.4026986  1.4911364  1.5578287  2.1203113  1.4767438
 1.2119871  1.3021195  1.5802962  1.8373456  1.0250819  1.4297594
 1.6908724  1.2098566  1.7856371  1.9165196  1.9450319  1.6954103
 2.064382   1.2725595  1.688342   1.6349359  1.9733814  1.3666606
 0.8445769  1.3752719  0.86482877 1.2895014  1.5641588  1.1715482
 1.5614421  1.104612   1.4413954  1.2252371  1.402439   2.1498985
 1.717127   1.4548382  1.4964997  1.6561258  1.1326164  1.8073405
 1.1201748  1.4999514  2.2273524  1.5600446  1.6502388  1.2168318
 1.3384748  1.9432358  1.2624323  1.5201412  1.3857805  1.1559887
 1.7601578  1.2964125  1.585091   1.796569   1.7649975  1.4764582
 1.3693931  1.591884   1.8080628  2.0613868  1.5538282  1.8048712
 1.2733319  1.7022218  1.7965996  1.5031383  1.2052069  2.0712838
 1.554369   1.9961644  1.3219236  1.9000783  1.3526711  1.7381128
 1.506471   1.690723   1.2676903  1.73885    1.6790643  1.7350878
 1.6658852  1.6559554  1.33678    1.622381   1.2624694  1.4343202
 0.9440975  1.7371409  2.358874   1.7530247  1.5641975  1.596094
 1.2136575  1.5107145  1.2694424  1.254981   1.5018436  1.2649628
 1.6181366  1.2384275  1.5232261  1.5754272  1.3637707  1.457508
 1.502164   1.0949639  1.4730232  1.6581985  1.3828231  1.230571
 1.4498649  1.286256   1.0472859  0.8651496  1.1596651  1.7310418
 0.9853158  1.5698704  1.4173001  1.0370891  1.7673067  1.1530324
 1.4022803  1.5238383  1.6056695  1.3797989  1.5742271  0.86310905
 1.7397579  1.4336656  1.5600363  1.3295647  2.034226   1.5214171
 1.8068576  1.7536558  1.3301178  1.7583113  1.1799103  1.3075181
 1.0806466  1.7014171  1.6814313  1.2377208  1.5787581  0.6499669
 1.5339863  1.9462299  1.44166    1.880226   1.4546618  1.3338541
 1.9793946  1.1154898  1.9647971  1.4893637  1.9056407  1.5455488
 1.2320768  1.6396513  1.019529   1.5995445  1.206693   1.3760314
 1.8903204  1.3275912  1.1171567  1.141339   1.0652881  1.4986684
 1.2296461  2.2246203  1.177155   1.8930182  1.5974977  1.6846383
 1.4537262  1.5945312  1.6119816  1.2852447  1.0218059  1.8853457
 1.5201261  1.3460633  0.92488843 1.6103171  0.5298745  1.5399001
 2.1761408  1.6850404  1.3958638  1.7037673  1.1900195  1.7214646
 1.7127664  1.1881193  1.2606053  1.7564509  2.1185508  2.0723996
 2.3100736  2.2179027  1.8706299  2.0266638  1.348377   2.055529
 0.8860163  1.1459436  1.5592904  1.2816824  1.1273129  1.2055892
 1.6030885  1.2979167  1.5136538  1.4784881  1.5785687  1.307374
 1.7126175  1.7201916  1.5167203  1.7732651  1.8295302  1.0900124
 1.9835016  1.6039633  1.5840894  1.5847744  0.94976866 2.1196241
 1.5572975  1.9026945  1.4610093  1.9088997  1.5435917  1.437163
 1.6669974  1.5238054  1.4355131  1.0176234  1.2397298  0.9168157
 1.8253914  1.6174119  1.6569287  2.134067   1.790137   1.6527153
 1.469005   1.1389744  1.7442812  0.48654184 1.755017   1.2410814
 1.3745904  1.1611671  1.5275595  1.6542022  1.0009353  1.8190614
 1.7158489  1.1045526  1.3564184  2.1236534  1.5376568  1.2962337
 1.6096967  1.8378639  2.0539668  1.1823196  1.4706894  1.1169107
 1.7109784  1.6005739  1.2158865  1.2828455  1.6731867  1.6927696
 1.7752413  1.4860339  1.671186   1.4124867  1.6295449  1.5248426
 1.9033868  1.648499   1.8155652  1.6891724  1.8141341  2.031578
 1.1764967  1.6612697  1.4700031  1.8306535  1.7387425  1.5444893
 1.5487138  1.5005621  1.8285643  1.3743014  1.3312765  1.4105316
 1.6597114  1.1552845  1.3365663  1.5363544  1.595341   1.3258673
 1.7768326  1.5846736  1.0949101  1.2001154  1.4038063  1.8973852
 1.3781911  1.9687445  1.4718058  1.3517256  1.5658674  1.428511
 1.2092866  1.6182828  1.7653178  1.2721623  1.239886   1.3406668
 2.1044796  1.0294544  1.5780303  1.824296   0.63572204 1.4219766
 1.4198931  1.4655137  1.5453761  0.67017984 1.5400258  1.6212652
 1.0706654  1.5266099  1.5185186  1.3182989  1.5116403  1.9705962
 1.6690625  1.6592227  1.6934358  1.5634303  1.2958184  1.4683867
 1.7169907  1.5673063  1.6307005  1.4369167  1.6748772  1.0667771
 1.8850828  1.6524472  1.5472921  1.7429302  1.3382304  1.8078276
 1.5318617  2.193748   1.3949001  1.3789549  1.033524   1.4119719
 1.5207795  1.5755577  0.8244821  1.3671986  1.0891031  1.6901817
 1.5811858  1.5599352  1.5965801  2.3648274  1.5449005  1.2896091
 1.6117496  1.5245035  1.4523189  1.2052579  1.5687497  1.3196341
 1.7728158  1.3044218  1.7484846  1.5627694  1.8816192  1.9226565
 1.6924158  1.3473328  1.9479357  1.8707364  2.1836414  1.7029196
 1.7181078  1.8047037  1.5426692  1.1741676  1.5023518  2.2387512
 1.6648797  1.6021854  1.3111511  2.4454362  1.9446411  1.7308517
 1.657828   1.1774995  1.3775114  1.4295648  1.4038625  1.815842
 1.4927291  1.7456397  1.3120911  1.8213686  1.4366844  1.3029355
 1.1239427  1.7067616  2.1775846  1.5753351  1.4408662  1.6714321
 1.7975814  1.912242   1.8942986  1.0714624  0.9366303  1.626961
 1.7770014  1.5626646  1.7782665  1.6320133  1.4185495  1.1728888
 1.8622843  1.3519883  1.6210413  1.5991037  1.4136238  1.760676
 1.7640752  1.744722   1.6100296  2.0201914  1.8132539  1.7391356
 0.9778855  1.6732211  1.5412238  1.5931678  1.7382495  1.9094031
 1.4321812  0.9448323  1.6994907  1.2102269  1.6907055  1.239007
 2.1490717  2.09235    1.9470991  1.5333557  1.3850614  1.4022919
 0.95312464 1.5524622  1.6941042  1.5163814  1.5896567  1.6191062
 1.6835225  1.5796695  1.4458334  1.5793688  1.4873593  1.4967498
 1.3674095  1.4145653  1.9796106  1.8990138  1.5899022  1.401828
 1.8557796  2.090007   1.9698974  1.5747496  0.4715996  1.870544
 1.455616   1.6602294  1.7634811  1.3889755  1.7053735  1.9886009
 1.4104178  1.5805012  1.1954205  1.3249091  1.590199   1.3006519
 1.665918   1.624264   1.4246815  1.6608044  1.4869534  1.6245666
 1.7033601  1.4839535  1.7237877  1.7832056  1.5682223  1.3632401
 1.7531611  1.3013273  1.0790389  1.6716528  1.5013125  1.7840608
 1.5119025  1.4592139  1.0166397  1.7586673  1.1983775  1.2760757
 1.4181621  1.6012679  1.8808305  1.6567452  1.340403   1.2789774
 1.1836466  1.8070884  2.00501    1.2110016  1.4082886  1.74762
 1.9010316  1.2471042  1.6434172  1.3946127  1.5778766  1.7577273
 1.4206297  1.6477029  1.3581345  1.9858131  2.0689738  1.2543708
 1.4465119  1.552042   1.7352064  1.4906157  1.2398009  0.9668213
 1.7603761  1.5292639  1.4177066  1.8200604  1.6505727  1.3764117
 1.0998642  1.4458653  1.1153078  1.4524697  1.0994388  0.9823735
 0.6777351  1.6714191  1.5433441  1.7883767  1.5826705  1.5555736
 0.7547387  1.3947874  1.2908776  1.4161158  1.515896   1.1727202
 1.7968562  1.4002727  1.0753824  1.7902561  1.5242735  1.8281357
 1.3612103  1.7184709  1.2896942  1.5258944  1.4013679  1.3565099
 1.680648   1.2085445  1.6319653  1.210262   1.670961   1.994074
 1.5477953  1.8149246  1.5818176  1.7856927  1.5976533  1.3744888
 1.7893687  1.1252608  1.5055513  1.379356   1.5018489  0.98853385
 1.5297624  1.1429327  1.4877487  1.3068261  1.9617085  1.7022151
 2.0227818  1.6824323  1.7433883  1.8257972  1.7122526  1.277712
 1.5387704  1.4145324  1.8389578  0.9580098  1.3564223  1.2644072
 1.4009719  1.6859301  1.1056578  1.6775388  2.2616951  1.0619463
 1.4443842  1.7017776  1.6359689  1.2358044  1.1979089  1.3851948
 2.1720316  1.7048893  1.3753154  0.8567168  1.531384   1.255029
 0.8979567  1.6090767  1.5364019  1.5274029  1.5330842  1.8584926
 1.2221295  1.2790245  1.0292035  2.0113847  1.251439   1.7564144
 1.6116627  1.0620879  1.6535453  1.6264294  1.4848406  1.2856696
 2.1315088  1.7056116  1.6372627  1.3011956  1.5431261  0.7776685
 1.787378   0.9670372  1.4801133  1.2895676  1.5001279  1.3625822
 1.0570115  1.9150423  1.2450626  1.2074     1.372082   1.1779569
 1.5671185  2.0720184  1.5513185  1.9994853  1.4075624  1.588445
 1.6842239  1.2432013  1.6567763  1.046155   1.7079266  1.3889866
 1.4420794  1.7523292  1.4062473  1.9091673  1.3236254  1.7921368
 1.9617127  1.8303082  1.0326407  1.4648505  1.5742404  1.7359055
 1.761621   1.9815131  1.0978453  1.4286468  1.4159178  0.9535736
 1.018112   1.2486403  1.5769702  1.3027136  1.6525228  1.2827604
 1.5199816  1.8670558  1.4262589  1.0857519  1.3626649  1.2863648
 1.1009022  1.2854326  1.5737094  1.1770546  0.915408   1.5630504
 1.2654238  1.4714462  1.7817326  1.2146242  1.45573    1.6837441
 1.2543029  1.1383733  1.1466815  1.7952315  1.1001269  0.895583
 1.0589746  1.8269272  1.2458609  1.3849951  2.0449362  2.3079324
 1.8304361  1.5093107  1.3505033  1.3850377  1.7205118  1.2633154
 1.2583337  1.2602099  1.5418303  1.2653828  1.4631017  1.6991856
 2.144203   1.4114181  1.49477    1.3170748  2.2009714  1.5318886
 1.2617066  1.7154036  1.0327425  1.4065979  0.935644   1.3591417
 1.7998989  1.8219756  1.2152547  1.5042897  1.5990698  1.4332794
 1.1399608  1.6610799  1.2346754  1.3470013  1.9555165  1.2572079
 1.2830704  1.6539258  1.6192509  1.697326   1.4992552  1.483775
 0.8246872  1.1981971  1.2257267  0.98083514 1.8798267  1.5079893
 1.7562191  0.9542579  1.5283624  1.8222419  1.5474957  1.4845904
 1.377725   0.80166185 1.2190039  1.3158147  1.4080201  2.0193734
 1.6418386  1.725846   1.4891483  1.5947323  1.267185   1.6283959
 1.696791   1.6520829  1.7788411  1.7731601  1.4499621  1.4426004
 1.4395037  1.0231979  1.3873765  0.9614054  1.2757437  1.6346154
 1.1602685  1.5967646  1.9164566  1.6472789  1.7831434  0.7263005
 1.5062554  1.4945898  0.87834287 1.6362468  0.91742015 1.7486944
 1.9468182  1.8224587  1.4779453  1.2903779  1.1172479  1.4559739
 2.054372   1.5242369  1.8679876  1.7037     1.464672   2.014854
 1.7464883  1.0084442  1.9845206  1.6304209  1.5569885  1.03575
 1.1341374  1.412661   1.543958   1.1925056  1.5040805  1.4916039
 1.5710486  1.6210107  1.7142613  1.8775183  1.5394413  1.3704276
 1.3985652  1.8603289  2.0731463  1.535516   1.3708096  1.0155412
 1.0133523  1.4080464  1.2872444  0.5211951  1.0420144  1.4653782
 1.4095552  1.4860325  1.7968298  1.1210524  1.8331542  2.1952085
 1.3200564  1.2153207  1.3889617  1.2523859  1.0939966  0.8605115
 1.184417   1.0920525  1.5919596  1.5569947  1.5034888  1.645475
 1.1195484  1.6493554  1.428584   1.580897   1.8760641  1.7424358
 1.130521   1.6121755  1.6502272  1.951287   1.5874567  1.4144592
 1.404678   1.5377648  1.3233341  0.9081362  1.2559525  1.6954945
 1.6468184  1.8214418  1.632735   0.9386313  1.5641085  1.5530995
 2.0787876  1.4972456  2.1193678  1.8131653  1.6908702  1.0768479
 2.0565073  1.9589294  2.1516345  1.9649305  1.308839   0.8749167
 2.0125885  1.9395155  1.7979485  1.5765593  1.6502721  1.210592
 1.8275373  1.3470144  1.8300006  1.0451003  1.4994904  1.825082
 1.6086805  1.9244987  0.76900864 1.5061597  0.98141545 1.6319956
 1.358004   0.9825302  0.63391453 1.638733   1.7693031  1.1010917
 1.46154    1.4800311  1.135612   1.1725843  0.882291   1.2625507
 0.839801   1.042466   1.1822221  1.7529274  1.8913096  1.6807649
 1.8132192  1.425235   1.744995   1.1382602  1.598611   1.1039915
 1.9047847  1.6205941  1.072024   1.3087387  1.7050723  1.3449445
 1.7729076  1.7157502  1.5933843  1.5931957  1.9112735  1.9840707
 1.4631935  1.9269311  1.9673392  2.075259   1.5627027  1.3989583
 1.5668086  1.6197243  1.7545155  1.1859468  1.1369941  1.2257222
 1.4220471  1.7126149  1.4236852  0.9606677  1.3020833  1.582366
 1.2765458  1.1056268  1.5238082  1.5818903  1.8014547  1.5723684
 1.07256    1.6874098  1.9390881  0.7713228  0.72754645 0.7939884
 0.54499745 0.6960059  0.7896791  1.0013034  1.8344367  1.7966431
 1.4096519  1.3183523  0.91257125 1.126668   1.9376352  1.4048867
 1.9587249  1.6785215  1.1862519  1.8546617  1.9560319  1.1866786
 1.2277616  1.6277183  1.9141585  1.3199242  1.1408361  1.1085887
 1.1565317  1.7776321  0.92417735 1.6729052  1.0980448  1.2128553
 1.084564   1.5914075  1.5663244  1.1813879  1.1504182  1.6660777
 1.5923752  1.6699079  1.6444669  1.3457866  1.6607789  1.4965718
 1.4081956  1.5544147  1.3313171  1.7427372  1.5691667  1.5267092
 1.2699381  1.9324144  1.2978832  1.4017311  1.2026798  1.3457596
 1.6849016  1.7241083  1.302017   0.7733672  1.690141   1.7710361
 1.462925   1.7700804  1.2587181  1.616542   1.8022225  2.229138
 2.2747972  1.253931   1.5404086  1.8900509  1.4839289  1.0984136
 1.356066   1.4270308  1.6647606  1.7918124  0.76448226 1.4821016
 1.3937303  1.3635678  1.7738897  1.632127   1.5001833  1.515254
 2.0496125  1.6381532  1.5883617  1.3129456  1.1330932  1.8479964
 1.2060032  1.102866   1.3587246  1.5431198  1.565674   1.6837924
 1.5053693  1.2829005  1.590605   2.0785449  1.7564017  1.2970141
 1.3700354  1.7345263  1.5527263  1.7586839  1.6062026  1.5418305
 1.6479132  1.6070423  0.8337081  1.313      1.0535946  1.7450732
 1.6243505  1.7834951  1.9288744  1.8388796  1.7433932  2.2340894
 1.788613   1.1852778  1.004721   1.3515022  0.9774345  1.0264513
 1.0911974  0.884972   2.0197144  1.7320943  1.7218333  1.0085564
 1.8142953  1.0921681  1.693757   1.7582134  1.9364477  1.345759
 1.5484372  1.2134364  1.4740152  0.9635662  1.6360657  1.9176996
 1.7541267  1.1869142  1.2932749  1.7647907  1.1961716  1.7789035
 1.7034912  1.4003937  1.5801541  2.1175616  1.5237274  0.91176355
 1.0565227  1.8038061  1.3319571  1.691166   1.601258   1.6098145
 1.5403095  1.2814016  1.6050212  1.832845   1.8419524  1.277571
 1.1999288  0.844944   0.7444949  1.2911404  1.4648107  1.0855744
 1.4270059  1.8846418  1.3137616  1.7679775  1.6049925  0.9862502
 1.2844242  1.7240018  1.2442515  1.5214769  2.043188   1.3336918
 0.9363173  1.167511   1.0700104  1.7705365  1.1757941  1.6646385
 1.3907915  1.0763955  1.0525823  1.3203844  0.7883082  0.9644925
 1.7857698  0.8781215  1.3765357  1.3435049  1.290633   1.6580032
 1.2035121  1.5956728  1.0767714  1.6537117  1.6696646  1.0471588
 1.1036214  1.5456347  0.9501941  0.91307837 2.0164368  1.5761342
 1.8100848  1.4870939  1.2477248  1.4079957  1.8339812  1.4375199
 2.1578124  1.7170498  1.829183   1.705242   1.2321509  1.0096262
 1.391105   0.8942808  1.4392111  1.3434638  0.98294586 1.6287374
 1.709773   1.274688   1.8073847  1.6049297  1.874956   1.0828518
 1.4094777  0.9711992  1.3637564  1.8969998  1.7988299  1.4306254
 1.637758   1.502593   1.5266563  1.5709193  1.5890137  2.2504385
 0.85368586 2.115259   1.2630932  1.8830688  1.9791939  1.0417372
 1.1514943  1.7480544  1.7259372  1.7715082  1.6152031  1.5328143
 0.92819554 1.623253   1.7092683  1.7429812  0.93735266 1.4527357
 1.2704375  0.7643671  1.2915465  1.4250771  1.4600946  1.7763876
 1.1597934  1.3021001  0.8985796  1.6084704  1.198131   1.1698918
 1.6423017  0.848636   1.1380402  1.3128675  1.1893711  1.6454374
 1.0923357  1.3502918  1.2838688  1.9286323  1.5672106  1.3150511
 1.1562033  1.1700561  1.3534667  1.2154063  1.3264478  1.9748313
 1.8902895  0.9511204  0.8798492  1.126993   1.0568538  1.9015164
 1.9425594  1.5070472  1.0445038  2.0034287  1.3004179  1.8430648
 1.2051945  1.8934181  1.48098    1.7512898  1.306128   1.0286597
 1.3457005  1.1582966  0.9846272  1.8397084  1.6936845  1.1098739
 1.3179263  1.435354   0.94798255 1.2658801  1.218954   1.3453913
 1.4987897  1.5804709  1.1610436  1.4272768  2.2451856  1.5725673
 1.8118191  1.5973719  1.6080201  1.8621995  1.7102541  1.3346939
 1.6869329  1.2931323  1.4719058  1.1611179  1.1656852  1.4088478
 1.5564146  1.5613871  1.2365508  1.3736702  1.1829466  1.881793
 1.1561414  0.7572071  1.7802292  1.4440001  1.3469371  1.4126434
 1.3026013  1.5744511  2.0471969  1.526305   1.2640126  1.3245525
 1.5158378  1.1148413  1.7670494  0.9647932  1.6917683  1.54893
 1.5739849  1.8135585  1.7410256  1.4422716  1.3029186  1.8571544
 1.027241   1.4434103  1.2211386  1.5753609  1.7999411  1.2542206
 1.3690473  1.6239933  1.1855502  1.5234745  1.7748286  1.7860085
 1.5952142  1.6843884  1.8715882  1.6283784  2.1015606  1.028283
 1.4759402  1.666889   2.0360892  0.81096554 1.2814689  1.5626172
 1.4312689  1.6948843  1.0674158  1.3353448  1.1750503  0.6777243
 1.2609851  1.7149013  1.8043323  1.5362864  1.0765635  1.5146015
 1.7671766  1.5829377  1.6293943  1.3154583  1.3675705  1.0325706
 1.483991   1.3428574  1.070761   1.1825248  1.8089513  1.7315128
 1.616359   1.0572942  1.7720371  1.6112067  1.1537138  1.5988929
 1.5937781  1.3648826  1.0997658  1.314874   1.1707964  1.1703277
 1.213778   0.8827544  1.2629228  1.4399352  1.2377765  1.7495071
 1.7701722  1.5197439  1.2145041  1.8468797  2.0090024  1.7750307
 1.5119468  2.1839666  1.1406237  1.8053323  1.6040711  1.812811
 1.1141417  1.0902848  1.859227   1.7355248  1.4291285  1.850717
 1.1161399  1.232234   1.4554843  1.112536   2.321848   1.4481932
 1.8826166  1.6263846  1.7956877  1.1921089  1.3719041  1.520686
 1.8791806  1.4521887  1.6749477  1.1757256  1.5526297  1.4636909
 0.99954665 1.6504891  1.3172262  2.0463562  1.451282   1.6734252
 1.719236   1.4082074  0.9421379  0.67561245 1.6607871  1.5170543
 1.4461244  1.5034654  1.6735594  1.4128921  1.8920634  1.5761601
 1.8522189  1.520563   1.7469263  1.0881503  0.8964454  1.918127
 1.2777197  2.020307   1.705032   1.8622954  1.4973912  1.5291334
 1.9418193  1.6411101  0.86823237 1.744183   1.905685   1.3489133
 1.6024191  1.7731165  1.8296447  1.2272937  1.7323192  1.9584674
 1.0495179  1.2230403  1.4862385  1.7228473  1.3326247  1.8014393
 0.9683186  2.0325458  0.9313296  0.9655874  1.3710879  1.0793419
 1.0174614  0.9605586  0.95627207 1.4883969  1.4468976  0.8667897
 1.5651023  1.245787   1.3001311  1.4104776  1.708966   1.1237812
 1.1051123  1.2538954  0.6525638  1.6929529  1.3839003  0.7628174
 1.604657   1.2841592  1.3606936  1.2148938  0.91068226 1.2821052
 0.9493392  1.158628   1.5819441  1.138495   1.3881062  2.2060444
 1.5026131  1.1166315  1.8328696  1.133549   1.6096462  1.7316893
 1.8352779  1.250592   1.5250294  1.2920961  0.8826085  1.0503423
 1.1629376  1.1242049  0.66932315 0.8321652  1.7621347  1.379268
 1.2546091  0.8051149  1.2093427  1.5579753  1.3745013  1.9898412
 1.6360034  1.8226178  1.5737182  1.734374   1.8802323  1.2128695
 1.2756001  0.84977406 1.6025885  1.6950624  1.1874355  1.5992551
 2.2529583  1.7115915  1.646813   1.9085011  1.5280751  2.0660582
 1.5350176  1.1892769  1.6363856  1.8545022  1.077742   2.0579476
 1.6204071  1.9911513  1.750077   1.350628   1.5863053  1.8780272
 1.7238638  0.93562067 1.1177039  1.6601406  2.0725396  1.1116481
 1.0094563  1.2171359  1.3291602  1.077582   1.1967854  1.5109537
 1.1158035  0.88453424 1.2452177  1.567892   1.3905343  1.087992
 1.8194026  1.5183862  1.270429   2.0296507  1.7086288  1.6671075
 1.8279684  1.5920808  1.5513314  1.1474162  0.98578143 0.87163955
 2.0174994  1.3995159  1.4117305  1.7643371  0.85427964 1.214775
 1.0378534  1.1456754  2.1446333  1.6704328  1.4264363  1.2685233
 0.9956167  1.5800234  1.8070837  1.8060241  1.7856531  1.599279
 1.9672195  2.1433794  1.9074085  1.6540018  1.9964169  1.2528611
 1.7791723  1.728109   1.2914356  1.7764746  1.0414594  1.5366536
 1.353798   2.080366   1.4943861  0.95728374 1.1786685  1.4449807
 1.4620147  1.2110492  1.7733345  1.5717639  1.391495   1.6831633
 1.1934986  1.8094412  1.6172427  1.3289721  1.9945929  1.932668
 1.4484053  1.1745557  1.7576869  1.3998226  1.1602995  1.103872
 1.6788679  2.075418   1.4238969  1.3105961  1.8188486  1.0255101
 1.1138896  1.5416832  1.4086891  1.0182067  1.4911374  1.7928989
 1.4139872  1.405559   1.4469006  1.5245913  1.0234481  1.0357313
 1.0337636  1.5952808  1.6962199  1.59265    1.6532393  1.2645758
 1.4894258  1.6895491  1.607069   1.4251497  1.1674826  1.2941453
 1.6382147  1.331775   0.9634391  1.5972831  1.0941445  1.741028
 1.9090539  2.0755832  1.1513233  2.0453198  1.8492528  1.8284461
 1.4990433  2.0807223  0.8908744  1.2427596  1.9978892  1.8365377
 2.0527818  1.2189374  1.2855852  1.6936275  0.97463995 1.7779977
 1.3839773  1.7604613  1.4297514  1.5554599  0.8161093  1.5297664
 1.3576267  1.5707629  1.486265   1.8481338  1.3663094  1.4684771
 1.4342885  1.2501684  1.817668   1.8010926  1.2069812  1.343854
 1.2370485  1.4715264  1.6459533  1.3213192  1.6358362  1.1874032
 1.2295161  1.2570218  1.7628697  1.0876558  1.263442   1.3338856
 1.2370192  1.2432956  0.9494129  0.61203474 1.6965443  1.3144878
 1.3232296  1.4107021  1.35965    0.7440893  1.0348225  1.5625991
 1.6985946  1.1427267  1.679095   1.7235847  1.8870227  1.1298603
 2.084824   1.6158621  1.7942922  2.0192225  1.669127   1.5374231
 1.8992493  1.8049306  2.1164842  1.6853106  1.7012191  1.3758789
 1.4245224  1.0837665  1.5527925  1.591319   1.2567538  0.9134818
 1.9315623  1.1327758  0.9586973  1.7731202  1.3692157  1.4648893
 0.92445976 1.3752304  1.7263272  1.5982515  1.5650918  1.6841508
 1.7680049  2.1778147  0.8470836  1.5434693  1.4161537  1.8043312
 1.1022067  1.5505769  1.4271367  1.8405654  1.2498765  1.723951
 1.4436634  1.0586762  1.1828825  1.9053347  1.6955436  1.3579278
 1.6817601  0.72089547 1.2399435  1.1178904  1.183516   1.7657597
 1.7420918  1.52561    1.5203902  1.0632316  1.2299558  1.4988716
 1.4419981  1.1159574  1.3772533  1.5045227  1.4056625  1.6893822
 2.158834   1.7077703  1.7602906  1.8295019  1.182872   2.026817
 1.5441312  1.6661153  1.2560667  1.7956753  1.2847384  0.98843145
 1.6289098  1.6559944  1.3673115  1.8762294  2.2098336  1.2508601
 1.8838623  1.7737005  1.8409208  1.2791053  1.9706143  1.6202528
 1.4860226  1.8725338  1.294151   1.9422106  1.3031932  1.5588845
 1.3781221  1.297565   1.1095247  0.98241425 0.7561959  1.0620855
 0.99582237 1.8750529  1.6080686  1.7369027  1.3854753  2.0426471
 0.9423691  1.5501906  1.4972903  1.9259403  1.8285389  1.8960589
 1.8989835  1.656207   1.0771188  1.6725078  1.1166463  1.5734259
 1.5106493  1.9158516  1.4205613  1.859934   1.910198   1.8058983
 1.6864083  1.6897537  1.7865429  1.6381788  1.533103   1.7162466
 1.7596176  1.3631432  1.7919003  1.9121058  1.2426649  1.4983824
 1.5073254  0.7220788  1.2363362  1.6054265  1.330125   1.4958832
 1.0456935  1.5676359  0.83919543 1.6451557  1.1626844  1.4637976
 1.3969259  1.2510355  1.4863217  1.5975524  1.4438311  1.5764194
 1.0065216  1.6291807  1.602278   0.9164671  1.4076803  1.7411842
 1.3873899  1.5622976  1.7050738  0.8694184  1.3669754  1.6392655
 1.136911   1.6198232  1.5802227  1.5471691  1.605971   1.4400395
 1.2878587  2.0300076  1.5573599  1.5480155  1.7977442  1.8898025
 1.2336667  1.9663937  1.6688066  1.0839549  1.706122   1.624891
 1.3637921  1.6318581  1.8971242  1.5673962  1.7885841  1.6801932
 1.6611321  1.131443   1.2129582  1.6215687  1.6981821  1.8973001
 1.6825273  1.8163135  1.7419373  1.771934   1.6425154  1.4345529
 1.410615   1.3434334  1.2698174  1.6926186  1.7402626  1.7654529
 1.7206312  1.3451794  1.5398755  1.5452429  1.4560474  1.3011144
 1.8201072  0.91102505 1.6609162  1.6812136  1.5010895  1.3501732
 1.2189617  1.6452168  2.1385877  1.2505907  1.4905246  1.6229521
 1.6940321  1.417602   1.7281035  1.5658709  1.805804   1.0499434
 1.5482757  1.8436927  1.2573812  1.7951609  1.8630253  1.4979589
 1.1263503  1.484962   1.4805737  1.8019263  1.7806264  1.1757327
 1.7274969  1.4992771  1.4077793  1.6672345  2.1664925  1.7315664
 1.9205401  1.7313491  1.3211315  2.0118468  1.631029   1.1952285
 1.8404601  1.6428928  1.3187518  1.089156   1.4757589  1.4925586
 1.1625459  0.56588125 1.7130475  1.8374857  1.6615747  2.1016695
 1.9682664  1.5838354  1.7269411  1.2198056  1.5824068  1.8657955
 1.0500399  1.8920563  1.8244545  1.4510953  1.282126   1.4956305
 1.6412189  1.4317551  1.5544012  1.7309704  1.5524802  1.8219688
 1.7244806  1.9992989  1.3703715  1.7122475  1.6003028  1.7241067
 1.3947333  1.534237   1.0135881  1.9213364  1.8360294  1.3114531
 1.9573514  1.6583899  1.6128968  1.9709536  1.4898914  1.7031626
 1.6683325  1.8296801  1.9735421  1.7205702  2.0166948  1.4983156
 1.4500331  1.0779212  1.4552014  1.3509822  1.0242273  1.627431
 1.2073654  1.7740296  1.218843   1.2723553  1.4440168  1.115085
 1.810121   0.87862444 1.2537247  1.2986907  1.8249838  1.1763072
 1.5957298  2.0885706  1.6279083  1.1724868  1.3671703  1.5103161
 1.524415   1.9440123  1.6253843  1.2627728  1.8784515  0.9111873
 1.1108475  1.6606529  2.2062402  1.2136391  1.5658464  1.4038306
 1.2840874  1.9465557  1.3639104  1.1038862  1.7671643  1.1127218
 0.45818964 1.4745071  0.81000334 0.9222116  1.3998642  1.4552399
 1.7687775  1.6640813  2.2540238  1.2144059  1.284448   1.4907182
 1.8059484  1.3724695  1.4157586  1.35113    1.8783354  1.3468647
 1.3628607  1.4608185  1.7185411  1.8183284  0.97094417 1.9657323
 1.6551286  1.4409255  2.1936016  1.712251   0.9828205  1.6940135
 1.3670963  1.4966893  1.195389   1.540993   1.3475655  1.4878942
 0.9324802  1.9252341  1.4027648  1.803702   1.6092231  1.81191
 1.7950083  1.4890814  1.2600445  2.1106288  1.5057698  1.8903726
 1.1557323  1.4028368  1.4182643  1.1371744  1.4236661  1.18385
 1.0867329  0.92513865 0.71524584 1.528834   1.9874171  1.5316113
 1.5586225  1.325616   1.5450753  1.9798467  1.401092   1.342574
 1.854536   1.2804126  1.2945396  0.84131163 1.7891701  1.3949308
 1.3994719  1.5288585  1.900225   1.1336613  1.570218   1.5194912
 1.3844209  1.5277718  2.0630927  1.0411556  1.3243115  1.312827
 1.0717489  1.7483314  1.9358484  1.8436145  1.8177787  1.1896814
 1.2975984  1.3139538  0.86680907 1.5038893  1.0196054  1.3332554
 1.2716641  1.1287153  1.1163069  2.0695796  1.747476   1.8057426
 1.6987609  2.2562685  1.6571488  1.6938608  1.2050867  1.2110333
 1.1938578  1.4397391  1.073741   1.2290314  0.76549256 1.2043024
 0.9555469  1.2590727  1.3824795  1.3644195  1.9397907  1.659416
 1.6525491  1.2343458  0.7413762  1.6599529  1.1324391  1.3934222
 1.2058768  1.2050202  1.3688157  1.5130323  1.717688   1.5770748
 1.747743   1.423401   1.530193   1.5342002  1.2182736  1.8069099
 2.422846   1.5629312  1.4163989  2.0816426  1.4174492  1.5647497
 1.5687513  1.909185   1.3467543  1.2060455  1.6162064  1.8377819
 1.5884324  1.8436179  1.8592683  2.056213   1.0170293  1.7007811
 1.1256863  1.6054071  1.4121591  1.8607615  1.165415   1.877374
 1.5845419  1.1986172  1.4155157  1.7031243  1.2967116  1.30656
 1.630394   1.4579376  1.3756094  1.5777184  1.182813   0.952122
 1.7009867  1.7436668  1.255416   1.3146795  1.9851769  0.90841293
 1.9320778  2.0467103  1.8009284  1.2145232  1.0827154  1.6830001
 1.4948022  1.3676202  0.91306293 1.3553046  2.1343482  1.6182705
 1.4931867  1.2207452  1.376761   1.3687391  1.1371001  1.1263736
 1.5410881  1.4495493  1.1424855  1.6000565  1.9321072  1.540168
 1.969615   1.4804091  1.211147   1.5452523  1.5653425  1.5482458
 2.08221    1.6008769  1.6717834  1.522638   0.7930619  1.7551692
 1.6570163  1.2697608  2.0889883  1.7214136  1.7054228  2.3342762
 1.5294425  1.199883   1.1044595  1.7240567  1.4046268  1.4910401
 1.4193773  1.4111482  1.3108245  1.7347606  1.3299122  1.4728719
 1.4073644  1.5411791  1.3476863  1.4579687  1.1677631  1.1740907
 1.8098346  2.0136366  1.476984   1.6770381  1.2832464  1.8099014
 1.4440054  1.2694572  1.0905131  1.6795697  1.8035195  1.417842
 1.674396   1.8224933  1.2877423  1.9101154  1.4607729  1.1094655
 1.5858256  0.89186525 1.4463468  1.7792097  1.3970708  1.0808128
 1.1578962  0.98550665 1.0079697  1.1835256  1.4016789  1.5058511
 1.6872818  1.9223881  1.68741    1.2439625  1.8199995  1.3863428
 1.3560791  1.3494915  2.183163   1.6995434  1.8310488  1.208976
 1.5795103  1.5159429  1.5179183  1.6061146  1.6363784  1.2699955
 1.323798   1.609721   1.4252223  0.89530647 1.6619045  1.3443058
 1.7817837  1.1381494  1.7537513  2.1072133  1.8272005  1.3917482
 2.036873   1.6447613  1.8469291  1.5552346  1.105335   1.5742207
 2.1182568  1.0556524  1.549704   1.2715139  1.0717021  1.9378344
 0.9027897  1.6508641  0.90853137 1.3499755  1.548853   1.6094996
 1.6203418  1.215379   1.4034649  1.4345381  1.4735814  1.6884573
 1.0667251  1.535397   1.6629035  1.5231825  0.91442686 1.1768533
 1.2484655  1.5021925  1.3212935  1.4903344  1.4683479  1.1331344
 1.31033    1.2023365  1.9319447  1.5510811  1.4723936  1.1595112
 1.7086384  1.89157    1.4194099  1.7653233  1.7580078  1.5831833
 1.7106205  1.9077919  1.6403135  0.9608436  1.2435509  1.070242
 1.7746546  1.9616925  1.5532926  1.33857    1.6306956  1.8353395
 1.9956399  0.93634254 1.5909637  0.8486392  1.3819202  1.1606585
 1.732378   1.6624885  1.4305813  1.3674959  1.7485218  1.7834262
 0.9888754  1.5503085  0.9996124  1.6624589  1.7965863  1.5304112
 1.4424338  1.7469703  1.4064924  1.4365588  1.4808605  1.6339589
 1.47829    1.7160089  1.2824599  1.1358612  1.1259034  1.2121699
 1.1104153  2.1229548  1.638607   1.4980843  1.600596   1.1708481
 1.337985   1.1398314  1.3730102  0.8543026  1.2888798  1.626175
 1.8508959  1.3722016  1.4015912  1.2417741  1.4598143  1.8666117
 1.5677947  1.1339366  1.292531   1.6850054  1.7840421  1.465084
 1.5968331  1.698034   1.5113158  1.7840712  2.038046   1.9651242
 1.7010268  1.1053836  1.3635844  2.0609086  1.5978189  1.3358889
 1.6117289  1.2080885  1.3940917  1.8058728  1.6587169  1.254836
 1.8746231  1.5233519  1.7591035  0.9360359  1.382548   1.236585
 1.8830963  1.8165166  1.4294703  1.5170217  1.3529868  1.9787939
 1.8817403  1.7894398  1.9853308  1.3643122  1.5894686  1.4544182
 2.1704235  1.4119446  2.0271783  1.702008   1.302691   1.4830592
 1.764468   1.0623325  2.1229558  1.3777993  1.2395314  1.0301032
 1.8197218  1.3505675  0.98971796 1.9432025  1.6917279  1.6115441
 1.8177582  1.6156461  1.4413557  0.65637016 1.3204324  1.5869931
 0.4992362  1.863689   1.7478789  1.4895573  2.035347   1.0345538
 1.2769403  1.7475386  1.4507703  1.7821286  1.0232261  1.1614434
 1.3420174  1.4774022  1.6456915  0.9922498  1.1993637  1.5399742
 1.4170308  0.9615158  1.9438289  1.0486337  1.6862661  1.2346281
 1.4682708  1.8175645  1.6552774  1.6292973  1.6773123  1.3411928
 1.753605   1.2914108  1.4087896  1.7767591  1.2353727  1.5811049
 1.5157253  1.9736124  1.8531902  1.8013418  1.3413882  1.5470219
 1.2818238  1.7840766  1.7882602  1.7021322  0.8034727  1.5656204
 1.7175481  1.8683459  1.8446411  1.6440586  0.8917639  1.5554252
 2.1033974  1.387817   1.4608194  1.1651701  1.9148229  1.5704403
 1.7126015  1.861894   1.2376943  1.1896019  1.7861042  1.2166946
 1.7915581  1.0102534  1.4640516  1.1709162  1.448148   1.3576807
 1.4484736  1.9141898  1.6757883  1.2307096  1.643487   1.5850834
 1.1971703  1.7048528  1.6195784  1.559048   1.7267511  1.1143272
 1.3550168  1.3689548  1.1856865  1.5667192  1.5739852  1.795237
 1.6666089  1.6718234  1.8030006  1.7952031  1.5419501  1.1306363
 1.455094   1.2725818  1.3917596  1.3115056  1.9667212  1.5078384
 1.6946673  1.7891271  1.5154512  1.1379962  1.2773305  1.6421556
 1.7180675  1.2159172  1.5161633  1.6166303  1.6980494  1.8062838
 1.7343324  1.2669634  2.0341904  1.048898   1.3653188  1.6880261
 1.3694443  1.1369246  2.1559882  1.5970343  1.349383   1.8398973
 1.4297717  1.8311694  1.3119032  1.4744358  1.3023393  1.5536478
 1.5181402  1.1545038  1.8443198  1.6774759  1.855089   1.6342268
 1.557324   1.9326513  1.6161488  1.307871   2.038434   1.4383123
 1.449573   1.1608723  1.8119767  1.8686161  1.5813844  1.2631837
 2.1567957  1.9321367  1.579349   1.4826387  0.84685904 1.4460541
 1.6041181  1.7223753  1.2114046  1.1885053  2.1022797  2.0780451
 1.7168084  1.7281384  1.2037228  1.8488761  2.01403    1.8719109
 1.5529255  1.135474   0.9962409  1.7007152  1.7684382  1.7980936
 1.8213011  1.3488408  2.1726048  1.3783063  1.1563307  1.440135
 1.1219265  1.2428874  1.4833859  1.2525544  1.6047168  1.2960637
 1.9358081  1.3386762  1.3607781  1.4442667  1.1199394  1.0268933
 1.5187621  1.2525834  1.7322235  1.2688898  1.3038826  1.31776
 2.091002   1.4352373  1.4306079  1.3838084  0.97608787 1.5440109
 1.8206338  1.1404759  1.2997537  1.8397341  1.4857459  1.7517711
 1.276082   2.187687   1.402532   1.487583   1.4281191  1.8570374
 1.9394041  1.7630424  1.6453161  1.7144325  1.7609841  2.060389
 1.456149   1.852335   1.7733029  1.3184838  1.5763359  1.9855822
 1.6026354  1.7904813  0.9964543  1.4167484  1.2050382  1.5002788
 1.4661633  1.1661199  1.4989159  1.6002706  1.1877282  1.4232241
 1.8451678  1.6496332  1.2698127  1.3380182  1.9751183  1.378421
 1.5672277  1.170752   1.9008856  2.1707134  1.7717258  1.6535503
 0.700846   1.3982178  1.6823077  1.787579   1.7351388  1.9942371
 1.5833976  0.95046103 1.2353898  1.7115794  1.2932713  1.374781
 2.4077487  1.365358   1.5076178  1.7848332  1.9375811  1.4383326
 1.7706918  0.87361544 0.9949658  1.3080623  1.859547   1.9679087
 1.4988922  1.7378684  1.479111   1.3819137  1.3061988  1.4055233
 1.0936077  1.2941245  1.7278838  1.3814496  1.6527108  1.5291559
 1.4944816  2.0327199  1.6999513  1.4571009  0.95058477 1.7658594
 1.4519781  1.5052762  1.4392383  1.2028378  1.4997869  1.6235752
 1.5580481  1.4326199  1.7332082  1.6610411  1.4527006  1.3496083
 1.6210022  1.4787813  2.0165145  1.184691   1.4733754  2.0486193
 1.8117148  1.8422889  1.6736723  1.6706231  2.0624313  2.264959
 1.579575   1.5495433  1.4765408  1.9447712  1.7572381  1.9789954
 1.3279624  1.7682447  1.6431761  1.6098963  1.1280587  1.046538
 1.7514412  1.591816   1.623147   2.1004555  1.455536   1.4007183
 1.8335727  1.2847552  1.5821004  1.5462291  1.762951   1.6931947
 1.5483695  1.3191571  1.6210676  1.2149696  2.1890335  1.4619291
 1.5977648  1.2682602  1.2381464  1.542552   1.5991672  1.2102175
 1.6073134  1.0913408  1.6192644  1.9748553  1.2884878  1.5194782
 1.4841696  1.3098806  1.2538935  1.0595192  1.3739965  1.8473449
 1.534645   1.4632535  1.2479554  1.2254258  1.492722   1.5241308
 1.629439   1.2200645  2.0160518  1.6443776  1.1244749  1.3522499
 1.0764633  1.6340269  1.2339572  1.0436972  1.6194955  1.3181852
 1.6873496  1.6084273  1.2049876  1.1772252  1.4175885  1.1099505
 0.8443265  1.2956294  1.4549176  1.2770237  1.4272326  0.8042803
 1.0778588  1.4503309  1.2793655  1.2789996  1.499567   1.3849311
 1.5979544  1.9443779  1.4667499  1.6239012  1.4714366  1.6420987
 1.4253324  2.2739646  1.2335027  1.2296629  1.310436   0.6293558
 1.0555637  2.0656433  1.4291524  1.2163208  1.540316   0.94460255
 1.7437562  1.7820628  1.9308324  1.8401029  1.6973835  0.7506443
 1.7226461  1.0632615  1.6487837  1.3351605  1.3807281  1.8695551
 0.92138547 1.4601451  2.0297763  1.7077799  2.074321   1.882262
 1.4367388  1.5404036  1.1725625  1.8636466  1.6367643  1.1747361
 1.7460929  1.6171693  1.0527167  1.827091   1.7246671  1.5872916
 1.9736545  1.751724   1.5244322  1.044707   1.6683896  1.892219
 1.6172435  1.5407288  1.3921286  1.2991827  1.7356563  1.5823505
 1.6082519  1.6082526  1.3103476  2.3939595  1.0793463  1.3882617
 1.6399276  1.9963571  1.6982177  1.3308415  1.5776618  1.8880178
 1.354168   1.8719435  2.1012826  1.6420375  2.0223413  2.083948
 1.5889239  1.047774   1.3074521  1.7165054  1.0650636  2.0049615
 1.4260236  1.1871712  1.6345481  1.0752836  1.0980071  1.9434006
 1.767657   1.3738918  2.1843624  1.6931475  1.629124   1.1533815
 1.5414484  1.2475632  1.4094361  2.0828185  1.5238355  1.555224
 1.3502961  1.4512159  1.3678539  1.2267253  1.1126113  1.4410985
 0.9163014  1.4523426  1.3701049  1.2050526  1.6334766  1.4689499
 1.535225   1.7730876  1.6966708  1.7187679  1.5447607  1.2963504
 1.4462961  1.2945849  1.5056571  1.6023475  1.5779811  1.3924419
 1.3838193  1.6653348  1.9240327  1.8932567  1.5044099  1.8892792
 0.7758894  1.6918061  1.1206516  1.5841297  1.840013   1.8301116
 1.7331277  1.1395278  1.2028819  1.8298208  1.5057954  1.5411769
 0.58521044 1.6449302  1.2946026  1.4093108  1.397802   1.2525518
 1.8805586  1.9056673  1.0214852  1.6211804  1.448768   1.9773304
 1.4414561  1.8815017  1.7083367  1.2642863  1.2309635  1.7135834
 1.4624653  1.3953995  1.7234441  1.8598813  1.3477813  1.9198351
 1.2555931  1.1700727  2.196896   1.2639984  1.8885038  0.88481975
 1.0492948  1.3514683  1.3936918  1.0117054  1.9143362  1.8520911
 1.5556962  1.3472929  1.6456201  1.6666923  1.0311795  0.6412404
 0.7538254  1.7388486  2.07423    1.3728533  1.5379674  1.4797974
 1.571517   1.8744818  1.0181584  1.8395935  1.4220941  0.95164263
 1.445914   1.9507333  1.5977808  1.3863255  1.6148459  1.6267278
 0.9828616  1.8377517  1.619618   1.1910484  1.2117871  1.0954739
 1.4777453  1.3694373  1.4061663  1.3137281  1.8951515  1.3736745
 1.6065975  1.0972587  1.4015539  1.9118581  1.4398925  1.5772991
 1.7958663  1.3881449  1.5402943  1.1071209  0.56289274 1.8456292
 1.7945584  1.6441319  1.1053612  1.3315717  2.0849936  1.311845
 1.4208561  1.3238533  1.4621385  1.3712246  1.6283115  1.2671982
 1.6797254  1.1777716  1.1504729  1.3834978  1.4095176  2.3129625
 1.5579236  1.4760966  1.7285675  1.8322506  1.336374   1.7732754
 1.5641067  1.373941   1.2463914  1.34309    1.0861822  1.7100906
 1.5484381  1.0986793  1.5443447  1.4779339  1.2853097  1.1395137
 1.7373178  1.403091   1.788042   1.8454062  1.2746546  1.7123781
 2.0610719  1.9942874  1.1171378  1.221302   1.914444   1.4016072
 1.6384772  1.4680682  1.491086   2.0708842  1.9134325  1.7630442
 1.9210796  1.4214224  1.6227913  1.3615276  1.1911318  1.7756498
 1.723541   1.266866   2.3320765  1.8177948  1.2751173  1.2051114
 1.8137987  2.3221934  1.2464553  1.5201036  0.9275042  2.2368898
 1.5831895  1.8863261  1.5120009  1.8175848  1.4076058  1.6311034
 2.4618328  1.0426779  1.6509398  1.4488355  1.5530505  1.7861865
 1.4354923  1.3713728  1.2294374  1.5429434  2.0219193  1.7664595
 1.3601098  1.1349953  1.4146048  1.8494638  1.5708382  1.005202
 1.3728344  1.3945419  1.4286083  1.2702641  1.3830663  0.94119966
 1.1774408  1.7340009  2.107207   1.3841767  2.0716481  1.8661647
 1.1071368  1.2445884  1.2278689  1.5967612  1.2294279  1.5507603
 1.3528047  1.8363261  0.99286455 1.6738229  1.4926859  1.6273304
 1.3299955  1.6911758  1.2637559  2.2230308  1.807996   1.6711943
 1.4363636  1.643528   1.5595366  1.2131902  1.6323122  2.0117028
 1.203644   0.7045225  1.3780247  1.720132   1.4457082  1.2976729
 1.269761   1.6848438  0.72659856 1.4658808  1.0250365  1.2976227
 1.3125226  1.5041208  1.531308   1.3127292  1.4513457  1.5884444
 1.59065    1.2354097  1.7509263  1.4710755  1.5828741  1.9023954
 1.6517873  1.4950792  1.7448845  1.6711992  1.7091124  1.2641364
 1.8376659  1.233402   1.2519441  1.1136166  1.667669   1.2343167
 1.2064747  1.4468437  1.7610794  1.4407216  1.5514823  1.340982
 1.2946634  1.0248051  1.2739087  1.093449   2.0816865  1.1181693
 1.3549329  1.4561597  1.8649026  1.3577111  1.8750402  1.4666796
 1.3944739  0.6452476  1.6871945  1.7479774  1.7840086  1.5787631
 1.1697811  1.3725102  0.9124686  1.3813728  1.1293595  1.3932037
 0.78498936 2.1388822  1.4613384  1.9134693  1.8310403  1.3437618
 1.4552407  1.6080503  1.3681809  1.8575641  1.5759892  1.9129652
 1.0326681  1.9924551  1.6824532  1.9137787  0.7827481  1.8276337
 1.6653266  1.36304    1.5905435  0.86094606 1.2338699  1.8567928
 1.4782095  1.6132965  1.2069154  1.511254   1.0840999  1.5110594
 0.8952563  2.048287   1.3196113  1.4101502  0.94242924 1.4313384
 1.9752628  1.3025736  1.4336777  1.2318007  2.1008732  1.3921201
 1.7907544  1.2313308  2.1192758  1.6115674  1.3671191  1.0057836
 1.8889146  1.694947   1.6664548  1.3751595  1.6461755  1.6246482
 1.1541759  1.791074   1.7550657  2.1736038  1.4939654  1.7179704
 1.4644918  1.5998036  1.5595446  1.7450981  1.5969447  1.8194898
 1.772455   1.3554351  1.9709334  1.713438   1.8462843  1.2528753
 1.7312467  1.3400946  1.3646275  1.2480212  1.5264813  1.111556
 1.9835851  1.2258317  1.3790023  2.0267916  1.7346002  1.8018782
 1.9398032  1.8085825  1.7575877  1.7067579  1.9087945  1.1939766
 1.215998   1.4555597  1.6716647  1.9963286  1.9932828  1.549369
 1.6181631  1.6935891  1.508295   1.3205215  1.9063259  1.7633015
 1.4312305  1.0228006  1.2532222  1.122181   1.6134958  1.7499665
 1.5644404  1.4475832  1.6465569  1.159007   1.7178844  1.2085743
 1.6854084  1.7352842  2.043674   1.257305   1.56779    1.035422
 1.8131049  1.7552992  1.3056675  2.0386746  1.6590664  1.5139427
 0.73518145 1.1748143  1.3500521  0.7253509  1.0010431  1.190222
 1.4653044  0.8736521  1.4063009  1.7087307  1.003873   0.87647235
 1.1210791  1.0416579  1.3837026  1.4009504  1.043      1.4557385
 1.1549288  1.1965182  0.9017485  1.8207572  1.1610138  1.7800876
 0.8713618  1.37352    1.5737922  1.2848686  1.1825981  1.6881484
 0.9278509  1.284358   0.8091383  1.3537598  1.893002   1.4556053
 1.5410869  1.6239619  1.7533866  1.9465468  1.4180743  1.1887444
 1.9636997  1.7124377  1.575055   1.8287618  1.8527862  1.7931845
 1.2079333  1.437757   1.7784888  1.247103   1.6619714  1.7486086
 1.7730672  1.0318701  1.8666077  1.9813128  1.7741032  1.6191643
 1.6323534  1.2954919  1.7277814  1.7027997  1.9011436  1.1504052
 1.0830995  1.8576216  1.3811612  1.5952146  1.5403929  1.4598923
 2.0275905  1.091339   1.6349694  1.6043831  1.1241828  1.6523985
 1.7334402  1.9426502  1.5480794  1.1301882  0.926682   1.6617696
 1.4355462  1.3357507  1.702507   2.2343285  1.1772172  1.721725
 0.8501858  2.0916834  1.8720319  1.8090738  1.4946115  0.52423745
 1.8378292  1.3840327  0.86531484 2.1991453  1.2111108  1.1796212
 1.2436403  1.6096929  1.315352   1.5186902  1.2826157  1.8069772
 1.2546971  1.9474957  1.764821   1.6707441  1.4708511  1.2707272
 1.5769846  1.8255903  1.4542421  1.6156085  1.4444653  1.5824625
 1.3507216  1.6003263  1.2414428  1.6661028  1.6512378  1.6396554
 2.0088673  2.1394813  1.618703   1.5733687  1.2020224  1.2703488
 1.7678066  1.8155068  2.1090124  1.2068127  1.4160897  1.5859109
 1.5817825  2.0472186  1.2711166  0.9893317  1.1810995  1.6406735
 1.3763821  1.1872811  1.295919   1.7781194  1.3825431  1.3151405
 2.0848494  1.7694185  1.6685776  1.9226618  1.71801    1.2880468
 1.5740376  1.4035254  1.8661875  1.2267463  1.8198074  1.5393811
 1.9068853  1.6893852  1.729372   1.0299966  1.8277377  1.9177507
 1.6246165  1.3340961  1.9511949  1.4486828  0.56047976 1.4166143
 1.7093848  1.5916959  1.753033   1.3744332  1.8711205  1.7168428
 1.1709567  1.6477994  1.6656122  1.540713   1.5212704  1.738605
 2.1612942  1.3739679  1.7013136  1.8793706  1.7271396  1.0818464
 1.6731827  1.8352139  1.4607879  1.9053786  1.3187923  1.9730048
 1.3899605  1.501871   1.7776723  1.2298212  1.4492433  1.9104477
 1.3742379  1.585707   1.6335522  1.0136619  1.213847   1.5272846
 1.5228252  1.5301657  1.8148546  1.5242513  1.5080888  1.5827881
 1.6939384  1.0912677  1.7274064  1.6919966  1.2366061  1.5552094
 1.1710582  1.4498577  1.4111644  1.6465896  1.2781811  1.5481921
 1.1644008  1.4997405  1.4782904  1.9722699  1.7712743  0.99873066
 1.8441814  1.4604789  1.5014158  1.866785   1.7908084  1.8263738
 1.3829687  1.4070961  2.102307   1.1325958  1.244697   1.2202452
 1.0836053  1.8461844  0.95954627 2.0006704  1.7154181  1.3663182
 1.4762183  1.262828   1.6313449  1.7143245  1.525601   1.4891512
 1.6673456  1.6557224  1.653001   1.7528317  1.3239783  1.6508605
 2.1666088  2.0250368  1.1323488  1.7554284  0.84036326 1.654163
 1.533341   1.8116504  1.4986608  2.0219905  1.9723681  1.3551058
 1.8382137  1.4851723  1.2144525  1.9858353  1.8460722  1.8150579
 1.6726772  1.7371235  1.7383139  1.6975203  2.048143   1.6528254
 0.6947515  1.4913449  1.3866524  1.1798217  1.5381421  1.3540492
 1.6114208  1.0567666  1.7437322  1.6164526  1.5559077  1.7001072
 1.333388   1.4298404  1.3840383  1.9179078  1.2222514  1.873064
 1.942471   1.9607819  0.88598025 1.3567939  1.5191412  1.6554554
 0.78681785 1.141541   0.8581719  1.3458042  1.4912845  1.673597
 1.5388715  1.6167252  1.3443575  1.5602677  1.5859915  1.4013858
 0.6984142  0.9833713  1.134803   1.4712365  1.6747814  0.78242683
 2.3240778  1.0671625  1.0912895  1.1314061  1.4372947  1.7971944
 0.77372324 1.1735796  1.4381977  1.9676081  1.7477607  1.4363123
 1.9750818  1.5257536  1.0888671  1.2310227  1.5668924  1.7986684
 1.4108759  1.3014464  1.6676725  1.451506   1.620115   1.3584697
 1.626643   1.2097477  1.3614031  1.6405679  1.6398652  1.4745715
 0.7626676  1.7743788  1.4226959  1.1086419  1.9040307  1.933634
 1.6146506  0.7289873  1.5307728  0.75868124 0.881211   1.5766872
 1.3402909  1.6319396  1.6862935  0.98486674 1.46694    1.8191589
 1.6683897  1.630011   1.4742281  1.4211962  2.2061613  1.7830467
 1.8020407  1.4707509  1.6442535  1.677188   1.485432   1.7777236
 1.6347493  2.2994568  1.3525493  1.4725198  0.9245186  1.0708377
 2.215451   1.0272397  1.247312   1.6872617  1.4781477  1.8997273
 1.3239924  1.0609963  0.95798105 1.9579269  1.511513   2.029641
 1.6303451  1.5471622  1.976363   1.0065296  1.2799082  1.252254
 0.924681   1.6853054  1.3049822  0.74619234 1.4316813  1.2765654
 1.7675467  1.3783671  0.8299835  0.712627   0.4194724  1.7116336
 0.7884989  1.2117174  1.7790928  1.2943963  1.7072343  1.1749836
 1.9164699  1.9526938  1.8520933  1.5637716  1.8538209  1.5379626
 1.6541896  0.92484176 1.6665115  1.8696734  1.9368069  1.8755307
 1.6511464  0.7848177  1.5722353  1.5271318  1.6406556  1.5774957
 2.002616   1.7030647  2.0463712  1.9992771  1.0434649  1.6655353
 1.3296156  0.7936341  1.7126318  1.3421428  1.678858   1.2218721
 1.2532657  1.2047796  1.8737413  1.0599645  1.3383524  1.4876963
 1.6910561  1.331292   1.2795717  1.7585398  1.941127   1.3022685
 1.1888958  1.0633498  1.3631932  1.3259026  1.2247392  1.8384199
 0.9906401  1.0956823  1.5912793  1.1432524  1.4898583  0.9777196
 0.79916906 1.5953649  1.1054938  1.2284741  1.1625228  1.2170876
 2.1578658  1.3532267  1.2486527  1.8407247  2.250476   1.9826702
 2.0451534  1.6481404  1.4501464  2.1402173  1.7041408  1.8830264
 1.7767886  1.6973618  0.9421606  1.304594   0.98042154 1.382355
 1.3789793  1.1276301  1.5399567  1.9680506  1.7597837  1.785444
 1.4681215  1.2131097  1.251047   1.3994408  1.6035892  1.9678178
 1.5994296  1.2879465  1.5182476  2.0732     1.4494951  1.385883
 1.37706    1.5235932  1.3983526  1.2186253  1.6008155  1.4011434
 2.1402822  1.2936293  2.2609923  1.4021482  1.9074162  1.5649095
 1.0179281  1.2790083  1.0744417  1.3785967  1.5393012  1.3224373
 1.7652907  1.4879338  1.2939267  1.191345   1.3615812  1.579956
 1.3939056  1.7267655  1.6391402  2.042147   1.5257431  1.0687579
 1.4334532  1.5833592  1.359688   1.4017764  1.6408371  1.5373363
 1.7382668  1.6860081  1.9283268  1.4122431  1.8431641  1.8736931
 1.8222762  1.8546284  2.118269   0.6517418  1.243275   1.7662114
 1.5009793  2.361012   1.7874528  1.841065   1.448723   1.477451
 1.9377668  0.8384884  1.8419344  1.5700474  1.5469215  1.3858207
 1.138952   1.2251078  1.2846653  1.9239264  1.7423106  1.4269546
 1.9340531  1.2720338  1.2044711  1.4660339  1.6591011  1.1967609
 1.6120268  1.7698914  1.6437812  1.4041593  0.83631724 1.4204108
 1.3724635  1.6993614  1.4822634  1.6614323  1.1738881  1.6395216
 1.5766176  1.9436283  2.0296476  1.734961   1.7148203  1.1798645
 1.5541927  0.4828798  1.8435588  1.4421532  1.2990217  1.2567061
 1.7599101  1.1090885  1.7223176  1.4819578  2.0901582  1.522748
 1.5672638  1.1865575  1.2361939  1.8907813  1.7571745  1.3322334
 0.8808829  1.4754696  1.1469885  1.6208684  1.4393297  1.0858883
 0.65412396 1.3256536  1.5962747  1.7516444  1.2485745  1.7122302
 1.6125152  1.4509873  1.5095916  1.7407501  1.0769914  1.1408768
 1.4828731  1.427152   1.1860495  1.9787174  1.6362262  1.1203225
 1.0559794  1.4418005  2.050098   1.194074   1.6023791  2.1116464
 1.045162   1.163172   2.296608   1.3334323  1.0752906  2.1144755
 1.8481576  1.3502357  1.7482766  1.0493807  0.95925075 1.8027071
 1.4716681  1.2476025  1.2659025  1.7357801  1.5530117  1.755486
 1.7714053  1.6488978  1.6786001  2.0139763  1.3614608  1.8599228
 0.77164924 2.1575012  2.1677885  1.32384    1.4885956  1.7174544
 1.3814065  1.6053782  0.9600465  1.8239237  1.9276495  1.7439195
 1.7325991  1.4633287  0.9451343  2.053358   1.1816329  1.9397569
 1.6074673  1.6838664  1.6355771  1.660574   1.4443016  1.9049559
 1.487388   1.4857371  1.8790562  1.8987017  1.6023486  1.4831704
 1.6929373  1.7146784  1.5342311  2.0854425  1.7291555  1.5709344
 1.5472007  1.1728147  1.3458086  1.0488949  1.6284225  1.2786106
 1.4440624  1.3588951  2.126989   1.3501601  1.6956391  1.687464
 1.5509332  1.5514276  1.5062834  1.319186   1.6155055  1.5963578
 1.0123575  1.4954131  1.2890673  1.610649   1.6736683  1.5123681
 1.7893873  1.4527347  0.92667866 1.2181277  0.88728327 1.3207026
 1.1979035  1.3864425  1.5244341  1.1456649  1.7672536  1.3906875
 1.4229361  1.2497844  2.2421079  1.526832   1.8647531  1.5517077
 1.8696615  1.3225826  1.3490735  1.7692405  1.7246635  1.9222658
 1.1961402  1.3671947  1.506365   1.1787126  1.7196571  1.3761467
 1.5969151  1.1794386  1.6796484  1.6496735  1.7835891  1.754553
 1.0517497  1.8307248  0.8614389  1.7058578  2.346699   1.6768495
 1.6170539  1.0739286  1.3674433  1.1800618  1.945021   1.7328387
 2.1718047  1.0549781  1.378024   1.1761748  1.2528086  1.8178704
 1.5721525  1.2640454  0.8707839  1.5407833  1.7741766  1.7746518
 1.805158   1.4817456  2.0649335  2.0278823  1.1827927  1.9424572
 1.5845     1.5232723  1.5110518  1.389119   1.3587164  1.8035752
 1.3637505  1.7712888  1.0612661  1.6769348  1.0119298  1.4225286
 1.3118304  1.3733934  1.7798331  1.5887303  2.0209074  1.5741092
 1.215087   1.4099681  1.1362244  0.94918436 1.7099077  1.1673789
 1.8144872  1.6384312  1.9205852  1.5993099  1.7850597  1.4528161
 1.2408788  1.4728771  1.929595   1.9766843  2.0289905  1.2840914
 1.1943257  1.7781203  2.012365   0.8601195  1.3720485  1.4982339
 1.5433058  1.3025242  1.9958166  1.999418   1.4461187  1.3160272
 1.4994023  0.92962044 1.3749241  1.015969   1.3168648  1.3824111
 1.1820848  1.539842   1.5790331  1.6412742  1.7084872  1.4995469
 1.8996317  1.5746084  1.559836   1.3997604  1.7122754  1.7443099
 1.5547055  1.5407761  0.5764877  1.1309092  0.7395337  1.6109524
 1.3100278  1.3929127  1.7463682  1.3488444  1.507795   1.2067779
 1.9780413  1.5071477  1.5559772  1.1967009  2.2413898  1.4302337
 1.6134354  1.8489494  2.291839   1.6474009  1.6184896  1.7648993
 1.3973542  1.9359615  1.5302544  2.077442   1.8673329  1.356146
 1.647615   1.3397895  1.6971287  1.6321231  1.5454309  1.8460523
 1.5335706  1.0788072  1.6898326  1.1293857  1.5481119  1.7914329
 1.2082527  1.3633406  1.965699   0.5389887  0.95744383 1.4502578
 1.1723051  2.0682046  1.757034   0.78560525 1.9281379  1.4831225
 1.018566   1.811616   1.1680398  1.40142    1.3462723  1.4867475
 1.8240924  1.4218631  1.3309116  1.5397601  1.6070888  1.2155013
 1.4798138  1.6915619  1.4379327  1.1827545  1.2506454  1.6855373
 1.5123122  1.3552573  1.959884   1.6804467  1.4856836  1.5289422
 1.2894623  1.3393717  1.5525842  1.5933057  1.93685    1.4220024
 1.266572   1.2112603  1.5530895  1.674752   1.1579896  1.4858472
 1.8085289  2.0598824  1.2838689  1.382937   1.5145777  1.5301294
 1.5294833  1.2755173  1.6105219  2.363697   1.2819916  1.419795
 1.9966431  1.4680209  1.3481634  1.4778057  1.3028455  1.6527983
 1.7716382  1.8284158  1.3778825  1.669413   1.0703515  1.2544515
 1.6321273  1.779746   1.6810031  1.625145   1.5824515  1.9425598
 1.5132083  1.4093187  0.8795925  1.2281214  1.5079145  1.5509754
 1.927692   1.4975835  1.6322057  1.5788808  1.5573237  1.495996
 1.1657616  1.5782038  1.5236964  1.2649866  1.2875413  1.5787032
 1.192483   1.0003335  0.9163318  1.3328693  1.2933849  0.61296666
 1.338188   1.3774554  1.7537456  1.4081475  1.6505524  1.6621192
 1.7745124  1.469368   1.6805956  1.7044587  1.2941202  1.4647827
 1.6833682  1.8789203  1.4399995  1.4251711  2.2455568  1.1679528
 1.7445934  1.7613374  1.7316669  1.2876474  1.7658938  1.2540693
 1.2662963  0.98985094 1.410816   1.295293   1.78718    1.2403104
 1.805884   1.881698   1.9456584  1.4023372  1.842775   1.4568774
 1.589819   1.9808079  2.0189812  1.6418413  1.6363218  1.2763207
 1.6103075  1.4333173  1.542292   1.4664066  1.3782227  1.5285985
 1.5730354  1.9059602  1.7887751  1.7480717  1.3573256  1.8482401
 1.6477137  1.7915125  1.6810129  1.6894426  1.0851443  0.94612795
 1.5775182  1.2523994  1.6191813  0.96097344 1.6638439  1.3330184
 1.8507427  1.3636158  0.76460236 1.1111358  1.331731   0.5903593
 1.6970102  1.5672581  1.7477554  1.6626517  1.6582912  1.4743961
 2.2033565  1.3443481  1.14508    1.3575183  1.5420991  1.3289309
 1.4727957  2.2282958  1.356691   1.293685   1.4838879  1.320983
 1.3283893  1.718237   1.7422438  1.1100245  1.924366   1.7044255
 0.95230544 1.8604112  1.8874927  1.9241085  1.5607522  0.9640226
 1.4082664  1.4794693  1.796926   1.6254773  1.4107519  1.5351007
 1.7120231  1.5489048  1.1668034  1.5846729  1.4540699  1.9282885
 1.7120137  1.1422819  1.2809427  1.4833709  0.8291801  1.6347529
 1.8145492  1.7253243  1.9797374  1.5368221  1.7352133  1.5194107
 1.0936928  1.1591735  1.4944502  1.4980817  1.3530723  1.385589
 1.1953046  1.8083816  1.6294417  1.4415687  1.7334849  2.233348
 1.3267778  1.5293005  1.2231717  1.6850544  1.3703648  1.3321477
 1.7753541  1.8264488  1.8559927  2.012909   1.5033028  1.7546188
 0.9813587  1.3558433  1.5798417  1.7642791  1.9825249  1.5175947
 1.6094402  2.0547917  1.2344313  1.2136534  1.1942463  1.7862698
 1.9570765  0.77723205 1.309087   1.2644452  1.5608413  1.5211658
 1.4679873  1.665526   1.2073623  1.0714759  0.8831175  0.54858226
 1.5784057  1.4125816  1.3899536  1.5705607  1.3468066  1.6142132
 2.1480265  1.3614423  1.6834285  1.3611704  1.6553165  1.5573875
 1.5691148  1.3508927  1.4758837  1.8153834  1.5228064  1.7983716
 1.2626306  1.7082357  1.3897213  0.92507577 1.7787032  2.0312433
 1.4104822  1.9498129  1.1790353  1.749242   1.8336754  1.4525267
 2.028733   0.9239806  1.609323   1.703654   1.9349458  1.087096
 1.6188673  1.272482   1.8204032  1.4193044  1.5294911  1.7187686
 1.6521437  1.3176606  1.5172969  2.0839167  2.040726   1.6057806
 1.4694278  1.208457   1.3535933  1.8045293  1.2596126  1.6503758
 1.2847725  1.4502759  1.1387762  1.3810523  2.0910761  1.3071934
 1.465615   0.6221781  1.2934916  1.2098062  1.7584809  1.3956169
 1.7232258  1.9410157  1.1002074  1.2773949  1.94695    2.067886
 1.583984   1.540945   1.3909614  1.7583076  1.6495048  1.3798692
 1.1171358  1.2357677  1.6615235  2.044357   1.5647123  1.7193105
 1.8307546  1.7331556  1.9031343  1.1020248  1.6054472  1.5504878
 1.7649472  1.2810802  1.3834027  1.3591678  1.6553836  2.1209025
 1.3642883  1.1996722  1.1020998  1.9103304  1.5035523  1.0583885
 1.6652946  0.68489397 1.4298877  1.2524126  1.2095621  1.4951698
 1.6852386  1.3066118  1.4955505  1.3620037  1.2180724  1.493174
 1.1180638  1.2322637  1.395889   1.3387511  1.0846751  1.7486863
 1.0206933  1.1126734  0.9426845  2.1660652  1.1699852  1.7143261
 1.0400106  1.5609088  1.0293139  1.2985172  1.7406563  0.8127053
 0.8580758  0.9519381  1.8286757  1.5271552  0.80171233 1.4543548
 1.7727389  1.1823167  1.4118385  0.9046329  1.2568936  1.5113945
 0.6581528  1.5001981  1.4825814  1.5032965  0.9235622  1.9073427
 1.6249418  1.369824   1.1377436  1.283061   1.1127082  1.847502
 1.9526994  1.8015802  0.938112   0.9483501  1.316937   1.7654265
 1.9182918  1.900095   1.2644707  1.4760276  0.99846303 2.1102054
 1.5703293  1.2101582  1.1991545  1.1479009  1.1369773  1.643064
 1.3988805  1.1727593  1.4330251  1.3397408  2.0972538  1.3476938
 1.839666   1.123866   1.2138685  1.339815   1.3442379  1.840454
 1.5404472  1.1585444  1.3340536  1.5535611  1.8329214  1.8307571
 1.2384193  1.6913866  1.3241892  1.9650599  1.644904   1.7448026
 1.5400108  1.4979379  1.4746183  1.4059637  1.0218111  1.4212086
 1.1472751  1.5716432  1.3390871  1.8091965  1.8618261  1.2037733
 1.8293971  1.5799576  1.5346359  1.0060724  1.7501142  1.4047596
 1.8573635  1.5141894  1.6113489  2.0019913  1.6896751  0.87945855
 1.5567474  1.1477102  0.84484714 1.2985489  1.5609044  1.5233788
 1.3949461  1.6423914  2.0185642  1.6740255  1.7059178  1.5404346
 1.5238647  1.3815588  1.4764296  1.901715   1.5407592  0.87933016
 1.352619   1.1974425  1.101188   1.9283983  0.8207007  1.3938899
 1.7342304  1.0218716  1.4834265  1.6674902  1.7636302  1.6094218
 1.7112619  1.412141   1.4462159  1.4055635  1.377163   1.7451822
 1.6602082  1.428368   1.3371987  1.1658486  1.7098777  1.0572003
 0.68739146 1.7943429  1.9966543  1.4955889  2.207238   1.4114791
 0.85214394 0.9777757  0.83160585 1.9284263  1.3406994  0.82715154
 1.6325644  1.5140219  1.7729964  1.4165752  1.3368644  1.861993
 1.9692094  1.3406391  1.255989   1.6724468  1.4183193  1.796658
 0.86006886 0.9056084  0.5463245  0.70920277 1.9669427  1.1847812
 1.6439359  1.6919297  1.665306   1.6912824  1.4976306  1.2515593
 2.2156577  1.296679   1.3915682  1.5076817  1.769964   1.5852243
 1.856735   2.163324   1.5362229  1.3209366  1.410235   1.9987231
 1.7167133  1.6113851  1.1664252  1.4956048  1.5284544  0.95096874
 1.7895515  2.1850433  1.6554047  1.1030474  1.7003785  1.5009235
 1.4919634  1.7569752  1.6612829  2.1365569  1.7332811  1.7648361
 1.509121   1.6470907  1.9994152  1.8003317  1.8449996  1.3937685
 1.1172745  1.7121884  1.6014417  1.1836748  2.0295746  1.345952
 1.3675892  1.4728273  1.192508   1.4997847  1.7422445  1.3407797
 1.3910978  1.0927601  1.3873415  1.7082373  1.6800076  1.7718115
 1.5582595  1.7935426  1.8841548  1.9157858  1.7613978  1.6587722
 1.5660688  1.2929198  1.6030542  1.6485392  1.779939   2.5468502
 1.4292427  1.703313   2.0537467  1.3041615  1.1332893  1.6516259
 1.862237   1.3037897  1.2429789  1.3141739  1.0096985  1.5555748
 1.0312026  1.576723   1.0267496  1.792202   1.0886524  1.6573458
 1.5280849  2.120692   1.6567038  1.5930812  1.2734696  1.6769717
 1.7430855  1.4885378  1.1808555  1.3096459  1.3489975  1.3289851
 1.3617809  1.3461473  1.6434405  1.9083996  1.2471323  1.2488341
 0.9539612  1.7967817  1.0800114  1.8664764  1.8812551  1.283364
 1.5508056  1.3944855  2.130358   1.3712146  1.1949403  0.8906997
 2.0298793  1.2898011  1.6175296  1.7469854  1.1663861  1.5409336
 1.4962138  1.3535683  1.3661604  1.7999585  1.9791918  1.729886
 1.6499782  1.95974    1.4241136  1.5657797  1.2969841  1.8594172
 1.3543383  1.3666301  1.7675585  1.7703403  1.9972978  1.5642874
 1.6848747  1.413269   1.1683348  1.8414439  1.7922     1.2982758
 1.4649099  1.1219947  1.7191021  1.5978402  1.6000388  1.3707422
 1.913069   1.2143433  2.3122468  1.2686001  1.7755568  2.6219757
 0.85441774 1.4410282  1.5913041  1.6938956  1.1859139  1.4276559
 1.7376713  1.0019077  1.5200437  1.8170587  1.8820074  1.4626225
 1.4909314  1.5615642  1.7276478  1.0136578  2.1431618  0.97197855
 1.9073749  1.6486604  1.2231671  1.5610244  1.7631187  1.1289072
 1.2814919  2.0857904  1.0421256  1.0553573  1.4221989  1.7071016
 1.8598078  1.4144564  1.5455662  1.5464875  1.2391299  1.6830803
 1.5081736  1.3915424  1.2864519  1.2830102  1.8290946  1.9106187
 1.9025872  1.7754405  1.1784     1.2646338  1.8092808  1.8604044
 1.8666346  1.233033   1.7368236  1.7436739  1.3873299  1.2819868
 1.3163999  1.2655653  1.7291608  1.4584749  1.7024504  1.7598093
 0.86984843 1.857725   1.3927367  1.7922246  1.2690841  1.5671142
 1.1059247  1.6768718  1.4130073  1.6838521  1.4054221  1.8729279
 1.5771472  1.3496107  1.5188969  1.5725275  1.8357897  1.6510837
 1.1353757  1.1301188  1.7960968  1.7819722  1.095659   1.4503051
 1.4812002  1.6506981  1.6604551  1.2237748  1.0799025  1.0371642
 1.6166608  1.475996   1.3613954  1.4195464  1.123889   1.8959556
 1.2079991  1.2484183  1.225124   1.4682753  1.3708698  1.4557253
 0.5823078  1.8363488  1.5069592  1.9156262  1.388885   1.395278
 1.4262838  1.4409616  1.646064   1.4055104  1.3460175  1.3627493
 1.4858282  2.1635582  1.7471737  1.4326096  1.6461303  1.7734514
 1.8641979  1.775926   1.6612238  1.7131795  1.2330221  1.7340949
 1.5774485  1.1871051  1.5651549  2.1232836  1.6229748  1.4672549
 1.877258   1.2339547  1.018305   1.7947546  0.88589704 1.607235
 1.675429   1.445324   1.3054796  0.8408756  1.6118319  1.813829
 1.8579267  1.5165696  2.1507552  1.6177932  1.1140927  1.3712716
 1.5851057  1.4776328  1.6340781  1.1988297  1.3588909  1.5663601
 1.3863767  1.3402506  1.0012745  1.2782259  0.98812073 0.6318076
 0.670298   1.5580783  1.7239773  1.870982   1.6310223  1.9151412
 1.4743651  1.355982   2.000704   1.0808008  1.2213728  1.7477647
 1.4981898  1.5356944  2.2429495  1.7764499  1.1794881  2.0537548
 1.5767695  1.2741625  2.2681682  1.139507   1.621299   1.8944725
 1.9119653  1.8496188  1.163367   0.9992753  2.0474792  1.3778596
 1.6126786  1.2711723  1.329652   1.5253687  1.4386426  1.8028151
 1.7499846  1.358333   1.416603   1.4586108  1.6486696  1.7704768
 1.8413438  1.4184347  1.5551381  1.9048547  1.3581616  1.3966403
 1.5200142  1.9041129  1.6331595  1.6785803  1.0396855  1.33326
 1.3467695  1.9791692  1.0719076  1.4244962  1.7707428  1.6457658
 1.4402878  1.865838   1.3882402  1.7760509  2.0441625  1.4027127
 1.4498926  0.87112814 1.9782963  1.3194796  1.654732   1.2561673
 1.7188329  1.1318429  1.8703954  1.5959506  1.5970162  1.4445225
 1.9422972  1.7179594  1.3414935  1.6934197  1.4428564  1.5977644
 1.4463733  1.3020389  1.3614597  1.6906444  1.3641329  2.0381837
 1.5335588  1.9933832  1.5604233  1.8437166  1.8663273  1.2730099
 1.8474028  1.5209482  1.421057   1.5905946  0.9376248  1.8708289
 1.6975629  1.7746552  1.6313097  0.9011707  1.4748187  1.6179538
 1.4879111  1.6375339  1.3532486  1.7556804  1.2276964  1.5512539
 1.7384148  1.7000926  1.7417372  0.65522665 1.5678203  2.139836
 1.3791511  1.1769506  0.9025847  1.5776743  1.2458206  1.6701592
 1.3817279  1.6312394  1.6766163  1.5877255  1.5670568  1.1098418
 2.0759342  1.4612902  1.3849204  1.5631368  1.5232898  1.7628572
 1.8894806  0.931759   1.5232598  1.6923796  1.639797   1.6546826
 1.0834588  1.8597509  1.1762991  1.1529317  0.80351955 1.012104
 1.305715   1.5605965  1.881499   1.845843   1.4294227  1.7829245
 0.9427932  1.105323   1.5100213  1.8888237  1.3404518  1.0637342
 1.419394   1.5594184  1.8766308  0.677655   1.9020476  1.8467742
 1.4766884  1.7610339  1.4803133  2.0296822  1.3263791  1.2809681
 1.6098391  1.922661   0.93789953 1.461351   1.3154625  0.98724097
 1.7395709  1.5045091  1.1254193  1.5743005  1.6205517  1.8809397
 1.4593066  1.0183961  1.5982258  0.7968704  2.2111294  2.2353864
 1.4465402  2.0967388  1.4263972  0.96266603 1.58075    0.8130265
 1.6585459  1.8963145  1.945651   1.8401189  1.4509363  1.8324196
 1.6386515  1.9394745  1.5364894  1.7808517  1.5495243  1.4345951
 1.6465961  1.3390765  1.2447455  1.6257733  2.0566168  1.5458105
 1.7685155  2.08714    2.37238    1.8224057  1.9374914  1.466962
 1.7574308  1.8704988  1.8208385  1.2253772  1.6014683  1.3076618
 0.85629773 2.0477     0.95391524 1.3059249  1.6665235  1.4014362
 0.83223736 1.2127994  1.292333   1.5016912  1.5811853  1.1818388
 1.1185249  1.8805877  1.6816819  1.3159472  1.4933609  1.3455466
 1.8059144  1.1421921  1.8470047  1.7457732  1.6577517  1.2090353
 1.0308677  1.3326977  1.4274615  1.148982   1.7970184  1.3339938
 1.2587975  1.1759471  1.2666526  1.2735189  1.7644356  1.6779662
 0.8944024  1.9596837  1.3550378  1.5352607  2.5382206  2.3725832
 1.3498969  1.7018763  1.4199129  1.7944204  1.2466352  1.7219254
 1.4687092  1.5341493  0.9187149  1.5836201  1.3184594  1.4188467
 1.2297256  1.4185425  1.4685491  1.567437   1.4768025  1.4808701
 1.2242873  1.304612   1.5061526  1.208963   1.2930888  1.7039773
 1.3500334  1.6016543  1.5128437  1.1349483  1.5041422  1.4053371
 1.8423054  1.2823637  1.0433424  1.4470439  1.8836526  1.4638556
 2.4650495  1.6915253  1.3211895  1.263201   1.1747372  2.021136
 1.3379946  1.4184878  1.1390207  1.3434032  1.6831604  1.6859109
 0.9733397  1.1819144  1.3432016  1.9516042  1.9121006  1.2271518
 0.83488846 1.6745232  1.4860754  1.6332829  1.1232942  1.4727442
 1.578099   1.7270706  1.749489   1.0417238  1.3027307  1.5971985
 1.4970809  1.7396445  0.90771097 1.845879   2.1139321  2.0595567
 1.1299859  1.6953692  1.376476   1.1011629  1.3833818  1.7639424
 1.2591708  1.3732128  1.5896902  1.44525    1.7294924  1.7654799
 1.0361966  1.8695602  1.6761783  1.4931587  1.6346701  1.6785724
 1.2386377  1.1492001  1.4640235  1.529434   1.7655427  1.0487926
 2.0655727  2.0204208  2.073091   1.382915   1.7797529  1.8463483
 1.4329523  1.2575636  1.702849   1.6107153  1.3213559  1.0113773
 0.90482897 1.1243806  1.452397   1.3332505  1.2035195  1.1982744
 1.1759008  0.9551432  0.86248523 1.1064587  1.6883558  1.6538519
 0.8609516  1.3479459  1.793119   1.5054243  1.8668004  1.1959386
 1.6636449  0.9305143  1.3057345  1.4894431  1.3535109  1.5043024
 1.4999229  1.8574541  1.4310915  1.6622517  1.3753693  1.0464549
 1.7577709  1.5303953  1.1417073  1.240122   1.7739617  1.7020146
 1.6321974  0.85165477 1.7141061  2.0585306  1.1702124  1.4813651
 0.64793956 0.89876145 1.6722829  1.75133    1.937671   1.6534818
 2.0995638  1.6798143  1.6057738  1.7348964  1.4806842  1.5733312
 1.2652546  1.23292    1.2958584  1.2045791  1.9817088  1.8401811
 1.3191059  1.480724   1.7615913  1.4918677  1.4082795  1.7033471
 1.881448   1.4507929  0.9161625  2.1254787  1.384218   1.4635016
 1.581143   1.2518963  1.6962092  1.643084   1.6239843  1.3638386
 1.8909767  1.4855199  1.5360439  1.6351427  0.94758666 1.8647923
 1.3424375  1.4166287  1.2456337  1.1370604  1.580724   1.4164358
 1.4036239  1.8889381  2.11949    1.5730935  1.7684891  2.0306032
 1.2362086  1.449331   1.3384897  1.5586387  1.3196774  1.6175982
 1.8968847  0.78752536 1.759631   1.2215457  1.5473993  1.9438798
 1.6819278  1.886938   1.6545728  1.4456856  1.65693    1.5818943
 1.3266112  1.2397667  1.6463104  1.6731932  1.5716691  1.3018969
 1.4833288  1.268045   1.6650739  1.6267164  1.4811383  1.4847704
 1.7186539  1.4853748  1.1848208  1.7114265  2.408674   1.9525359
 1.110344   1.3621168  1.9686787  0.91748255 0.8608231  1.1921382
 2.0301187  1.449463   1.5264242  1.8513373  1.6332552  1.4941549
 1.1319683  2.0967577  1.9267688  1.5782524  1.538337   0.98700315
 1.4094319  1.4082968  1.7940767  2.162812   1.3584793  1.6598985
 1.1967286  1.1224898  1.2119296  1.859611   1.7013943  1.5623
 1.5314249  1.7006302  1.5173295  1.3446256  1.5162176  1.8469776
 1.6857388  1.6113266  1.9840604  1.3700448  0.98690164 0.97463804
 1.678997   1.3907474  1.2256348  1.0113583  1.560458   1.3982589
 1.8736774  1.8134396  1.7288319  1.1738651  1.79096    1.7170029
 0.58676124 1.6162484  1.4030335  1.8073072  1.5997162  1.4397321
 0.8984615  1.2777994  1.296165   1.8876458  1.8464788  1.3275619
 1.4003131  1.3216863  1.3392298  1.6770221  1.6651064  1.1741049
 0.92134213 1.3513525  1.4539787  1.6734779  1.5722998  1.0776454
 1.5067998  1.3508835  1.1429867  1.1436318  2.550713   1.568715
 0.9734372  1.378939   1.8935952  1.1306839  1.9542937  0.97595555
 1.8043263  1.4636925  1.2405318  2.1978257  1.9254452  1.7414191
 1.9358162  1.8599572  1.249918   1.6937149  1.5614486  1.6598186
 1.4461101  1.4572068  1.9774427  1.2300558  1.515547   1.620735
 1.1579994  1.529121   1.4583042  1.7299069  1.6609083  1.6730686
 1.4199703  1.2407655  1.4134326  1.9232398  1.1308846  1.0263187
 1.589783   0.883945   1.6783628  1.6067003  1.8635582  1.8332914
 1.3161501  1.908118   1.6305898  1.564042   1.1177242  1.7670743
 1.3498923  1.6467682  1.9565973  1.8446655  1.5142289  1.1661628
 0.8956499  1.320404   1.6283382  1.6802335  1.1172943  1.6347781
 1.7581131  1.8385437  1.4670587  2.0216687  1.5371594  1.4235839
 1.575249   1.3330766  1.375276   1.5969257  1.6361324  1.5108938
 1.8655257  1.4138141  1.0181653  1.8580865  1.3227725  1.2546469
 1.8943648  1.7467167  1.3660599  1.3461349  1.8552173  1.8429492
 1.6728265  1.5149982  1.1253612  1.3138927  0.7519954  0.8299848
 1.1907101  1.2458785  1.4698911  1.6359735  1.7113314  1.1793548
 1.7189282  1.7408082  1.9881202  1.9477861  1.1911043  1.6332921
 1.3361773  2.0923514  2.0193577  1.6879444  1.9397951  1.469875
 1.3972607  1.3336439  1.205143   1.3454807  1.5297     1.7283438
 1.0637339  1.7360343  1.691973   1.3896126  1.5256561  1.5819302
 1.7131865  1.5537329  1.6590801  1.5030895  1.5367576  1.8453456
 1.8164074  1.3820664  1.5654688  1.4921612  1.2983663  1.5433729
 1.7714416  1.697313   1.4744793  1.3454015  1.7194687  1.7383456
 1.7212573  1.589836   1.6417218  1.6687733  1.8262041  1.8760189
 1.79834    1.7148126  1.5348748  1.7108699  1.1578946  1.726114
 2.0952854  1.4389925  1.6108079  1.7823447  1.3009727  1.5202842
 1.1500803  0.8047534  1.6607985  1.7319262  1.8078747  0.9672001
 1.0637692  1.0457902  0.9978972  1.5478193  0.7806571  1.4694998
 1.2147573  1.3610998  0.98380435 1.183615   1.5375549  2.0877345
 1.1308669  1.331362   1.2618335  1.4640712  1.7984163  1.6953655
 1.4859966  1.6268973  1.3371581  1.5327774  0.7028978  1.7171208
 1.7024912  1.3924847  2.1568327  0.8462963  1.548157   1.4957862
 1.7586913  1.7864892  1.9286935  1.935046   1.2978258  1.8319831
 1.0998291  1.6217673  1.5033962  1.6802663  1.8489053  1.4843026
 1.4888632  1.5362715  0.78920895 1.5855639  1.4281644  1.3958191
 1.6686734  1.1512271  1.2626683  1.6927584  1.1322953  1.5546051
 1.578854   1.1784066  1.7545526  1.5903883  1.8296406  1.3505224
 1.5948434  1.1239     1.2194811  1.3911898  1.8411853  1.4436513
 1.5751457  1.7832834  1.4662738  1.6696501  1.558342   1.7742306
 1.1128508  1.654769   1.6356401  1.2458988  1.6668082  1.5924286
 1.0813048  2.1537893  1.7491003  1.6674265  1.3720021  1.6424568
 1.6414317  1.4457092  1.2095367  1.637317   1.573637   1.538485
 1.4565     1.4758586  1.8159705  1.617514   1.5629494  1.6722956
 1.6579385  1.0357243  1.7783726  2.2027974  1.3436071  2.1520665
 1.4981263  1.1074748  1.5001942  1.6610538  1.87557    1.4175509
 1.2162977  1.6312282  1.7677664  1.4338517  1.7678436  1.86989
 0.71821463 1.3324838  1.7586346  1.6633464  1.4931899  1.8221154
 1.7856649  1.776076   1.5773846  1.2744297  1.8326743  1.8388958
 1.6241295  1.4296441  1.9611974  1.6184655  1.8306341  1.8225704
 1.4381425  1.4094111  1.014102   1.535792   1.525222   2.125561
 1.0277331  1.6519884  1.8545595  1.838464   1.8268207  1.116738
 2.017422   1.7737362  1.6827013  1.0562344  1.9557264  1.5028771
 1.5757217  1.4121976  1.5807601  1.4478229  1.719992   1.5853275
 1.6609961  1.050063   1.5620868  1.3647159  1.820589   1.8305434
 1.6194552  1.4361182  1.5095993  1.8890011  1.6137192  1.8611196
 1.7181123  1.709896   1.8318521  1.6156725  1.4655713  0.88708436
 1.1930654  1.6897258  1.8132155  1.2635081  2.2871816  1.792493
 1.6252524  1.7916862  1.7063884  1.1400657  1.4918045  1.3547446
 1.7023199  1.1929519  1.482013   1.6025872  1.7203629  2.2210271
 1.6393304  1.5657462  1.0672671  1.287145   1.3841234  1.5743535
 1.1061293  1.7942015  1.4233735  1.3058114  1.3711561  1.4854306
 1.3607451  1.3906645  1.4640156  1.055842   1.3179319  1.8147118
 1.5385221  1.610829   1.0025911  2.225627   1.6924453  1.2696639
 1.9101125  1.1391816  1.6783242  1.4594022  1.4023077  0.9446986
 1.7254721  1.1608007  1.8033253  1.2064091  2.1918764  1.7561953
 1.485686   1.1533117  1.6759901  1.7337831  1.5774053  1.8258379
 1.158942   1.1650307  1.4127821  1.4383307  1.585823   1.577055
 1.6946977  1.4261075  1.1489042  1.8792839  1.3742613  1.652595
 1.8409972  1.2593102  1.676415   1.3749605  1.3565754  0.8379009
 1.449405   1.399946   1.1488179  1.6931118  1.4606164  1.2051072
 1.8899488  1.439603   1.0701667  1.6300914  1.5727605  1.3146403
 1.7219537  1.8804405  1.5362508  0.8676135  0.8017852  1.8161181
 1.6829038  1.333753   1.737857   1.8203814  1.361401   1.7081283
 1.6479007  1.6428952  0.9597713  1.5587659  1.4031224  1.6448779
 1.4364814  1.7653483  1.7693388  0.81124336 1.6286945  1.130313
 1.6321774  1.2873336  1.8249335  1.3429308  1.0700978  1.8225995
 1.5404938  1.6600429  1.5142071  1.5528474  1.5185966  1.2612237
 1.3386928  0.6815479  1.7180016  1.476121   1.4739746  1.6733328
 1.4542258  1.6470298  2.3064597  1.471663   0.85462064 1.1844852
 1.2353313  1.7248346  1.8812213  1.0951575  1.8154804  1.2023988
 2.1257162  1.2885844  2.0178497  1.7845048  1.50943    1.45042
 1.5990189  1.1904271  1.3413795  1.4187777  1.8198544  1.7219757
 1.2753961  1.7617373  1.2549623  1.6697807  1.6030217  1.2577319
 1.4380336  1.1899912  1.2441733  1.5366701  1.2559711  1.808671
 1.9388396  1.5647675  1.3708775  1.6750907  1.8356812  1.0936476
 1.3506287  1.8196079  1.8965645  1.3626258  1.49581    1.4348636
 1.7504125  2.1119623  1.5375426  1.609914   1.5397525  1.6756532
 1.4183648  1.458316   1.538169   1.4721854  1.5325826  2.021002
 1.1948732  1.2048141  1.7875338  2.0273185  1.7774498  0.67327905
 1.5799962  1.8361224  1.7480123  1.5688496  1.5954826  1.7301061
 1.7477888  1.5593948  2.0836148  1.8791559  2.2473943  1.4040936
 1.5321069  1.6575086  1.1463286  2.11968    1.5954607  1.7879273
 1.9569087  1.3369062  1.4585329  1.7698257  1.262473   1.7008151
 1.972839   1.3486124  1.5642849  2.1202688  1.4716398  1.0587639
 1.8178418  1.9470413  1.3205695  1.9007806  1.7096196  1.2009144
 0.9293023  1.6105669  0.62066525 1.8585206  1.9976063  1.0393475
 1.7588362  1.127791   1.5193458  1.2851503  1.7670151  1.6713318
 1.7618802  1.0581     1.3467823  1.2821949  1.371948   1.639164
 1.5975584  1.7865841  1.8419442  1.2047622  1.9073176  1.9232769
 1.9347328  1.2458642  1.8962797  2.0151606  1.5501842  1.9607939
 1.7661009  1.1459854  1.2548503  1.8493087  1.5745692  1.308311
 1.2867427  1.7788614  1.3515263  1.6971195  0.8079207  1.2497101
 1.2421436  1.9916735  1.2460248  1.5672609  1.3174133  1.5870731
 1.9464552  1.4086404  1.6642263  1.6068203  1.5108689  1.3230128
 1.2277693  0.72566396 1.382371   1.5649999  1.645032   2.2253098
 1.4181159  1.5219815  2.0980005  1.3834928  1.5658408  1.8988304
 1.6537342  1.7166437  1.3198081  1.756791   1.583658   0.92424995
 1.1550287  1.3547957  1.1298057  1.7817639  1.210676   1.7589182
 1.4153415  1.3376672  1.1085632  1.1032765  1.738377   1.5786657
 1.1679968  1.5683463  2.369836   1.6377428  1.4143975  1.7108177
 1.3002771  1.2848567  1.5180917  1.4891325  1.9791299  1.4687582
 1.307452   1.5731226  1.2679833  1.5594094  1.5972184  1.5306304
 1.8278021  1.4282155  1.2798843  1.1422136  1.4094378  1.4758188
 1.4391831  1.2395779  1.0191851  1.4310195  1.5778344  1.6203657
 1.2744497  1.1847614  1.031493   1.3190423  1.0212259  1.290729
 1.850729   2.1465256  1.4855882  1.2865343  1.6300398  1.0500903
 1.3066012  1.2294718  1.7649143  1.3537723  1.1580725  1.2343673
 1.8150584  1.7666866  1.758432   1.9287401  1.4851043  1.6958436
 1.8182753  1.2030807  1.8205965  1.6369921  1.3203626  1.3394547
 1.3187349  1.7114264  1.9239919  1.3318586  0.7510953  1.5597421
 1.3315444  2.1111364  2.005312   1.1513337  1.220017   1.223058
 1.4918516  1.2783705  1.5560229  1.2470945  1.751951   2.376534
 1.5583369  1.8384085  1.75671    1.6727983  1.7331437  1.6935505
 1.6087862  1.2826178  1.7112451  1.7042713  1.387941   1.5310822
 1.1357816  1.4581772  2.0766573  1.9298935  1.1844254  1.0878656
 1.6473397  0.62959903 1.3016722  1.1676775  1.2463584  1.9604791
 1.6845748  1.4299918  1.7986408  1.6325605  1.9816754  1.9216292
 1.1028382  1.015445   1.126526   1.5338527  1.9316325  1.7569712
 1.3747966  1.1675823  1.3665085  1.6352314  1.7740663  1.7106355
 0.94669676 1.5381352  1.5118676  0.9628245  1.4777014  1.9095532
 1.6909086  1.629037   1.5642442  1.7051363  1.6427616  1.1321738
 1.5284313  0.9860151  0.8284714  1.8422041  1.7940661  1.7984668
 1.8353543  1.213491   1.4900677  1.5154282  1.3364941  1.5650886
 1.1621926  1.7734725  1.420946   1.4940647  1.4523032  1.3701468
 2.1484962  1.3045503  1.2835442  2.0910192  1.4594237  1.1755383
 1.8342347  1.3587054  1.5830994  1.8156874  1.5778857  1.5542256
 1.4504422  1.1632358  1.3977659  1.7099975  1.4403254  1.7202345
 1.186575   1.6003442  1.194385   1.4062833  1.6567392  1.3169775
 1.2363895  2.1559074  1.694144   1.746362   1.8207581  1.3834567
 1.5530019  1.3018676  1.7235026  1.2193043  1.3440765  1.6453214
 1.6451641  1.932607   1.3474786  1.7932827  0.975278   1.7913417
 1.1919314  1.6578882  1.5374498  1.6496297  1.4044626  1.2397914
 1.6378553  1.8404844  1.3075517  1.8861258  1.5128537  1.7277751
 1.8253758  1.6477692  1.3743937  1.0806019  1.6058583  1.4431335
 1.3807359  1.2685975  1.3163201  1.8010657  1.8017689  1.6986784
 1.1880208  1.1885867  1.7379214  1.565736   1.4603106  1.2254142
 1.6680235  1.740244   1.5921896  1.7912501  1.5838989  1.6852336
 1.6137525  1.6958878  1.3682408  1.4618428  1.4024427  1.3229619
 1.5520916  1.6188699  1.1220965  0.7899871  1.8418766  1.3042417
 1.4455854  1.3793411  1.3823346  1.1391814  1.6881547  0.8509495
 1.0874574  1.2965125  2.0141032  1.6680874  1.6756653  1.8340863
 1.4254553  1.762221   1.3957431  1.7560623  1.3197325  1.7844782
 1.3546498  1.6004758  1.5972074  1.2441328  1.0109987  1.1964209
 1.3244914  1.5262246  1.3817987  1.613605   1.5721974  1.4843874
 1.5928255  1.3721838  1.3936589  1.1523025  1.1976738  1.4854937
 1.5824648  1.7239171  1.5715165  2.3429315  1.4805236  1.4328511
 1.3496538  1.2509469  1.6597273  1.2834133  1.5299286  1.4117162
 1.8611451  1.9508277  0.981113   1.5615048  1.6393301  1.8937529
 1.1848295  1.778502   1.3468819  1.767098   1.4260979  1.8247548
 1.9994946  1.1972398  1.4174361  1.2194479  2.1367815  1.7056309
 1.6342742  1.7256861  1.2983961  1.9407403  1.790635   1.4437861
 2.0618632  1.3850664  1.8446841  2.0280604  1.5860938  1.3920503
 1.6197373  0.9330116  1.8929508  1.9040519  1.8648392  1.3662598
 1.8231217  1.8500277  1.136324   1.7857594  0.9750874  1.452713
 1.6179289  1.6012795  1.554086   1.6891271  1.3253998  1.3302954
 1.325441   1.5684853  1.3121598  1.0956863  1.0727865  1.6459872
 1.7284399  0.81715435 1.890905   1.3267771  1.6458603  1.5640496
 1.8919016  1.679438   1.4862348  1.4566889  1.8003156  1.1958108
 2.1195161  1.5504112  1.6261282  1.7273436  1.6137977  1.4671915
 1.627226   1.4462855  1.5650975  1.7403109  0.62724453 1.3959879
 1.4916018  1.3185002  1.7982175  1.5681322  0.96755964 1.574546
 1.642441   1.4862684  1.1015636  1.3756499  1.5676984  1.3160052
 1.9194281  1.6970488  1.5338658  1.5599308  1.3877071  1.1328673
 1.9304905  1.2654217  1.3546333  0.8065807  0.71753746 1.3387288
 2.121679   1.4131535  1.4553932  0.79045844 1.1939853  1.8701673
 0.9857426  1.266461   1.2977959  1.7520179  1.4013703  0.8005189
 1.2667128  1.8864049  2.022461   0.979026   1.3718258  1.6031011
 1.9454156  1.8692808  1.4157288  1.1717523  1.4613751  1.6344131
 1.6134081  1.7564728  1.7016338  1.1570702  1.7928071  1.6133515
 1.9747994  1.6065197  2.054251   1.1981345  1.9578758  1.8468486
 1.8028938  0.9493529  1.4412643  1.1924582  1.4359787  1.9396973
 0.851254   1.8416653  1.5816739  1.7736567  1.4904523  0.67919445
 1.9493207  1.7463598  1.3220655  1.2357521  1.1390948  1.3927814
 1.580783   1.4113768  1.8246317  0.9178156  0.93644476 1.8501312
 1.5320674  1.5162145  1.4198501  1.737846   1.1360155  1.4757293
 1.4387096  1.3400823  1.3346663  1.810008   1.6279697  1.8556592
 1.9483894  0.7818391  1.3371145  1.2113338  1.3835956  1.6821777
 1.911604   1.900009   1.5768511  1.7936754  1.0063837  0.9991817
 1.6525342  1.7813857  1.9570091  1.4917276  1.4267092  1.8203514
 1.5396574  1.7219635  1.7555785  1.7079303  1.3590933  2.3268669
 1.3510191  1.116046   1.4583524  1.5633401  1.0484772  1.1237116
 1.6012298  1.3658838  0.9712436  1.4732304  0.74616057 1.2838937
 1.446321   1.5772673  1.340492   1.5413657  1.1346039  1.8193616
 1.7739236  1.6214621  1.4236233  0.9871116  1.8458358  1.4057862
 1.927983   0.58072066 1.716254   1.4041727  1.3424544  1.7830974
 2.1891098  1.594902   1.6937956  1.1426437  1.516032   1.600699
 1.1572505  1.5647857  1.6182964  1.4675188  1.2701151  1.5399908
 1.7302908  1.4034176  1.3484662  1.1372652  1.3937682  1.4617295
 1.0584545  2.1486366  1.8033214  0.97654384 1.629681   2.007346
 2.008452   1.1020198  1.3629699  1.1352856  1.0802332  1.1211072
 0.7114753  1.7927626  1.3934484  1.660547   1.7288678  1.4877882
 1.6233774  1.2628947  1.4500976  1.3317037  1.6496418  1.3299098
 1.6293067  1.6169256  1.3248177  1.4155805  1.5757651  1.513494
 1.4234143  1.3804005  1.7464594  1.9308543  1.8386453  1.3374785
 1.2693938  2.0363808  2.3524487  0.9695711  1.1894898  1.603813
 1.9791962  1.8294431  1.7915606  1.4680768  1.9864297  1.056573
 1.4848891  1.953504   1.40084    1.4734614  1.4871746  2.0611825
 1.6550028  1.5408548  1.5397767  1.6553855  1.5428346  0.93285817
 0.77343976 0.90388495 1.3421456  1.085582   1.5631905  1.0589033
 1.3799503  0.9094354  0.9012629  0.8628641  1.5886194  1.3267845
 1.3199998  0.8698499  1.6960254  1.4074104  1.5384924  1.6536708
 1.2900708  1.5252213  1.4112831  1.7267177  1.6097852  1.4264424
 0.9209602  1.1542152  1.8039361  1.6865656  0.92395186 1.3428208
 0.9119586  1.0582229  1.6737986  1.6877905  1.9200747  0.8354962
 0.9203434  1.130636   1.3999088  1.0825391  1.0410599  1.0978863
 1.1734309  1.3797917  1.3148159  1.6257744  1.1215725  1.384563
 1.0432645  0.9435643  0.9038106  0.9916467  1.5336984  1.2498401
 0.9148454  1.6100017  1.2040317  1.0940146  0.9656418  1.4308472
 1.5709817  0.9023373  0.85260594 1.0034009  1.2699884  1.4783268
 0.9361781  1.0590929  0.9037258  1.3770694  1.2615265  1.4441726
 1.2632424  1.4941385  0.95050704 1.7949522  1.078174   1.0651599
 1.4286903  1.0538914  1.3875273  1.9241843  1.7829351  1.7661309
 2.1782517  0.73162574 1.1134299  1.1096406  1.3988485  2.0128462
 1.29398    1.8240584  1.1068321  1.5957938  1.61081    1.1360643
 1.2687663  1.3737931  1.7702094  1.5502493  1.8642755  1.5648164
 1.6755263  1.7447472  1.1411088  0.89249223 1.229877   1.1842469
 0.86637056 2.0961974  1.4437644  1.3862511  1.1948361  1.2740705
 1.3235761  1.5117548  1.942119   1.4569204  1.5868362  2.043382
 1.6010816  1.7650533  1.3997067  1.8279936  1.7767234  1.6546435
 1.1213462  2.3313863  1.4727247  1.7452931  1.5031486  1.7564873
 1.3672718  1.1803889  1.454799   1.4414644  2.1389656  1.7439268
 1.7401437  1.3384864  1.6432773  1.9537644  1.5986582  1.6318433
 1.5518407  1.3667597  1.0398628  2.0396266  1.2227196  0.76155657
 1.293033   0.90989786 1.0206994  1.0636243  1.7361673  1.5854481
 1.3606491  0.9441853  1.8514451  1.4938766  1.5840815  1.1697029
 1.3779814  1.8093505  1.4018261  1.8633281  1.5741243  1.568247
 2.084939   1.991036   1.6964935  1.9385345  1.2995151  1.1584784
 1.5457227  1.6897593  1.6718062  1.6662264  1.2633871  1.6424438
 0.7558445  1.5719643  1.977227   1.8664513  1.5958354  1.823507
 1.6334497  1.6158142  1.3930364  1.4125981  1.2074708  1.8382739
 1.8174734  1.6546423  1.4466146  1.6856742  1.4670782  0.92562073
 1.1264988  0.7801012  1.5233399  1.2445818  1.380991   1.4162369
 1.7793641  1.7823321  1.5332216  0.9030823  2.0437074  1.9111347
 1.2950226  1.4513938  1.2583661  1.584563   1.5499147  1.193198
 2.0356216  1.5494543  1.9082063  1.9001802  1.291841   1.828252
 1.085538   1.5678953  1.298774   1.6052967  1.3252867  1.3650726
 1.5524547  1.526424   1.6375935  1.6986125  1.4299047  2.1806922
 1.5965401  1.6140014  1.7810591  1.6611578  1.0385714  1.6159754
 1.2920822  1.421267   1.3403443  1.6331292  1.2225927  1.1387587
 1.0917231  1.4188691  1.7019101  1.5336293  1.7893484  1.6596549
 1.9733557  1.3574989  1.5181782  1.4106407  1.5803541  1.7193472
 1.2559304  1.2397283  1.7615228  1.7902384  1.4503038  1.323814
 1.9908572  1.6998998  1.9204817  1.5300432  1.8086156  0.86531985
 1.7382035  1.6363846  1.7041293  1.2458699  1.5448536  1.6074444
 1.8072385  1.147044   1.367526   0.99013007 0.87085116 0.86652917
 1.0089288  0.94466555 1.1870589  0.7555709  1.4634656  1.9230286
 1.9345014  1.2572699  1.4161575  1.3247645  1.6749893  1.4441675
 0.9865874  1.4898188  1.2367173  1.0416826  1.9471226  1.2770157
 1.5449052  1.1216238  1.2161492  1.8682877  1.6590866  1.0762396
 1.1068983  1.2890002  1.6526636  1.0862801  1.1728681  1.9511867
 1.0276582  1.6193178  1.788116   0.8332449  1.8592107  2.2278326
 1.8689725  1.7263228  1.3849788  1.5351187  1.4565417  1.4284979
 1.6806812  1.5432665  1.4871699  1.7578884  1.0486231  0.79023904
 1.3258083  1.2122219  1.6663951  1.3895745  1.2149856  1.2311091
 2.321026   1.4323004  1.7762138  1.6452508  1.6415575  2.0296738
 1.9886167  2.0679948  1.8406618  1.766576   1.8393159  1.9898257
 1.9065591  1.9116827  1.0892508  1.4871747  0.936989   1.9046127
 1.6819421  1.8183126  1.7238431  1.7128139  1.8075805  1.6199406
 1.395488   1.5496844  1.2458295  1.0244116  1.4789562  1.3436372
 1.1767565  1.8655102  1.6123058  1.752296   1.2333766  1.4376593
 1.5361385  1.8869491  1.1418457  0.85968137 1.1424886  1.8022337
 1.6856036  1.2525136  1.2613432  1.0714532  1.182903   1.4708719
 1.9746159  1.2376095  1.7508379  1.7991322  1.4674344  1.0061067
 1.841647   1.6341194  2.1872425  1.2475145  1.3224633  1.4685876
 1.1850711  1.2381539  1.2683016  1.1679562  1.2931932  1.4918177
 1.1568469  1.5232636  1.6092104  1.3749247  1.2878621  1.4879422
 1.1267998  1.8752974  1.1725593  1.625552   1.1428857  1.6521822
 1.5464184  1.3059155  1.8135283  1.505169   2.0958776  1.5483311
 1.4734315  1.7993468  1.6984192  1.7091377  1.5068991  1.2520367
 1.1664652  1.3153853  1.4437053  1.7776216  1.3594406  1.770595
 1.6616498  1.8111516  1.7980096  1.6502496  2.2405422  1.0843638
 1.752326   1.9083768  1.7837977  1.6935323  1.5036479  1.3423744
 1.9070648  1.8531373  2.0892482  1.3247079  1.2929748  1.888445
 1.255806   1.0807682  1.2155851  1.5932206  1.7393749  1.6095339
 1.4932033  1.8533173  1.8124087  1.6477264  1.6914009  0.94990224
 1.3737919  1.0751705  1.1743495  1.0462309  1.6073301  1.0862849
 1.1185596  1.4763671  1.4589028  1.9240406  1.7248888  1.7431625
 1.1374239  1.379814   1.314407   1.0564055  1.489663   1.881924
 1.9451274  1.5506539  1.6034203  1.6693223  1.0476433  1.1766946
 1.1622956  1.285474   1.7692424  1.7975819  1.9137851  1.943526
 1.6705042  1.5094285  2.119657   1.3914131  1.8951379  1.4421358
 1.794579   1.308825   1.3762289  1.8834273  1.8276522  1.2463597
 1.212412   1.2991036  1.6416501  0.9032418  1.6535505  1.4762577
 1.0757384  1.7945902  0.7590484  1.0118208  0.40829107 1.4538127
 1.4073162  1.4249158  1.4833081  1.1953212  1.5952412  1.3753151
 1.4872481  1.925415   1.330894   1.638969   1.9237016  1.0087504
 1.7254907  1.6845949  1.5618068  1.9477149  1.7147185  1.2456244
 1.5668486  1.6442516  1.4507498  1.5005803  1.5882865  0.86783874
 1.3179657  1.6380056  2.0449774  1.0813705  1.5635302  1.3984163
 0.82887214 1.7544165  1.9667443  1.0713791  1.6131312  1.2026821
 1.7405843  1.676388   1.5978174  1.7978983  1.1974653  1.7055826
 1.5090556  0.7496989  1.186815   1.437749   1.2749069  1.2909659
 1.5879368  1.0716124  1.9969825  1.6467589  1.4405943  1.5569179
 1.1257925  1.8709993  1.5351729  2.03198    1.3443265  1.3141617
 1.1515915  1.2114122  1.8312967  1.4013891  1.7167909  1.295548
 1.1073761  1.9156313  1.6959993  1.8184583  0.660999   1.5465573
 1.9227039  1.7621517  1.1980561  1.6124808  1.3108454  1.7806584
 1.4256928  1.2765502  1.3748523  1.7737432  1.3351542  2.121296
 1.322935   1.242446   1.4410026  1.3066124  1.7208892  1.874865
 1.4858055  1.5644628  1.8457178  1.9277507  0.9002965  1.5953157
 1.4132992  2.2210212  1.3695459  1.4907507  1.6026796  1.2412953
 1.7616019  2.2612855  1.3008977  1.3347028  0.70576584 1.9581585
 1.720096   1.2833831  1.0575752  1.8729757  1.4013072  1.4913359
 1.5322478  1.9659718  1.7216325  1.5378174  1.5068558  1.9242098
 0.83736986 1.6834975  0.7408116  1.5218275  1.5294626  1.9111595
 1.8452176  1.5554844  1.2644919  1.3130269  1.7446886  1.6725346
 1.6938487  1.4782608  1.6913843  1.8863566  1.6584004  1.4135139
 1.525732   0.92251474 1.1703813  1.865892   1.4865994  1.8590608
 1.8540395  1.1002442  1.5338864  1.8700496  1.7932111  0.9704729
 0.95780575 0.78761107 1.2470943  1.3743317  1.492161   1.7393068
 1.4557906  1.6846987  0.8408143  1.7818822  2.2108505  1.4375883
 1.4732878  1.1069847  1.1957209  1.1388197  1.9213337  1.3723626
 1.335323   2.0098124  1.4816676  1.4002186  1.2500925  1.3417447
 1.6388617  1.6882     1.3998523  2.1181958  1.5056043  1.7300344
 1.177079   1.0209464  1.7764801  1.1024616  1.6069437  1.7930995
 1.2228801  1.1939764  1.5609058  1.5376892  1.4252524  1.2086885
 1.9738067  1.3750343  1.6298838  2.0485437  1.7981933  1.6752827
 1.7039639  2.0108733  1.4518427  1.7048274  1.6630001  1.702963
 2.0020168  1.3310965  0.82363826 1.8627554  1.3116359  1.4542992
 1.5753596  1.8461496  1.2334524  2.0303285  2.002632   1.2580382
 1.3238658  1.6469278  1.4510188  1.7298199  1.236782   1.7525631
 1.8845307  2.1392756  1.8693173  1.903962   1.558145   1.0185013
 1.7832761  0.9293942  1.4579012  1.3847568  1.7812054  1.4848924
 2.1222007  1.5956756  1.6353147  1.7356554  1.3384812  1.7667019
 1.6559343  1.4821763  1.0637008  1.1862724  1.5078595  1.6417958
 1.4881918  1.2892581  1.2547535  1.6699153  2.2218943  1.1547178
 1.3909011  1.8870012  1.9832547  2.202231   2.0112343  1.5193574
 1.7736707  2.1534736  1.3861542  1.3290988  1.2767024  1.5092095
 2.2249744  1.27547    1.2842616  0.96770334 1.605216   1.5345792
 2.0785165  1.3436528  1.3787954  1.641496   1.2545295  1.3078313
 1.5748479  1.7583798  1.5283604  1.8449383  1.7601297  1.7955465
 1.2116729  1.3490995  1.5271186  2.3030052  1.6411641  1.248246
 1.5947987  1.1148449  1.6309317  1.2610446  1.246987   1.432085
 1.4778278  1.8596424  1.462072   1.765564   1.6582897  1.7727834
 1.2617439  1.390554   0.8313589  1.6335926  0.85597694 2.0155535
 1.7577214  1.3923299  1.6354146  1.3293276  1.2154472  1.5537744
 1.6320343  1.4792172  1.8739898  1.64491    1.6153185  1.8365066
 1.704563   1.4284368  1.1798491  1.8302104  1.5315684  1.522347
 1.807109   1.7813737  2.0468104  1.6509141  2.0276089  1.7544221
 2.2160466  1.7939388  0.7391442  0.9123255  0.9475047  2.1660562
 1.6359799  1.2607211  1.0309649  1.0709244  1.6147476  1.722558
 1.1968365  1.1925004  1.5959042  1.6293272  1.6484278  1.3024722
 1.3643751  1.431616   1.117915   1.7483178  1.7037655  1.7227527
 1.5649565  2.0363245  1.3544537  2.0131493  1.6246437  1.4911314
 1.7749048  1.1324866  2.02591    1.209971   1.4101557  1.4331883
 1.2813506  1.6883627  1.2155402  2.4748409  1.617934   1.0917342
 1.7989291  1.3744069  1.8292996  1.8484069  1.663171   1.3685017
 1.6606677  1.9874817  1.4806939  1.4707612  1.2807895  1.6066214
 1.0067302  1.2280545  1.7517277  1.4110414  1.3851955  1.4519427
 1.3269436  1.6424762  1.1202648  1.7890674  2.329793   1.5352231
 1.5781406  1.4993242  1.1834146  1.4635513  1.8397202  1.5119615
 0.8257133  0.52523917 1.442534   1.3834925  1.7023172  1.6631328
 1.0999148  1.8899034  1.4211391  0.9742851  1.9425652  1.4286445
 1.762369   1.5987196  1.4985492  1.0143863  1.3230165  1.5734534
 1.1355894  1.825531   1.7809014  0.7429949  1.3248658  1.6660225
 1.5126343  1.8427539  1.7685964  1.3166279  1.6120442  1.9805859
 1.7539791  1.6540028  1.7057313  1.533081   1.0414989  1.07606
 1.1149124  1.0834728  1.9028053  1.254416   1.7769513  1.5856675
 1.3697193  1.7239386  1.8439908  1.660979   1.6881071  1.3732094
 1.0447801  1.4128021  1.5529597  1.9430848  2.2823505  1.420465
 1.4109204  1.6773219  1.2428837  1.7628391  1.0789231  1.7997849
 1.6675863  1.7908009  2.049125   1.0471514  1.3460209  2.043276
 1.8217663  1.8491088  1.6679665  1.0620195  1.7133563  1.8430306
 1.7806338  1.0549943  1.3695776  1.9286485  1.6994237  1.1784798
 1.5341057  1.6422321  1.3525617  1.0599087  1.3797976  1.15399
 2.0171688  1.3450756  1.695767   1.6346786  1.8855209  1.3060054
 1.1059645  1.8838412  1.8361629  1.6957422  1.0253525  1.3389524
 1.0627267  1.7440476  1.7170614  1.6859642  1.3366624  2.00615
 1.9421751  1.5778785  1.1911659  1.4704579  1.5893503  1.2647841
 1.8579965  1.5604647  1.179096   1.888202   1.4191737  1.3034635
 1.264982   2.1440513  1.1540579  1.6068008  1.3901298  1.5852617
 1.2916867  1.219857   1.2759421  0.9321428  1.4717664  1.7115947
 1.6279556  1.9016021  1.5557435  1.6005956  1.6333659  1.8262781
 1.5290556  1.8064893  1.6920302  1.8828671  1.1256913  1.5262743
 2.2214625  1.6689674  1.8677746  1.4113685  1.7134295  1.6940972
 1.2084349  1.0441983  0.64180535 0.8439122  1.5659599  1.1984687
 1.293874   1.1343281  1.378437   1.5502665  0.9716841  1.2039866
 1.46206    1.1928779  1.2859112  1.7042171  1.5760132  1.036009
 1.8299401  1.4591964  2.1301908  1.0747228  1.9123956  1.8342824
 1.5118525  1.898213   1.4648566  1.3488245  1.2680964  1.4729371
 1.51845    1.4124473  1.5143673  1.344669   1.3577212  1.6227566
 1.7563361  1.3508817  1.0886016  1.1050601  1.246072   1.5008159
 1.5260342  1.2559601  1.7144076  1.3833416  1.654005   1.7796699
 1.8798488  1.883404   1.7200506  1.1004268  1.0336257  1.4629059
 1.4553508  1.2435262  1.2021761  1.3424262  1.763713   1.4552249
 1.8152875  1.6830534  1.6063672  1.384723   1.4223841  1.0712293
 1.4366928  1.5270996  1.8242023  1.6101694  1.0110747  1.2738682
 1.2362039  1.584694   1.538454   1.5342625  0.8589191  1.4913552
 1.8909272  1.51858    1.5001144  1.5589477  1.3328842  1.4231589
 1.8543211  1.2695825  1.0552306  1.0132889  1.4873697  1.4173614
 1.5276604  1.2728431  1.2882036  1.188567   1.8925196  1.7635895
 0.9625488  1.2959986  2.1335394  1.8284483  1.8541119  1.633874
 1.3784851  1.3916909  0.95753235 1.7363777  1.3602068  1.9650342
 0.9771816  1.5983075  1.2958821  1.2917852  1.0803744  1.3037503
 1.5549681  1.3505807  1.7742939  1.8712467  1.0392842  1.373324
 1.7757946  1.2065601  1.6820277  1.5171186  1.6343434  1.6650704
 1.7068641  2.0709362  1.3861881  1.5325676  1.9858825  1.8850105
 1.0463262  1.5868399  1.6180716  1.5095409  1.720443   1.4683812
 1.7094743  1.5470891  1.2501512  1.7164531  1.545205   1.5587674
 1.8760382  1.1730733  1.7206246  1.5876266  1.5425622  1.4359936
 1.3846242  1.7901384  1.6091036  0.7340367  2.0442574  1.7246542
 1.8393062  1.992618   1.9647591  1.0368776  2.3724399  1.282358
 1.3960352  1.858794   1.4378873  1.8070011  2.0350404  1.7057105
 1.7935354  2.1453414  1.4304688  1.6159459  1.2101609  1.3715651
 1.3374133  1.7197145  2.0847828  1.5901592  1.7415606  1.397045
 1.60447    0.8247231  0.97694933 1.4844335  1.9146754  1.5000699
 1.6434374  1.3529187  1.3078274  1.3654808  1.5172002  1.6164191
 1.5449945  1.637711   1.3482624  2.2588348  1.5850362  1.4221677
 2.314365   1.3156611  1.8802882  1.5416613  1.3386701  1.1342883
 2.115194   1.8860096  1.6689311  1.242526   1.8178037  1.6304097
 1.02878    1.2050428  1.3223581  1.893671   1.884214   0.9963651
 2.149405   1.4363072  1.3527746  1.9763122  1.965651   1.8572476
 1.4165132  1.2270869  1.5514311  1.9499983  1.0207907  1.3450191
 1.4188443  1.4542776  1.0462053  1.3338045  1.0862677  0.9318528
 1.0618922  1.4559093  1.4470997  1.5753229  1.5215896  1.6247607
 1.1381856  2.1137474  1.1459264  1.2505023  1.7322532  1.4342505
 1.3158615  1.401604   1.440541   1.4317205  0.92613274 0.8478102
 0.8636505  0.7191584  0.80456865 1.0533439  1.7185426  0.67543423
 1.4617224  1.1245573  0.96496373 1.0507846  0.7909061  0.6517634
 0.9062652  0.61985725 1.6164626  1.1709749  1.4004644  0.9818266
 1.0939713  1.4907706  0.7851787  1.5282518  1.6195095  1.7705625
 1.5859368  1.4490579  1.7210896  1.2009988  1.6320893  1.4160954
 1.6261315  1.717537   1.2593536  1.658354   1.7700889  1.463328
 1.6526183  1.9145418  1.1448033  1.410084   1.4245101  1.1457928
 1.9986941  1.1610391  1.6784788  1.5127473  1.4929996  1.534856
 1.1440743  1.4945182  1.8344544  1.7157178  1.8245715  0.9532082
 0.82628727 1.8789603  1.2794654  1.5509691  2.2974944  1.160329
 1.3271136  1.4585549  1.0426046  1.5491836  2.0286932  1.8404833
 1.6549029  1.4200362  1.8456157  1.8788139  1.1741848  1.859708
 1.4144819  1.0312114  1.1640366  1.2712616  0.99193287 1.7392912
 1.8040973  1.6083041  1.3240243  1.765293   2.186256   1.2313877
 1.7978272  1.3809516  1.4471512  2.0656989  1.4327526  1.4263029
 1.6276615  1.4648005  1.3419098  1.3278207  1.9402444  1.685115
 1.8736366  1.695999   1.7653394  1.3028461  1.5884326  1.402108
 1.4443289  2.3132954  1.7344469  2.1454425  1.3267754  1.1747197
 1.7185191  1.5115619  1.3189731  1.4939452  1.5971245  1.644292
 1.2764641  1.218109   1.6039238  0.9606134  1.8591543  1.3832957
 1.8604709  1.6995006  1.5586374  1.3974886  1.1260681  1.7630234
 1.013002   1.0926013  1.4309     1.6909766  1.5596607  1.6659119
 1.6177037  1.1443874  1.5799989  1.0326041  1.5961494  1.5398697
 1.5830468  1.4534599  1.089697   1.5567853  1.5289497  1.0675224
 1.4859253  1.4949327  1.2393341  1.6090866  1.8603358  1.6673555
 1.510984   1.2600497  1.6305423  1.3614674  1.0049192  1.7329069
 1.8369102  1.0619742  1.7140697  1.3433937  1.2935323  1.8712301
 1.8785574  0.8223029  1.6024935  1.2445709  1.4819872  1.2025297
 1.6898276  1.8125577  1.4290615  1.820577   1.166992   1.7050661
 1.6519638  1.8274294  1.7816002  1.2815562  1.657704   1.1647508
 1.3477538  1.8010608  1.911451   1.8003279  1.5976628  1.2974458
 1.8271904  1.6194571  1.7095497  0.86424077 1.303607   1.4151926
 1.3475257  1.2163906  0.9977751  1.2129985  1.4412944  2.0183587
 1.0466297  1.5966843  1.3861511  1.428958   1.3393712  1.7486926
 1.3740637  1.485999   1.7288795  1.7137318  1.2422247  1.4679008
 1.6315185  1.7823637  1.3118465  1.1763705  1.5365802  1.4602921
 2.3178723  1.9886808  0.7416311  1.7563975  1.3575103  1.7253641
 1.6190022  1.4753064  1.500986   1.4086863  1.7211496  0.8506282
 1.2929327  1.1033903  1.2005742  1.7381496  2.1492949  1.0629568
 1.4972054  2.0513759  1.9060382  1.5135636  1.4981728  0.9193457
 1.2946507  2.0867262  0.889387   1.2037636  1.7552243  1.1865053
 1.6424545  1.5998013  0.79428965 1.1474521  1.560056   1.6769251
 1.6601965  1.7794024  0.9821958  2.011535   1.4375818  0.99925256
 1.4185765  1.9005394  0.6701767  1.5330565  0.69799393 1.6556686
 1.3580436  1.1804256  1.8279331  1.2056223  1.1184961  1.1111057
 1.5926777  1.7616037  1.5817032  1.9383094  2.0096304  1.188791
 1.2454982  1.5582671  0.7352911  1.8090947  2.0823078  1.5969007
 1.0519967  1.7404139  1.5592482  1.5338758  1.5475447  1.5306466
 1.1820674  1.8531852  0.85118866 0.98971343 1.7493421  1.7482817
 1.7439704  1.880338   1.3523642  1.531884   1.3491712  1.8441017
 1.6832768  1.2298651  1.4020001  1.4279965  1.2896737  1.1904598
 1.9893621  1.9064755  1.6962081  1.5871143  1.2951368  2.0978687
 1.6934249  1.222372   1.3963293  1.249722   1.9745555  1.6512716
 1.816017   1.7950819  1.8989452  1.3671194  1.7093239  1.8254282
 1.8029664  1.685252   1.5032707  1.3976839  1.8778715  1.1411433
 1.4537241  2.1877196  0.91263145 1.3116312  2.0194044  1.3096193
 1.7293499  1.3433033  1.7053804  1.9855248  2.045166   1.5499808
 1.417641   1.7917318  1.0873599  1.6727793  1.8128227  1.575636
 1.8054792  1.6569752  0.8257594  1.7495859  1.7013928  2.02246
 1.1223478  1.9269978  1.6622516  1.6421227  1.1804315  1.689511
 0.96714455 1.6819316  1.837581   1.6644288  1.8067446  1.218037
 1.2844615  0.9037384  1.3528212  2.0097375  2.008358   1.5997713
 1.936537   1.4938846  1.4285277  1.6076065  1.2005509  2.0295358
 1.0336257  1.3559791  1.1763328  2.1169157  1.6211058  1.6382943
 1.4495655  1.2634491  1.4807022  1.1183133  1.1442684  1.0043181
 1.2662256  1.3564247  1.3141681  1.5967209  1.8051466  1.8067694
 1.7420183  1.5386293  1.323416   1.905165   1.3565582  1.8426934
 1.3579472  1.8201352  1.5844738  1.6523455  1.6369525  1.3251225
 1.6676502  1.8021874  1.2884302  1.3475944  1.9047201  1.6994905
 1.5492853  1.1580793  1.0376576  1.5266243  1.6101638  1.5142714
 1.7796818  1.309677   1.2408531  1.4306042  1.487482   1.0751745
 1.1414565  1.5800815  1.6860937  1.2172612  1.7496786  1.4758648
 1.4325986  2.0038843  1.3456894  1.652661   1.4248505  1.7950269
 1.782716   1.3594548  1.3574632  1.2986039  0.6642628  1.8025924
 1.3444003  1.2962544  1.622964   1.7815641  2.064287   1.5017151
 1.0564213  1.9763998  2.0630047  1.601601   1.6620142  1.4836099
 0.92849714 1.4015815  1.4510573  1.093768   1.1877977  1.5662601
 1.5183002  1.1311694  1.5382766  1.4642252  2.041705   1.1391861
 1.6447704  1.3113308  1.5094223  1.4217153  1.2636865  1.2563013
 1.6079484  1.6555775  1.382032   1.9967169  0.9296286  1.3059883
 1.795206   1.4313141  2.6030192  1.5165558  1.4857647  1.5717585
 1.6584451  1.1919765  1.6755471  1.3842006  1.7009119  1.0499998
 1.4466827  2.0648649  1.5653738  1.0882956  0.99300855 1.5103452
 1.6343886  1.8449717  1.2742324  0.9448603  1.3196718  1.4501091
 1.5902305  1.7919334  1.6670936  1.6222199  1.2466938  1.3123453
 1.2375369  1.5989829  1.3494012  1.614796   1.1674232  2.1692345
 1.146113   1.6425368  2.1220686  1.4404902  1.1384381  1.8819755
 1.8078611  1.4202358  1.5614624  1.5317616  1.6448203  1.6835011
 1.9429381  1.8784188  1.6611248  1.5336838  0.9957811  2.0278754
 1.9389958  1.701295   1.599956   1.0994632  1.4132388  1.4021189
 1.6183536  1.7922062  1.557673   1.738332   1.706057   1.8328193
 1.7372203  1.2730092  1.984694   1.5967728  1.500685   1.3236425
 1.8687943  1.4693927  1.5497216  1.7317495  2.0457501  1.2240629
 1.7121483  1.643751   1.2106136  1.7337257  1.592193   1.7381579
 1.0222368  1.6930051  1.2351494  1.8938012  1.7078625  1.4097338
 1.7514061  1.0563136  1.4350325  1.491466   1.450606   1.8484464
 1.8498427  1.6711911  1.2440809  1.8783282  1.7422259  1.0719943
 1.375351   1.7696595  1.5679294  0.9923674  0.5653986  1.6358037
 0.93597496 1.4484096  1.5553871  1.9150611  1.7197032  1.2476425
 1.0912374  1.5438315  1.3594488  1.203802   1.3569881  1.8744369
 1.7633725  1.3624054  0.9157825  1.9132642  1.3742181  1.5198711
 1.7660757  1.906995   1.535396   1.7604213  1.0967826  1.7486554
 1.6261932  1.3222541  1.166678   1.3801825  1.4705104  0.8467256
 1.1094     1.2821803  1.5474739  1.660006   1.1747922  1.1820678
 1.6599227  0.90431887 1.1639106  0.9794188  1.9963546  0.9067343
 1.2252511  1.7497559  1.2353375  1.3933783  1.1733887  1.2350456
 0.61595696 1.2863922  1.2488171  1.2711303  1.2030216  1.2527615
 1.2734299  1.256408   1.0404793  1.6102142  1.2923639  1.2681699
 0.91186696 1.3350203  1.1162981  1.1954067  1.1569079  1.7045847
 1.3158662  1.6195486  1.2828648  1.469829   1.0786756  0.7194225
 1.2521776  0.88290596 1.827074   0.8239335  1.666135   0.8390301
 1.1710156  1.0925372  1.0302852  0.9077129  1.6902773  2.106665
 1.1227281  1.1494185  1.5828938  1.7009728  1.7598127  2.0418274
 1.7777641  1.4652851  2.114524   1.3290606  0.94127256 0.31172764
 1.3486038  1.5469735  1.5387495  1.5439748  1.0319262  0.8547805
 1.8355763  0.8461065  0.9794489  1.2981629  1.8398935  1.7196362
 1.7484564  1.3340853  1.4473139  1.717891   1.7892938  1.2879591
 1.9335587  1.8308107  1.6680654  2.0675712  1.5809896  1.3696488
 1.4764862  1.5248842  1.5995852  1.372018   1.5439541  1.5317693
 1.6360427  1.8095685  1.6772549  1.4093306  1.170078   1.7146534
 1.8434472  1.843621   1.4321659  1.6547832  1.8951017  1.526836
 1.4944278  1.657662   1.5141249  1.5309476  1.660648   1.1750475
 1.2259579  1.2094178  0.90192044 1.2706317  1.6252645  1.4405549
 1.3345115  1.3611472  1.4579895  1.5600474  1.4426341  0.71123517
 1.3118246  1.4221196  2.0247068  1.5345674  1.9098121  1.2765682
 0.90577567 0.8328247  1.4325627  1.1289551  1.3271985  1.2586094
 1.4666048  1.6800674  1.4395063  1.0251672  1.5031329  1.5216075
 1.5452814  0.8405626  2.2062259  1.8931961  1.5384898  1.0256768
 1.7478267  1.3910728  1.5610765  1.3821816  1.6265727  1.4188467
 1.8185734  1.7959778  1.3153912  2.132657   1.7244246  1.566809
 1.3334384  1.1601591  1.6545542  1.5498126  1.2488674  1.0223254
 1.285847   1.3769311  0.92817086 1.5455052  1.9623642  1.7013315
 1.3664372  1.8705714  1.2476969  0.8185179  1.3318404  1.807359
 1.5793082  1.3541512  1.6894517  1.4420049  1.7368128  1.9585906
 1.965624   1.4884204  1.8461707  1.722148   1.9938018  1.0043713
 1.4854594  1.246207   1.5191685  1.6370687  1.4622318  1.598799
 1.5834862  1.537632   1.5947046  1.513936   1.1201648  1.2228547
 1.6304718  1.5898631  1.3724388  1.0204166  1.7099205  1.9840395
 1.6956263  1.5682559  1.3788793  1.4620531  1.463851   1.1414424
 1.5201716  1.5336386  1.0625881  1.3053464  2.041705   1.4090136
 1.3494334  0.81878525 1.7223212  1.8938638  1.5562167  1.8030405
 1.9019194  1.2329134  1.7671748  1.2042383  1.7001431  1.7054604
 1.2320204  1.3963467  1.7884718  1.0774696  1.3695047  1.2186835
 1.3341119  1.2727723  1.4453093  1.6400583  1.2818402  2.014434
 1.6602935  1.1760465  0.76279765 1.3136187  1.1937146  1.433104
 0.89143705 1.4515241  1.9411379  1.2435497  0.9100651  1.8883963
 0.89797866 0.9484261  1.5184085  1.3344977  0.8745307  1.1745641
 1.6745571  1.407256   1.4363036  1.5324126  1.4907387  1.2366456
 1.3394284  1.725872   1.5685906  1.2896694  0.81132454 1.9761767
 1.6858017  1.8535006  1.8109691  1.4832044  1.2259765  0.9964272
 2.1532934  2.099455   1.6852651  1.326423   1.1752189  1.8741101
 1.3874065  1.6425452  2.0296512  1.2494572  1.3333503  1.8882828
 1.5945854  1.885689   2.1885526  1.7336415  1.116922   1.9294374
 2.008324   1.3194054  1.3411108  1.8022141  1.8185649  1.30751
 1.345083   1.5996879  1.7249933  1.4338199  1.3268971  1.5869155
 1.5184184  1.8260193  1.2182847  1.4605104  1.2428695  1.4812891
 1.4444376  1.7162791  1.6721294  1.58089    1.7465749  1.3113313
 1.4414128  2.0365996  1.8825054  1.0361396  1.5917856  1.7706373
 1.2147282  1.1931036  1.5249718  1.7553291  1.9490653  2.259329
 1.2263644  1.5531723  0.9982139  1.3912     1.6244209  1.4972422
 1.3071905  1.0417619  1.5431061  1.4099474  1.2956278  1.6858438
 1.6042172  1.3053731  1.9292386  1.6354775  1.403656   2.0144763
 1.3276922  1.3801813  1.818661   1.012799   1.4458045  1.6095642
 1.167725   1.6716415  1.4318719  1.7525821  1.2707051  0.9294141
 1.5140048  1.4404643  1.5951446  1.3592879  1.1491748  0.97963476
 1.3429378  1.4086032  1.1958627  1.3195382  1.5963622  2.04261
 1.9699321  1.6602014  1.4882795  1.1913046  2.3303757  0.9001329
 1.363471   1.8733791  1.6876361  1.7350093  1.7492994  1.6719301
 2.0707717  1.5144554  1.9608668  1.1297625  1.9318454  1.338842
 1.0428766  1.4890932  1.3906788  1.8656853  1.0973487  1.9046168
 0.6428191  0.86927444 1.43797    1.3568321  1.6792033  1.7240674
 1.324627   0.8327701  1.5882678  1.889952   1.9269968  1.7931776
 1.7427363  1.8909937  1.6482172  1.6475317  2.0304108  1.3129107
 1.5532563  1.934979   1.4823186  1.4475737  1.3233124  1.4469067
 1.0323311  1.1550425  1.4322727  1.4315873  1.3800713  1.0498857
 1.1886116  1.2141631  1.0128069  0.952133   1.6571974  1.3467817
 1.3515749  1.4149771  1.9819998  1.7293357  1.1341916  1.8390315
 1.5635777  1.4117196  1.4933987  1.656317   1.688222   1.337787
 1.8616265  1.8016182  1.7555691  1.8218244  1.6249557  2.0041807
 1.2439533  1.2819573  0.98864406 1.7540001  1.7880344  1.5719861
 1.2702092  1.5860678  1.2389439  1.9601521  1.4911361  1.7258533
 1.0315533  1.1291989  1.2137532  1.4919204  1.9870255  1.1938955
 1.4628289  1.9660453  1.1257405  1.2806065  1.842463   1.6703966
 1.853018   2.0393178  1.5547826  2.315402   1.5505016  1.6398901
 1.2353634  1.5148702  0.90176386 1.1089675  1.2080218  1.3249396
 1.5655307  1.7348552  2.2556262  1.2805455  1.5750675  1.1892598
 1.6274304  1.6065054  1.3157239  1.6870863  1.2029392  1.0600342
 1.7666187  1.1863911  1.3616673  0.8845972  1.7626908  1.2787817
 1.3836312  1.7823374  1.3231126  1.2725217  1.0688726  1.5454963
 1.5623298  1.3621382  1.7652588  1.7274697  1.6365972  1.9976598
 1.6867846  1.3352801  1.4222367  1.8123918  2.1162343  1.9630692
 1.1394145  1.6105036  1.76705    1.0191454  2.1727965  1.6065422
 1.537378   1.689664   1.8501115  1.2805418  1.1675793  2.3350327
 1.370099   1.0925255  1.1809458  1.5961083  1.692088   1.1634116
 1.6675328  1.5905875  1.8164537  1.8807008  1.1429114  1.509476
 1.0461291  1.7276477  1.5031512  1.901034   1.9992384  1.83975
 2.1009436  1.6492562  1.4440466  1.3169849  1.7050954  1.8649178
 1.2361114  1.541985   1.239022   1.5280253  1.3620559  1.1864778
 2.1267946  1.4591953  1.5262774  1.916439   1.4066926  1.5812743
 1.8689041  1.6820672  1.5940006  1.7573858  0.51774216 1.9265591
 1.4061642  1.6935668  1.447754   1.6485158  1.5771431  1.3275311
 1.3329122  0.5012335  1.5595609  1.16878    1.3836335  1.7875413
 1.3132011  1.7707943  1.136585   1.7011625  1.2596804  1.8212695
 1.2462615  1.9570048  2.0880306  1.2265444  1.995207   1.5539829
 1.8936319  1.6649821  1.8427305  1.2229729  0.91108173 1.3717725
 1.7392616  0.841225   2.0131483  1.967213   1.3305006  1.1237235
 1.3442947  1.9384286  1.6221875  1.666575   1.1553732  1.8874093
 1.7736777  1.4110153  1.4764633  1.6347971  1.7588739  1.3791373
 1.324579   1.4514514  1.6720818  1.8230988  1.3152833  1.7471961
 1.9554875  1.81245    0.9875922  1.1599113  1.5329813  1.4146969
 1.8367639  1.4375364  1.3066708  2.1237378  1.5944651  1.380595
 1.3573483  1.8381736  1.6566862  1.8056737  1.3943162  1.668668
 1.703614   1.4021332  1.3344526  1.4936535  1.5203424  1.6636647
 1.5136981  1.3774105  1.3772869  1.665789   1.3975136  1.2595309
 1.0659043  1.6617839  1.2536039  1.6349306  1.1528139  1.4180857
 1.3866634  1.5009536  1.7755811  1.6441505  1.2458317  1.4899406
 1.0949142  1.4554646  2.0101786  1.3609589  1.6267613  0.96967846
 1.406341   1.6983271  2.0125873  1.7125226  1.8834592  1.7068211
 1.7475505  1.2310013  1.3998855  1.7995964  1.6039374  1.3771188
 1.2265881  1.4099537  1.7471092  1.2408688  1.3774143  1.1526965
 1.3722281  1.0218605  1.3212562  1.46938    1.2204313  1.1835743
 1.7553391  0.9062212  1.4610486  1.8877537  2.0603511  1.3457698
 1.4362274  1.8607563  1.9623162  1.8937185  1.7833458  1.6186315
 1.3908728  1.5930854  0.80897814 1.5568037  1.0991522  1.4613451
 2.1026936  1.177227   0.84865934 1.2917786  1.4532531  1.5789878
 0.5645992  1.1172343  1.4514852  1.4214251  1.2075711  1.6261072
 1.9356172  1.9113934  1.9462205  1.6748221  1.5440297  1.3612206
 2.310619   1.8717248  1.4914603  1.3687078  1.3144798  1.4047723
 1.6022776  1.4216177  1.6603111  1.6886313  1.5684674  1.6200508
 1.5857185  1.4348025  1.110201   1.1650196  1.5021714  1.866181
 1.6200806  1.8146086  1.5363818  1.7992703  1.5405357  2.0963347
 1.33461    0.69630647 2.1985667  1.6563544  1.8141025  1.3988854
 1.531873   0.92646825 1.6251439  1.7816212  1.5031939  1.491205
 1.0372819  1.6726483  1.6679817  1.3786709  1.5247902  1.5655872
 1.7811569  1.7283     1.6870674  1.8441043  1.4669687  1.6225421
 2.147775   1.2187713  2.2155423  1.6946037  1.719725   0.9795848
 1.759227   1.4751834  1.3968977  1.6793085  1.1778381  1.6827902
 1.902315   1.3171073  1.2187396  1.380709   1.1630013  1.7617202
 1.6136112  1.4507216  1.3076488  1.696259   1.1683567  1.3070625
 1.8657839  1.4642979  1.5368441  1.5839387  1.1123254  1.5533664
 1.4658889  1.7011714  1.2597251  1.7757547  1.2562871  1.5650986
 1.6097784  1.3093019  1.6663376  1.4745073  1.989761   1.420605
 1.2298422  1.4333544  0.7105611  1.9254204  1.1254085  1.6580027
 0.7861726  0.983226   1.5229607  1.1827136  1.0931065  1.3687198
 1.3929263  1.4799893  1.4032841  1.5240752  1.2148898  1.2395655
 1.2981862  1.6881495  1.7991239  1.7879517  1.9206128  1.2794105
 0.8815692  1.8650923  1.5014789  1.7036383  1.7659434  1.2516677
 1.4925582  1.9926587  1.9883467  1.8188902  1.7474755  1.1232339
 1.661094   1.3445355  1.0791688  1.3991416  1.4851227  1.1191428
 1.2078695  1.6164043  1.5165229  1.4735314  1.3025306  1.481005
 1.7253263  2.2882416  1.24061    1.396937   0.67181396 1.5560021
 1.687576   1.3837188  1.8800886  1.7677021  1.4544681  1.3947606
 1.120711   1.4979365  1.6663415  1.1403364  1.5777853  1.7860368
 1.8483795  1.2575665  1.7258737  1.2781847  1.0835582  1.2342598
 1.0868866  1.6962099  1.7776542  1.512329   1.1352906  1.6174293
 1.5543249  1.7020961  2.271805   2.1942239  1.4656464  1.8033966
 2.0113616  1.8332542  1.1773306  1.2986594  1.8692015  2.0953312
 1.5447353  1.4063     1.7547454  1.5874677  1.4343756  1.4906135
 1.3419274  1.1311593  1.2736816  1.2720077  1.9149562  1.8468542
 1.3398572  1.6327634  1.2888949  1.1794558  0.9163661  1.5450115
 1.0253166  2.0579915  1.1517905  2.505159   1.2006961  0.78070164
 1.5355341  1.8708944  1.5842032  1.5669836  1.6327162  1.5185283
 1.9362118  1.8403045  2.0253985  1.4364393  1.4071923  1.5414139
 1.3234837  1.6834008  1.676821   1.1350758  1.7270471  1.2921691
 1.1210922  1.686792   0.94840765 1.1400192  0.9474633  1.8856678
 1.3482732  1.1612314  0.95082414 1.4636745  1.7209448  1.0286034
 1.3095144  1.5369854  1.0648091  1.6969143  1.497451   1.5201387
 1.2125205  1.4539791  1.221131   1.0819222  1.3084052  1.3727672
 2.0725422  1.3771057  2.099745   1.2858458  1.5914692  1.4726917
 1.7280153  1.9531168  1.673998   1.7868456  1.6598138  0.7808071
 1.3281338  1.0078584  1.3445547  1.0738128  1.6202888  1.6057562
 1.1147274  1.7664484  1.9276999  1.3112705  2.3633938  1.6090544
 1.6782546  1.1098214  1.5985888  1.4057395  1.1263773  1.6432232
 1.4017045  1.2615085  1.2430625  1.9921634  1.398664   0.82107854
 0.5590878  1.8274273  1.4199942  1.2543905  1.1133827  1.1669023
 1.6968462  1.538274   1.5432972  0.8772245  1.1970432  1.769052
 1.5279346  1.4002674  1.2318183  1.9503189  1.133675   1.6760278
 0.8141577  1.2948391  1.544079   1.7527704  1.5484515  1.6457592
 1.4633795  1.3505373  1.3807029  1.941059   1.6872582  1.3588471
 1.8024076  1.2897323  1.5636533  0.90013415 1.733119   1.1644975
 1.7135688  0.9590094  0.98966813 1.1244388  1.0255703  1.5324408
 1.6048367  1.804732   1.7339462  1.7001728  0.83342326 1.3383744
 2.0073538  1.8905146  2.1293693  1.7710875  1.4632527  1.2809538
 1.4499922  1.7525266  1.5356339  1.0990621  1.4205486  1.2110435
 1.1659367  1.449559   1.4997872  1.3441744  1.5071567  1.6743069
 1.3200171  1.1758871  1.9673313  1.2286465  1.5356897  0.94612277
 1.9298015  1.7577322  1.1370507  1.7667005  1.431434   1.520106
 1.144061   1.6538497  1.911061   1.5719686  1.6322014  2.0544956
 1.9747207  1.7674547  1.2804676  1.6175293  1.2733675  1.8222092
 1.4165659  1.1525959  1.387954   1.6559843  1.6436542  1.1977898
 1.2951808  1.5186453  1.0824054  1.6581663  1.6447107  1.4827229
 1.4093726  2.0784574  1.8886456  1.7697867  1.7517586  1.3428507
 1.903909   1.6645308  1.5879779  1.478724   1.8505495  1.9957337
 1.4546902  1.8222159  1.6489583  1.900558   2.0525727  1.8980681
 1.596549   1.1597271  2.0088513  1.9395696  1.6992782  1.3632976
 1.8449641  1.5383098  1.0589312  1.5096236  1.498027   2.0076368
 1.5874127  1.6615764  2.1047304  1.5763552  1.7352978  1.9328192
 1.574048   1.4101559  1.236002   1.0998319  1.3714861  1.8765056
 1.2441854  1.3993051  1.3045785  1.513368   1.0832556  2.1199236
 1.7825207  1.3295575  1.5062366  1.5112246  1.3445328  1.3007617
 1.226343   1.494851   0.9485886  1.701662   1.9770958  1.9167333
 1.5328871  1.3437139  1.7429157  1.1359084  1.9028999  1.9480399
 1.7963225  1.6772375  1.4469986  1.3623189  1.372272   1.9903655
 1.3408744  1.8202044  1.7633144  0.95111084 1.6430851  1.5344851
 1.818749   1.4992731  1.683009   1.5087969  1.4780481  1.4376266
 1.9766575  1.4954466  1.4484606  1.6340814  1.3583157  1.712808
 1.3796989  1.9479645  0.8642139  1.6799618  1.435327   1.5848619
 1.858583   1.5787982  1.7633399  1.7052065  1.2065376  1.8070669
 1.5714964  0.85768044 1.5397002  1.5962791  0.8942661  1.5388846
 2.032648   1.4456689  1.7101072  0.84010726 1.3760158  1.7891741
 1.8829501  1.8438542  1.5475193  1.4051666  1.3212192  1.3835588
 1.5802114  1.3024647  1.3410975  1.6237328  1.6842415  1.8831427
 1.114023   1.2985542  1.3382138  2.1456637  1.4177334  1.9899161
 1.7198108  1.6155308  1.305597   1.7009591  1.3917216  1.469367
 1.3358641  1.8931984  1.5056227  0.9518957  1.2972338  1.3043814
 1.1659178  1.1595082  1.1571304  1.3986939  0.8174195  1.377783
 2.1671283  1.895454   1.9947177  1.4229835  1.8817383  1.3543025
 1.80821    1.6129558  1.9829847  1.7156533  1.1232697  1.374429
 1.9900836  1.439218   1.7118939  2.4967375  1.6651471  1.4488132
 2.0191486  1.5186194  1.3298115  1.3615928  1.036498   1.4643941
 1.5338912  1.547796   1.9302543  2.0650814  1.4343376  1.5780891
 1.877908   1.9326422  1.4971911  1.7757263  1.2016019  1.1878154
 1.3936644  1.078662   1.8417715  1.3493848  1.4025059  1.5029529
 1.4116096  1.642115   0.86825156 1.0011703  1.083713   1.3483145
 1.1091367  1.5564746  1.6796478  1.1068     1.5242041  1.2839689
 1.2232419  0.85235137 1.6608024  0.95599097 1.8861729  1.2457708
 1.3166621  1.1437501  1.1308717  1.0530185  0.84505373 1.6835579
 1.2542813  1.6118088  1.1996098  1.0000983  1.4413924  1.658275
 1.6038421  1.5834903  1.5598536  1.332802   1.2320989  2.152453
 1.4593666  1.7228341  1.1277243  1.5335294  0.917462   1.4625776
 1.4515519  1.3113412  1.0126824  0.97635365 0.6646614  1.7154697
 1.7527499  1.2472502  1.5967935  1.6730362  1.8246019  1.7578391
 0.8508605  1.9132646  1.6398367  1.4582392  1.5728874  1.815991
 1.4145838  1.8140061  1.517414   1.8075616  1.5426134  1.718933
 1.2413079  1.533178   1.7813122  1.2511482  1.3840737  1.71308
 1.4694586  1.2945762  1.7604014  1.1338826  0.7841076  1.741501
 0.99186546 1.015311   1.9546794  1.1979833  1.8290838  1.910393
 1.9948126  1.5056436  1.0412245  2.1084814  1.3928034  0.77048177
 1.8487177  1.5195732  1.7990338  0.8229099  1.3312004  1.40144
 1.3079704  1.9834286  1.8317568  1.05924    2.2233784  1.5898308
 1.4619144  1.4152135  1.8657153  1.9950325  1.4621427  1.4615533
 1.8261943  1.6139086  1.7986747  1.7110194  0.82819253 1.345402
 1.4385072  1.4849727  1.0592993  1.5049858  1.6172193  1.3842837
 1.5851451  1.4493808  1.829788   1.0372823  1.3056226  1.6678523
 1.1028668  1.4983324  1.512893   1.8067323  1.1380929  1.0204356
 2.022827   1.3913118  1.7313342  1.5623398  0.62338424 1.1649258
 1.4739292  1.5311341  1.1739448  1.6229893  1.0959843  1.573022
 1.0365763  1.2186722  1.3376989  1.6751517  1.1156685  1.4906023
 1.4879358  1.5201542  1.6517707  1.4965845  1.7431239  1.6320847
 1.2244205  1.4353226  1.3560147  1.4994471  1.0231206  1.5538704
 1.2354589  1.6095855  1.3060193  0.94844997 1.9005846  1.3781841
 1.3872368  1.7047886  2.020147   1.3949618  1.8196619  1.822885
 1.2749362  1.353782   1.4055926  1.6277262  0.9339373  2.037692
 1.9474496  1.7337129  1.3740479  0.5718703  1.0995507  1.6613449
 1.5981812  1.3193916  1.4177828  1.2847806  1.0366426  1.5168644
 1.8262507  1.7070876  1.4273123  1.0475602  0.9203369  1.5495769
 0.6488585  1.8692148  1.6678922  1.642733   1.3590212  1.9508651
 1.7418095  1.4501959  1.3940486  1.3197625  1.8581514  1.5799999
 1.8105365  1.976629   1.6925111  0.98014987 1.355936   1.2600917
 1.2637031  1.4183042  1.5246332  0.87592876 1.5163429  1.7949694
 1.5996338  1.3130151  0.9798622  1.3150682  1.5622051  1.3391407
 1.8419305  1.5827245  1.4950439  1.5514519  1.364881   1.6540235
 1.5868284  1.5643547  1.7588351  2.086988   1.5491915  1.2364401
 0.9682558  1.1205935  1.8483194  1.2430149  1.3003359  1.5129132
 1.7948188  1.463302   1.6483955  1.8536656  1.4498379  1.6303078
 1.2574683  1.5412829  1.498878   1.8678728  1.9090158  1.651208
 1.165032   1.2804396  1.8385199  1.8465177  1.8112658  1.11236
 1.8382494  1.2990283  1.3428574  1.6257442  1.4188771  1.753042
 2.0925689  1.9401459  1.5670838  1.2940888  1.8035697  0.77960336
 2.0278063  1.3049622  1.418698   1.3825701  1.496141   1.6333551
 1.5284275  1.9120218  1.8123636  1.8683442  1.687764   1.7650172
 1.1812994  1.8828278  1.6695533  1.5118083  1.9502112  1.4754984
 2.3352654  1.6051893  1.5857259  1.3349104  1.1715082  1.3173443
 1.5639572  1.686417   1.6043822  1.4688953  1.8268794  1.7436935
 1.5854534  1.512721   1.550887   1.4530349  1.0011195  1.7624418
 1.4423593  2.0051095  1.3718302  1.1756269  2.1240284  1.6789953
 1.6667738  1.6020181  1.1656055  1.3536751  1.37303    1.2574497
 1.3401637  1.2540884  1.269289   1.0680708  1.1805413  1.0781798
 1.8649536  1.462739   1.5893792  1.312913   1.4684368  1.5659989
 1.4906234  1.6499608  1.6741945  1.5321587  1.5617993  1.9118389
 1.7659523  1.7398943  1.5191232  2.0089483  1.5423923  2.0213704
 1.281032   1.6627554  1.1753849  1.7524447  1.163256   1.5482154
 1.4229931  1.5883206  1.3019598  1.646584   1.2877172  2.2050762
 1.6860833  1.7154653  1.9891613  1.2641108  1.5194963  1.769022
 1.3411173  1.1689644  1.4720516  1.7067043  1.2075533  1.7902973
 1.7287977  1.1756024  1.4236137  1.6889498  1.8401212  1.3423183
 1.7651253  1.5728031  1.5839978  1.5957932  1.6545347  2.0236363
 1.365182   1.779628   1.2957795  1.5323977  1.0856017  1.9411122
 1.5348865  1.6097368  1.3832765  1.8552961  1.4808327  1.6225513
 0.9081168  1.5737053  1.4066871  1.0536692  1.7310287  1.5473665
 1.7277445  1.7843173  1.4998065  1.8412756  1.3199034  1.5525227
 1.52735    1.1656246  1.594306   1.5926474  1.9126694  1.6487002
 1.8563797  2.0803425  1.7992913  0.7001315  1.8809456  1.3720641
 0.64749545 1.6062815  1.5584724  2.0697448  2.065052   1.1081265
 1.0621116  1.9139973  0.95999414 1.1885961  1.4855233  1.7730054
 1.694397   1.2134852  1.0374635  1.8755276  1.5348722  1.6665411
 1.5527016  1.8195457  1.8457775  1.3925891  1.461096   1.1692588
 1.3954601  1.3355623  1.3383327  1.7943938  1.0413848  1.5964948
 1.8102537  1.6135073  1.9034191  2.1198218  1.3634645  1.357853
 1.5073516  1.3960919  1.0744668  2.3459384  1.3102808  1.3374212
 1.1986362  1.3833091  1.3230363  1.1719809  1.7013005  1.6822679
 1.2076098  1.7695556  1.7887087  1.7866045  1.5734118  1.467664
 2.2732668  1.9047012  1.7715502  1.4356711  1.8420775  1.4932351
 2.3323154  1.9520814  1.2691237  1.9331509  1.3662355  1.1242257
 1.7724371  1.8361518  1.6726601  1.706107   1.3427017  0.7404045
 1.2727464  1.6995736  1.270717   2.0644763  1.0909656  1.543432
 1.450945   1.4904659  0.794059   1.5714248  1.0769153  1.7388684
 1.304619   0.95494324 1.1146644  1.2111359  1.0003221  1.7696437
 1.8410319  1.3904765  1.6460356  1.7001921  1.3546636  1.2584507
 1.7007017  1.7234571  1.7308667  1.4658178  1.585386   0.7286813
 1.4235606  1.2471048  1.3122989  1.3266743  1.6212851  1.727522
 1.2606634  1.0543349  1.5715119  1.2383354  1.536249   0.9152476
 1.7621549  1.5299833  1.4596376  1.4070591  1.7008129  1.4949051
 1.4506502  1.4368293  1.5351045  1.3775762  1.3108675  1.8068914
 0.72460586 1.5453494  1.7506801  1.4479383  1.2053475  0.9174737
 0.97994107 1.7393979  2.0371232  2.0153437  1.8876375  0.6492229
 0.54683936 0.9046608  1.4612652  1.0617377  1.4242097  2.025684
 1.856562   1.1292319  1.6923054  1.4330994  1.3037055  1.3018533
 1.366734   1.426146   1.3329363  1.1884066  1.2273961  1.5103525
 1.59275    1.3639715  1.8657769  1.5353165  1.510712   1.5115821
 0.89984155 1.9871974  1.5453851  0.9913943  1.564416   1.3272276
 1.3818233  0.8741477  0.9089166  1.6363307  1.5950948  0.5769188
 0.87014943 1.0220382  1.4787649  0.9872047  1.8067871  1.8088577
 1.4533926  1.0807331  1.2732242  1.7905431  1.7700101  1.9484117
 1.5457416  1.599824   1.5261414  1.6373879  1.8093506  1.2823646
 1.1302574  2.275776   0.88461316 1.3476771  1.8326714  1.3274465
 1.4999577  1.1650666  1.4176453  1.1623429  0.9891733  1.0246522
 2.288294   1.3510575  1.3601867  1.2958733  1.5130281  1.4876109
 1.4718077  1.3174129  1.3778013  1.6196034  1.5781159  1.5138686
 1.352821   1.2412721  1.4445224  1.9390137  0.8994748  1.4610975
 1.8364168  1.1677648  1.6992608  1.0411679  1.6021078  1.3729659
 0.94615936 1.5017816  1.4053739  1.93957    2.404954   1.8815175
 1.1038129  1.9695231  1.924429   0.99188524 1.5387114  1.2765322
 0.7450492  1.5006032  0.9167215  0.8822934  2.1472933  1.9707506
 1.4304601  1.0911491  1.7514001  1.5175866  1.6173611  1.1956412
 1.398494   1.435995   1.2457439  1.4598026  1.80246    1.632957
 1.1735582  2.0087376  1.4222186  1.9473653  0.9886398  1.2892855
 1.5249151  1.2199546  1.137273   1.2674022  2.0972347  1.748309
 2.086611   1.3526927  1.7012098  0.92954844 1.7377609  1.8279995
 1.4045851  1.9189743  1.7353901  1.5415207  1.6652805  1.5371542
 0.91443557 1.620177   1.893918   1.5837563  1.4297131  1.9841657
 1.6938415  1.4452364  1.8130387  1.8569709  1.4996717  1.4432579
 1.348508   1.5843279  1.8202857  1.3648207  1.966209   1.4713837
 1.6057062  1.3504972  1.3350595  1.4469953  1.4747516  1.6073198
 1.6692773  1.4600108  1.1548345  1.3304092  1.7448931  1.7532103
 1.7678463  1.1885425  1.2230749  0.56455404 1.6362646  1.5133625
 0.6072603  2.0401707  1.6864775  1.5578834  1.6013567  1.0640879
 1.4780729  1.5610859  1.7330538  1.5697178  1.1828337  1.9197668
 1.0642139  1.7903657  0.93405056 1.1827426  1.4484062  0.6836005
 1.024255   1.1557986  1.2273433  0.9845952  1.5839151  1.5863538
 1.4598284  1.2259516  1.9682324  1.787289   1.3425951  1.2529397
 1.667082   1.3442028  1.0052532  1.0349765  1.1435388  1.5597699
 1.3975891  0.93377393 1.6119187  1.597396   1.8276008  1.5963062
 0.83315337 1.8900849  1.7516699  1.4642808  1.3814331  1.4577082
 1.3993086  2.2740035  0.8459022  1.0582744  1.2708338  1.6797975
 1.2913489  1.5119197  1.8205863  1.5299313  1.4804473  1.2071157
 1.4369136  1.1900203  2.0305834  1.4848751  2.0517933  1.5047905
 1.8272399  1.6513952  1.1504576  2.339424   1.0054196  1.7368641
 1.9896692  2.139095   1.8061693  1.6803403  1.6996578  1.5361981
 1.4762955  2.0273118  1.2454087  1.7495453  1.4588665  1.508246
 1.8460082  1.8333864  1.4508599  1.6640528  1.8996427  1.4135765
 1.456784   1.3886864  2.1482534  1.9268578  1.774911   1.7571365
 1.6123246  1.6612561  1.2449697  1.333671   1.3663958  1.4825321
 0.8734561  1.7862283  1.5873998  1.3080324  1.5890586  0.88285923
 1.5784631  0.9226995  1.2960949  1.5086566  1.8651993  2.222817
 2.2021148  1.6616805  1.9301963  1.4024565  1.067083   1.4952666
 1.5834271  1.6159486  1.7769883  0.9282779  1.5723478  1.230235
 1.4521456  1.7458199  1.3103552  2.3405187  1.5621557  1.7428081
 1.2332311  1.5331997  1.5454654  1.7753894  1.2349522  1.4561932
 1.7230113  1.3143855  1.4832025  1.358633   1.16076    1.7018598
 1.7018368  1.4505699  1.6713982  1.8804196  1.4667573  1.4547781
 1.8948066  1.348415   2.1809578  1.2208576  1.3129998  1.329867
 1.5180798  1.1762741  1.6420287  1.9911566  1.3129323  1.5590206
 1.403525   1.4448913  1.626434   1.7081833  1.4532722  0.7626916
 1.7360982  1.8561068  1.3734009  0.90153265 1.538796   1.2605052
 0.6819652  1.2363493  2.3773212  1.6416063  2.0730343  1.70979
 1.1341107  1.2427875  1.6626915  1.1833069  1.7816285  1.355174
 1.530258   1.8043927  1.0924358  1.2751111  1.8628607  1.399214
 1.5911798  1.5690125  1.5895935  1.627341   1.4750582  1.738551
 1.3571146  1.737358   1.5731192  1.2119479  0.99624395 1.3302151
 2.2108958  1.894946   1.22396    1.8853972  1.0349525  1.644811
 1.2467111  1.2463026  1.5683919  1.3248094  0.63303876 1.5224341
 1.1461172  1.0672679  1.1548171  0.6827956  1.6313294  1.6164052
 1.8289763  1.8246579  1.6680176  1.6209873  1.3719296  1.4912204
 2.0315206  1.4346535  1.3121992  1.5854138  1.4938232  1.483519
 1.4818169  1.5928793  1.5090569  1.5700458  0.9837832  1.5842094
 1.9377187  1.2829902  1.5356232  1.1191984  2.0103729  1.8788111
 1.6151453  1.3070428  1.1745137  1.4777205  1.9583799  1.5477747
 1.2872055  1.3755989  1.9357948  1.9381242  1.8748889  1.6563885
 1.1116402  2.023035   1.0708792  1.6836485  1.3152361  0.62948954
 1.306041   1.2830617  1.1600933  1.5482433  1.4713141  1.2975435
 1.3809892  1.6041406  1.7732651  1.3714882  1.601331   1.3663291
 2.472838   1.3483623  1.4707553  1.2659562  1.3666475  1.5785141
 1.6517454  1.6394885  2.0229988  1.114147   1.128594   1.8047792
 1.5612801  1.6627598  1.2349807  1.1831659  1.4936773  2.1466587
 1.2753495  1.1544797  1.317045   1.6585528  1.2474247  1.5121101
 2.1349716  1.8821223  2.1466556  1.4121671  1.6171197  1.6673536
 1.9063385  0.6106229  1.4479016  1.5277176  1.6135759  1.4390875
 1.2420108  1.9663197  1.6416185  1.9343204  1.1395428  1.5304382
 1.9164498  0.7773445  1.1934992  1.9543134  1.4311424  2.3657005
 1.6607187  1.8237846  1.3314506  1.9122686  1.3183125  0.971786
 1.7553513  1.6469438  1.302637   2.0661023  1.9776086  1.5853136
 1.6201146  1.4921826  1.3454988  1.1379285  1.3019512  1.5725763
 1.5398955  1.7736286  1.9228779  1.6913388  1.8314292  2.0856519
 1.6915638  1.6708003  1.5916638  1.2406607  1.8198935  1.7980628
 1.7123055  1.7349178  2.0773096  1.9030055  1.7414525  1.7660135
 1.1181597  1.6242815  1.2678223  1.4572787  1.5592418  1.082817
 1.0282334  1.6133761  1.596118   1.7774295  1.9899647  1.2683396
 1.0378591  1.6234584  1.1139338  1.2192594  1.1539938  1.5034394
 1.3072888  1.1916528  1.7494334  2.128893   1.743966   1.8177131
 1.6945255  1.4980682  1.7674726  1.7058992  1.2348706  1.671073
 1.0715554  1.5373197  1.4942422  1.645513   1.6077757  1.4943447
 0.96317196 1.7310855  2.115306   1.4978936  1.890442   1.373116
 2.172987   0.7134374  1.7846442  1.3861251  1.8040428  1.2235992
 1.8736095  1.1328171  1.5930531  1.3542813  1.0206352  1.6046015
 1.3899702  1.6403464 ]
True MET: [6.64453125e+00 5.13281250e+00 5.33984375e+00 1.06562500e+01
 2.50195312e+00 1.81933594e+00 3.25585938e+00 8.31542969e-01
 6.62500000e+00 1.46582031e+00 3.35156250e+00 2.68554688e+00
 3.35091954e-11 1.00468750e+01 4.01030320e-11 1.70625000e+01
 2.15820312e+00 4.31640625e+00 2.75781250e+00 3.37695312e+00
 8.42773438e-01 1.53808594e+00 1.32226562e+00 9.56250000e+00
 3.44531250e+00 1.86718750e+01 1.58365765e-10 2.51367188e+00
 4.29687500e+00 3.29687500e+00 6.97265625e-01 1.44687500e+01
 4.05859375e+00 1.05078125e+01 5.07324219e-01 3.30260264e-11
 1.96406250e+01 6.10937500e+00 6.24609375e+00 1.77812500e+01
 2.11002771e-10 6.20703125e+00 7.67187500e+00 1.83105469e+00
 5.52518031e-11 1.84531250e+01 6.36328125e+00 1.10058594e+00
 2.55795385e-12 2.39648438e+00 8.73683348e-11 7.04296875e+00
 5.98046875e+00 1.26406250e+01 6.70703125e+00 3.96093750e+00
 9.46093750e+00 1.24902344e+00 1.80664062e+00 2.52157406e-10
 2.79110068e-13 6.07031250e+00 1.56875000e+01 2.08129883e-01
 1.57617188e+00 8.01562500e+00 1.26464844e+00 9.54589844e-01
 7.39453125e+00 2.19921875e+00 4.46093750e+00 9.29687500e+00
 3.92968750e+00 1.23593750e+01 4.35937500e+00 3.99804688e+00
 3.26562500e+00 7.05468750e+00 5.05859375e+00 2.05468750e+00
 9.85937500e+00 2.36032065e-08 3.39648438e+00 3.25826477e-10
 1.98281250e+01 4.62989647e-11 5.60156250e+00 2.46875000e+00
 5.33984375e+00 2.42553711e-01 4.32031250e+00 3.59570312e+00
 1.09531250e+01 9.53906250e+00 6.90234375e+00 6.71484375e+00
 2.21875000e+00 5.38671875e+00 2.74553895e-06 3.55468750e-01
 3.82324219e-01 6.26464844e-01 2.91015625e+00 3.99023438e+00
 3.29101562e+00 7.08203125e+00 5.71484375e+00 7.43750000e+00
 6.12109375e+00 6.57421875e+00 3.60742188e+00 2.90625000e+00
 6.99609375e+00 5.32812500e+00 1.37109375e+01 2.24804688e+00
 5.20594767e-09 6.35937500e+00 1.89648438e+00 2.91210938e+00
 1.92578125e+00 2.81445312e+00 3.86328125e+00 2.38476562e+00
 4.13671875e+00 3.90429688e+00 1.50000000e+00 1.03906250e+00
 3.14648438e+00 5.43750000e+00 2.94221536e-10 4.79296875e+00
 6.66796875e+00 3.72558594e-01 4.80957031e-02 7.67578125e+00
 4.91406250e+00 1.25965016e-09 2.26367188e+00 1.65625000e+00
 9.74121094e-02 6.60156250e+00 1.80664062e+00 1.79394531e+00
 1.19531250e+01 5.81054688e-01 4.63671875e+00 2.21484375e+00
 1.30781250e+01 9.15625000e+00 2.28320312e+00 1.46582031e+00
 2.68554688e+00 6.41015625e+00 3.79101562e+00 1.64355469e+00
 1.38085938e+00 2.39843750e+00 1.85644531e+00 1.25703125e+01
 2.94531250e+00 9.46442924e-11 1.82343750e+01 7.80468750e+00
 1.84863281e+00 4.75341797e-01 5.83984375e+00 1.21171875e+01
 2.94921875e+00 9.42968750e+00 1.99843750e+01 1.23906250e+01
 3.57910156e-01 8.92187500e+00 1.69375000e+01 1.25000000e+00
 3.32226562e+00 4.06250000e+00 2.13476562e+00 2.82226562e+00
 2.20312500e+00 1.69531250e+01 8.70841177e-10 4.48046875e+00
 1.59616320e-09 1.27890625e+01 4.70703125e-01 1.65722656e+00
 1.13125000e+01 3.65039062e+00 3.23046875e+00 1.45000000e+01
 2.11328125e+00 1.20781250e+01 1.27578125e+01 8.10058594e-01
 1.23515625e+01 2.68750000e+00 1.37011719e+00 1.88125000e+01
 5.57617188e-01 2.58056641e-01 3.69254849e-10 2.84444468e-10
 7.87109375e-01 1.11875000e+01 2.10937500e+00 3.10302734e-01
 8.72656250e+00 7.70312500e+00 1.92968750e+01 1.29492188e+00
 3.04645198e-13 6.21875000e+00 7.58203125e+00 3.82031250e+00
 5.35937500e+00 9.57031250e+00 3.66995323e-12 6.67187500e+00
 1.28750000e+01 3.50781250e+00 1.20937500e+01 1.80566406e+00
 1.06484375e+01 1.33671875e+01 9.50781250e+00 2.72621037e-10
 1.93125516e-11 2.30273438e+00 1.63437500e+01 6.19140625e+00
 1.35156250e+00 7.84375000e+00 1.77246094e+00 2.40039062e+00
 1.27539062e+00 1.56875000e+01 1.23925781e+00 5.51953125e+00
 1.43945312e+00 1.79785156e+00 2.56640625e+00 1.60937500e+00
 2.65625000e+00 1.10685505e-09 2.08398438e+00 4.19140625e+00
 6.16796875e+00 2.88476562e+00 9.13281250e+00 8.08593750e+00
 3.04882812e+00 1.45312500e+01 9.92968750e+00 4.47656250e+00
 3.68945312e+00 1.60644531e-01 1.19921875e+00 3.56445312e+00
 1.51757812e+00 2.24843750e+01 2.09179688e+00 2.97265625e+00
 9.10937500e+00 7.67822266e-02 1.74062500e+01 3.55839802e-11
 2.38281250e+00 1.04062500e+01 7.30957031e-01 1.67343750e+01
 4.61669922e-01 1.75878906e+00 3.30468750e+00 6.64453125e+00
 7.85644531e-01 5.96875000e+00 8.52343750e+00 1.56933594e+00
 3.29882812e+00 4.09272616e-11 7.24398319e-12 4.73046875e+00
 6.80078125e+00 3.53515625e+00 4.91015625e+00 1.01796875e+01
 1.01953125e+01 3.49054119e-12 9.78125000e+00 6.15727913e-10
 1.04101562e+00 6.77343750e+00 4.90625000e+00 6.95703125e+00
 1.82656250e+01 1.27734375e+00 2.92382812e+00 1.31250000e+01
 3.79882812e+00 4.67578125e+00 5.48437500e+00 2.30859375e+00
 6.63281250e+00 2.00468750e+01 2.08789062e+00 1.27968750e+01
 3.77343750e+00 3.11718750e+00 1.04609375e+01 1.17870513e-09
 9.82812500e+00 1.98125000e+01 1.49765625e+01 1.02968750e+01
 2.15625000e+01 4.22656250e+00 1.76406250e+01 3.11328125e+00
 3.11523438e+00 1.97656250e+01 3.97851562e+00 4.78125000e+00
 3.58984375e+00 2.57421875e+00 7.10546875e+00 8.10156250e+00
 2.09218750e+01 7.71484375e+00 1.38437500e+01 3.26367188e+00
 7.45703125e+00 3.30810547e-02 2.68073563e-10 4.89453125e+00
 2.47656250e+00 2.86775048e-11 4.55468750e+00 1.51562500e+01
 2.21289062e+00 4.94253527e-11 8.64843750e+00 1.03281250e+01
 4.94140625e+00 8.29687500e+00 1.62656250e+01 4.16015625e+00
 1.18359375e+00 1.46428647e-10 7.73828125e+00 1.02187500e+01
 2.43554688e+00 1.23925781e+00 1.23437500e+00 1.41250000e+01
 3.84261511e-11 5.64843750e+00 1.33178711e-01 5.45410156e-01
 3.68572728e-10 1.42812500e+01 4.20312500e+00 6.21298568e-11
 1.44950718e-10 9.10156250e+00 6.15837052e-08 1.37597656e+00
 2.89843750e+00 1.24062500e+01 9.61303711e-02 9.17187500e+00
 2.11523438e+00 2.02656250e+01 2.15663931e-10 1.62968750e+01
 4.46093750e+00 5.59375000e+00 9.64843750e+00 3.92578125e-01
 4.39062500e+00 1.78808594e+00 1.34843750e+01 3.04492188e+00
 1.37421875e+01 6.73828125e+00 1.31347656e+00 4.25781250e+00
 3.99218750e+00 6.91406250e+00 1.30625000e+01 7.15090209e-11
 1.46093750e+00 3.90173227e-10 5.29687500e+00 2.31445312e+00
 1.45859375e+01 1.76951289e-08 4.68359375e+00 7.21484375e+00
 3.69726562e+00 3.29464456e-10 2.51953125e+00 4.28906250e+00
 4.53515625e+00 1.72558594e+00 5.63318281e-11 7.98991096e-10
 4.53125000e+00 6.22265625e+00 3.59863281e-01 1.02656250e+01
 1.26757812e+00 8.62500000e+00 3.22851562e+00 6.98491931e-10
 5.05468750e+00 1.31542969e+00 3.35205078e-01 5.07812500e+00
 9.04687500e+00 2.68945312e+00 1.72235559e-10 1.22167969e+00
 1.69218750e+01 2.37792969e-01 4.15234375e+00 5.54296875e+00
 2.66992188e+00 5.03906250e+00 4.36328125e+00 1.14375000e+01
 1.14843750e+00 8.29687500e+00 3.71289062e+00 9.56542969e-01
 4.55078125e+00 5.28125000e+00 2.56640625e+00 3.98828125e+00
 5.26953125e+00 3.10937500e+00 9.25781250e+00 3.17187500e+00
 3.12109375e+00 4.02724254e-09 2.94531250e+00 5.87109375e+00
 2.31170654e-02 2.97539771e-12 7.43750000e+00 2.03073114e-11
 6.51953125e+00 3.27148438e+00 1.15390625e+01 4.91943359e-02
 2.38060238e-10 3.02929688e+00 1.23906250e+01 7.97363281e-01
 5.68718406e-11 1.39140625e+01 1.58325195e-01 9.20410156e-01
 1.10839844e+00 2.25156250e+01 3.33789062e+00 2.20937500e+01
 3.73242188e+00 1.74023438e+00 1.07500000e+01 1.08125000e+01
 4.21707114e-12 2.66311417e-11 6.55078125e+00 1.67460712e-10
 2.29101562e+00 1.06347656e+00 6.96093750e+00 5.43750000e+00
 7.58593750e+00 1.68114411e-11 2.91406250e+00 1.27187500e+01
 1.07578125e+01 5.57421875e+00 2.09062500e+01 1.28056854e-08
 1.83300781e+00 2.25195312e+00 3.88867188e+00 1.23437500e+00
 2.07500000e+01 5.37454525e-11 6.45312500e+00 9.17968750e-01
 5.40967449e-09 1.20859375e+01 2.27259989e-10 1.83691406e+00
 2.50976562e-01 6.92968750e+00 1.96386719e+00 9.44531250e+00
 1.38281250e+01 3.89160156e-01 9.65625000e+00 4.30859375e+00
 1.31640625e+01 5.42570433e-11 9.29687500e+00 6.42578125e+00
 6.66796875e+00 5.25781250e+00 1.19921875e+01 3.31445312e+00
 3.15673828e-01 4.74218750e+00 1.11484375e+01 1.05156250e+01
 6.38671875e+00 2.54492188e+00 1.76093750e+01 6.47265625e+00
 2.01562500e+01 1.02187500e+01 4.78906250e+00 1.15625000e+00
 8.92187500e+00 3.93945312e+00 1.29882812e+00 3.90625000e+00
 9.38281250e+00 6.36328125e+00 1.39375000e+01 1.27832031e+00
 4.80078125e+00 4.43750000e+00 6.12304688e-01 9.16406250e+00
 6.78125000e+00 6.93847656e-01 2.53095322e-11 1.74687500e+01
 2.19726562e+00 1.46191406e+00 2.88085938e+00 2.39257812e+00
 1.52734375e+00 3.11592885e-09 8.98437500e-01 4.30468750e+00
 7.85644531e-01 5.98046875e+00 5.22656250e+00 1.38203125e+01
 1.90332031e+00 3.51953125e+00 1.60937500e+01 2.27656250e+01
 3.57226562e+00 4.69140625e+00 4.14062500e+00 4.42871094e-01
 1.18593750e+01 2.90820312e+00 1.34718903e-10 2.07187500e+01
 1.47167969e+00 1.77187500e+01 1.34062500e+01 7.84375000e+00
 2.35156250e+00 2.26367188e+00 2.42773438e+00 5.49609375e+00
 1.35625000e+01 6.03515625e+00 6.64062500e+00 3.52734375e+00
 2.32205366e-11 2.28320312e+00 9.34375000e+00 1.18750000e+01
 6.30859375e+00 4.59765625e+00 8.39843750e+00 2.07187500e+01
 4.19531250e+00 6.16406250e+00 9.00781250e+00 9.22363281e-01
 1.07031250e+01 5.47970558e-10 8.07031250e+00 5.56250000e+00
 6.42578125e+00 6.89086914e-02 8.49609375e-01 1.80273438e+00
 1.19042969e+00 9.11718750e+00 5.94531250e+00 8.72558594e-01
 1.49218750e+01 1.49023438e+00 1.49375000e+01 4.04296875e+00
 4.58203125e+00 2.54840415e-09 2.81250000e+00 6.33984375e+00
 3.83079168e-09 4.67224121e-02 7.65625000e+00 3.96679688e+00
 1.40546875e+01 4.60937500e+00 1.11185727e-10 2.08203125e+00
 9.25781250e+00 1.22460938e+00 2.07500000e+01 3.77343750e+00
 1.34434686e-11 6.61718750e+00 5.44921875e+00 4.17578125e+00
 1.35781250e+01 1.82031250e+01 2.81640625e+00 3.37422534e-09
 1.41328125e+01 4.58984375e-02 3.94335938e+00 5.17187500e+00
 5.84375000e+00 1.36205927e-08 1.83300781e+00 4.12500000e+00
 4.22265625e+00 4.07031250e+00 3.33007812e+00 9.14496923e-10
 7.07421875e+00 9.74218750e+00 1.23515625e+01 3.91764843e-10
 1.37421875e+01 6.44302368e-03 4.98857844e-10 8.69531250e+00
 7.09472656e-01 7.79687500e+00 2.52539062e+00 3.03125000e+00
 4.67578125e+00 1.35173650e-10 3.65162123e-10 4.36328125e+00
 1.00859375e+01 5.87402344e-01 7.28515625e-01 1.77343750e+01
 1.16015625e+00 2.65234375e+00 3.35351562e+00 5.20703125e+00
 1.27187150e-11 5.95703125e-01 9.67773438e-01 1.42578125e+00
 5.64453125e-01 3.54101562e+00 1.29453125e+01 1.87031250e+01
 4.02734375e+00 2.42968750e+00 2.46093750e+00 3.66992188e+00
 9.65625000e+00 3.07812500e+00 1.58593750e+01 1.59960938e+00
 4.00390625e+00 1.67031250e+01 4.62890625e+00 7.36816406e-01
 1.56347656e+00 9.78906250e+00 1.59872116e-12 3.42481599e-11
 1.49687500e+01 1.17031250e+01 1.98852539e-01 1.56562500e+01
 2.65429688e+00 4.68359375e+00 8.54925020e-09 1.01953125e+01
 1.44218750e+01 3.78804543e-10 1.50976562e+00 2.54492188e+00
 7.48046875e-01 1.64218750e+01 3.26562500e+00 1.64561698e-11
 6.11180440e-10 1.26640625e+01 1.29062500e+01 1.71875000e+01
 1.18234311e-09 3.57421875e+00 1.20605469e+00 2.57226562e+00
 1.39140625e+01 1.93281250e+01 7.87109375e+00 3.65625000e+00
 7.42968750e+00 1.38867188e+00 2.13085938e+00 2.58789062e-01
 3.23416316e-09 1.03359375e+01 1.32890625e+01 1.51406250e+01
 2.01562500e+00 9.45312500e+00 5.39062500e-01 1.06883817e-08
 4.81304596e-09 1.88437500e+01 6.64843750e+00 4.88281250e+00
 2.37304688e+00 1.24218750e+00 2.02148438e+00 4.46016202e-09
 7.71484375e+00 2.72827148e-02 9.96093750e+00 3.77343750e+00
 1.10253906e+00 3.39062500e+00 1.68750000e+01 7.96484375e+00
 2.13437500e+01 7.50781250e+00 7.86132812e-02 5.70312500e+00
 4.02343750e+00 2.03125000e-01 7.76171875e+00 1.79296875e+00
 5.21093750e+00 8.83789062e-01 3.51171875e+00 2.36914062e+00
 1.16953125e+01 6.43359375e+00 4.50781250e+00 2.04687500e+00
 6.15614226e-11 2.81054688e+00 1.07265625e+01 3.96875000e+00
 1.63593750e+01 5.53515625e+00 4.48828125e+00 1.48193359e-01
 1.59687500e+01 3.69726562e+00 4.20703125e+00 3.03771230e-10
 7.87109375e+00 1.13504939e-09 1.24023438e+00 1.21406250e+01
 1.49448169e-08 1.16093750e+01 1.44765625e+01 6.16015625e+00
 9.29687500e+00 8.85937500e+00 1.84843750e+01 3.27963789e-09
 7.19921875e+00 7.73828125e+00 7.08203125e+00 5.28125000e+00
 1.58691406e-01 3.83789062e+00 1.45800781e+00 1.79785156e+00
 6.67187500e+00 1.83593750e+00 1.31796875e+01 5.13671875e+00
 1.86875000e+01 2.83007812e+00 4.88671875e+00 6.23828125e+00
 8.23437500e+00 5.83213478e-11 6.05957031e-01 2.26757812e+00
 2.47192383e-01 2.69140625e+00 1.48515625e+01 1.29531250e+01
 3.33102435e-10 2.04062500e+01 4.28125000e+00 1.25078125e+01
 7.39843750e+00 6.49902344e-01 1.44375000e+01 4.07421875e+00
 1.44921875e+01 1.82500000e+01 6.42578125e+00 1.53984375e+01
 5.04951458e-09 1.59472656e+00 7.41096073e-12 8.17968750e+00
 6.60644531e-01 9.45312500e+00 5.30273438e-01 1.19843750e+01
 8.44531250e+00 4.11328125e+00 4.46484375e+00 5.03906250e+00
 9.53125000e+00 5.53125000e+00 7.44921875e+00 2.24375000e+01
 1.33515625e+01 2.51757812e+00 2.34375000e+00 6.05078125e+00
 7.03906250e+00 6.12109375e+00 1.34765625e+00 1.19765625e+01
 4.33984375e+00 4.75000000e+00 6.22656250e+00 5.66796875e+00
 1.53203125e+01 2.69174576e-04 7.28125000e+00 1.20390625e+01
 5.23828125e+00 4.07283096e-11 3.03906250e+00 1.78906250e+01
 1.14218750e+01 1.02187500e+01 6.06632966e-10 9.19531250e+00
 3.64257812e+00 3.16210938e+00 1.00859375e+01 7.70019531e-01
 1.73125000e+01 5.21875000e+00 8.60937500e+00 1.32128906e+00
 3.07128906e-01 2.94531250e+00 4.10546875e+00 1.06484375e+01
 1.34375000e+01 2.74023438e+00 3.52539062e+00 3.00537109e-01
 2.71093750e+00 1.01562500e+01 1.36250000e+01 6.24218750e+00
 1.37656250e+01 1.03984375e+01 1.19609375e+01 6.71875000e+00
 6.52734375e+00 1.43847656e+00 2.01757812e+00 1.41796875e+00
 2.38671875e+00 3.53320312e+00 2.43750000e+00 2.21250000e+01
 1.88769531e+00 6.79687500e+00 1.40857992e-10 5.48828125e+00
 6.60937500e+00 5.54687500e-01 1.06152344e+00 1.38046875e+01
 1.02734375e+00 8.36718750e+00 1.85312500e+01 9.19531250e+00
 4.58593750e+00 1.23593750e+01 2.59765625e-01 4.73022461e-03
 1.29785156e+00 1.22265625e+01 6.89941406e-01 4.63671875e+00
 2.11547852e-01 2.84570312e+00 9.59375000e+00 3.81835938e-01
 9.08593750e+00 6.63021638e-10 1.43906250e+01 8.57812500e+00
 6.55468750e+00 1.48437500e+01 2.53710938e+00 9.26562500e+00
 1.11328125e+01 2.62500000e+00 5.32812500e+00 4.40234375e+00
 1.49062500e+01 1.81250000e+00 1.01953125e+00 1.18046875e+01
 9.60937500e+00 1.97656250e+00 4.29296875e+00 1.63593750e+01
 9.71093750e+00 1.16406250e+00 1.75156250e+01 1.17343750e+01
 9.37916411e-12 1.76660156e+00 5.34765625e+00 1.89531250e+01
 7.07421875e+00 3.47265625e+00 2.80859375e+00 3.61718750e+00
 6.61718750e+00 7.26171875e+00 9.89913940e-04 3.56250000e+00
 5.75000000e+00 1.00312500e+01 9.81344783e-10 3.76757812e+00
 4.69531250e+00 1.69687500e+01 5.05859375e+00 1.25234375e+01
 1.02968750e+01 3.35693359e-01 6.42968750e+00 5.06591797e-03
 1.38359375e+01 9.16406250e+00 6.74731382e-11 7.97851562e-01
 3.22265625e+00 1.66718750e+01 6.09375000e+00 5.89062500e+00
 2.37890625e+00 5.10253906e-01 4.09272616e-11 7.95410156e-01
 1.16875000e+01 7.06250000e+00 3.39355469e-02 8.07744982e-11
 3.75585938e+00 1.23463906e-10 4.46093750e+00 1.94580078e-01
 1.01328125e+01 1.94628906e+00 5.65234375e+00 5.52734375e+00
 4.99609375e+00 4.41389147e-11 9.03125000e+00 1.12734375e+01
 9.51660156e-01 1.37573242e-01 4.12890625e+00 4.80468750e-01
 7.81250000e+00 1.94972927e-10 2.49609375e+00 1.17980957e-01
 9.74218750e+00 3.22870619e-10 1.42343750e+01 1.40039062e+00
 7.41692929e-10 2.68750000e+00 1.79199219e+00 3.80078125e+00
 1.16894531e+00 2.44531250e+00 4.59375000e+00 4.44580078e-01
 8.39843750e+00 1.36621094e+00 9.52240953e-10 1.32890625e+01
 3.65434971e-09 6.07812500e+00 7.58984375e+00 7.92578125e+00
 8.52343750e+00 6.74609375e+00 8.08593750e+00 5.39453125e+00
 6.57812500e+00 2.15429688e+00 1.31347656e+00 1.56069291e-09
 1.01269531e+00 7.44628906e-02 1.19296875e+01 4.40195436e-10
 1.42578125e+00 8.05468750e+00 7.97851562e-01 7.56017471e-11
 1.45000000e+01 1.61093750e+01 5.43750000e+00 1.18660637e-11
 1.64062500e+01 2.01225703e-11 1.00234375e+01 8.03125000e+00
 1.11015625e+01 7.41692929e-10 1.18750000e+01 2.01367188e+00
 2.54687500e+00 5.65234375e+00 5.21875000e+00 3.75585938e+00
 2.27009878e-09 6.62841797e-02 1.07288361e-04 1.48125000e+01
 1.77050781e+00 1.10390625e+01 7.83984375e+00 8.13161023e-08
 1.35000000e+01 2.88867188e+00 1.72070312e+00 1.23750000e+01
 3.33398438e+00 1.59921875e+01 4.01562500e+00 5.99121094e-01
 4.49347226e-11 3.30273438e+00 5.47265625e+00 1.23125000e+01
 1.60278320e-01 1.56462193e-07 5.27343750e-01 1.59218750e+01
 1.10937500e+01 2.92382812e+00 2.85156250e+00 9.91349225e-11
 1.34218750e+01 4.51171875e-01 9.53125000e+00 7.31640625e+00
 1.67602539e-01 5.81640625e+00 1.14687282e-09 7.65625000e+00
 1.20468750e+01 3.50390625e+00 5.15625000e+00 1.63125000e+01
 3.67382812e+00 1.29609375e+01 1.66406250e+01 7.65234375e+00
 3.16210938e+00 1.20735422e-10 1.27929688e+00 2.30273438e+00
 7.67187500e+00 8.10937500e+00 6.70703125e+00 1.69531250e+00
 1.77832031e+00 9.09375000e+00 1.57714844e+00 6.33235686e-11
 8.62500000e+00 1.82031250e+00 6.75781250e+00 7.60742188e-01
 8.88281250e+00 3.88867188e+00 2.05468750e+00 3.77734375e+00
 4.65625000e+00 2.16601562e+00 1.70156250e+01 2.82031250e+00
 1.62890625e+00 3.91406250e+00 3.75781250e+00 5.03515625e+00
 9.20312500e+00 8.14062500e+00 5.83895599e-10 4.67578125e+00
 6.10546875e+00 1.58281250e+01 9.50000000e+00 5.11328125e+00
 7.06250000e+00 5.17578125e-01 4.04296875e+00 7.48046875e+00
 9.03906250e+00 2.31921149e-11 3.02929688e+00 3.94042969e-01
 4.89062500e+00 7.16015625e+00 1.02716058e-10 1.23144531e+00
 2.56835938e-01 4.68750000e+00 5.27734375e+00 7.51464844e-01
 1.11754161e-10 9.13281250e+00 7.08203125e+00 5.49804688e-01
 1.36093750e+01 1.80468750e+01 3.66943359e-01 2.50585938e+00
 1.70937500e+01 4.33984375e+00 2.43750000e+00 9.32812500e+00
 4.02343750e+00 2.35156250e+00 1.15781250e+01 4.55810547e-01
 1.02343750e+01 4.51171875e+00 1.28417969e+00 5.22265625e+00
 6.55078125e+00 2.45703125e+00 5.79687500e+00 6.17675781e-01
 6.54687500e+00 3.51953125e+00 1.63281250e+01 1.66210938e+00
 3.75390625e+00 4.50017978e-09 1.83007812e+00 2.02812500e+01
 2.21289062e+00 1.22187500e+01 1.49531250e+01 3.68945312e+00
 1.53027344e+00 3.73437500e+00 4.82812500e+00 7.82812500e+00
 4.81250000e+00 4.08593750e+00 9.57812500e+00 4.45703125e+00
 7.97656250e+00 1.95898438e+00 2.19843750e+01 7.14862836e-10
 8.75781250e+00 5.34055289e-09 4.14843750e+00 8.05468750e+00
 1.35449219e+00 6.72265625e+00 3.36718750e+00 6.95312500e-01
 5.05468750e+00 4.14453125e+00 8.57031250e+00 1.08496094e+00
 7.02148438e-01 5.34375000e+00 4.12114787e-11 9.20408638e-09
 8.96875000e+00 1.16250000e+01 1.04453125e+01 4.96093750e+00
 1.42187500e+01 4.70095074e-11 6.66406250e+00 3.18527222e-03
 9.03906250e+00 1.72377668e-11 8.51514415e-11 1.53359375e+01
 1.67578125e+00 1.03906250e+01 1.63671875e+00 2.22656250e+01
 1.77832031e+00 1.76562500e+01 6.86328125e+00 2.48437500e+00
 6.98437500e+00 4.21484375e+00 1.50878906e+00 1.64218750e+01
 2.19375000e+01 2.07187500e+01 9.79980469e-01 2.60115485e-10
 2.57421875e+00 1.07931442e-11 3.14648438e+00 1.08871609e-06
 1.55468750e+01 1.47460938e+00 3.68164062e-01 9.38964844e-01
 1.41406250e+01 3.59765625e+00 1.50488281e+00 4.57031250e+00
 2.11875886e-07 1.34140625e+01 7.09551387e-08 1.48671875e+01
 1.23281250e+01 4.67181849e-12 1.12109375e+00 1.53613281e+00
 6.79296875e+00 5.47363281e-01 1.65722656e+00 5.36238076e-09
 2.06835938e+00 7.08984375e+00 3.49853516e-01 4.69921875e+00
 5.40234375e+00 7.69140625e+00 1.58203125e+00 9.83398438e-01
 1.11015625e+01 1.97656250e+01 9.76562500e+00 2.96142578e-01
 3.16015625e+00 9.24218750e+00 1.93066406e+00 5.86328125e+00
 1.92871094e+00 3.35376171e-11 1.01953125e+01 5.90625000e+00
 4.73221462e-11 2.07617188e+00 1.41894531e+00 6.74218750e+00
 2.15332031e-01 1.49687500e+01 2.85156250e-01 2.24804688e+00
 3.09570312e+00 3.67663233e-10 1.17950094e-11 1.29394531e+00
 3.63867188e+00 1.10449219e+00 3.33789062e+00 7.22656250e+00
 3.09765625e+00 1.42675781e+00 2.19531250e+01 2.55859375e+00
 5.71777344e-01 1.22578125e+01 1.53417969e+00 9.28125000e+00
 1.29150391e-01 9.57031250e+00 2.81033863e-10 6.80175781e-01
 1.52832031e-01 1.30078125e+01 4.97656250e+00 6.01171875e+00
 8.57031250e+00 2.02187500e+01 9.86718750e+00 9.42187500e+00
 9.47864010e-12 2.98632812e+00 1.37109375e+00 3.62890625e+00
 1.81875000e+01 4.01171875e+00 1.02545528e-10 4.00781250e+00
 2.24062500e+01 6.63574219e-01 4.82421875e+00 8.83593750e+00
 2.83984375e+00 1.05163574e-01 4.39062500e+00 2.87172952e-10
 6.21093750e+00 9.14062500e+00 6.39062500e+00 8.53906250e+00
 4.38671875e+00 4.76562500e+00 1.72031250e+01 3.13867188e+00
 5.24609375e+00 5.30853868e-08 7.12890625e+00 9.20312500e+00
 4.44030762e-02 7.15625000e+00 1.02148438e+00 9.45312500e+00
 1.32672540e-10 7.80859375e+00 1.34960938e+00 6.49609375e+00
 3.75976562e+00 1.33593750e+01 1.97949219e+00 2.75976562e+00
 1.99804688e+00 1.41796875e+01 4.30078125e+00 6.00000000e+00
 1.70703125e+00 1.29028320e-01 1.92656250e+01 4.42187500e+00
 2.23437500e+01 1.43828125e+01 1.22109375e+01 2.58478394e-09
 1.41972123e-09 5.89843750e+00 3.59375000e-01 6.47656250e+00
 1.20271579e-08 1.27734375e+01 6.04687500e+00 1.53515625e+00
 2.22460938e+00 5.46220690e-07 8.72656250e+00 5.04296875e+00
 6.01074219e-01 6.87214197e-09 1.02656250e+01 6.46484375e+00
 6.57226562e-01 9.92187500e+00 1.78710938e+00 2.81715984e-10
 8.20312500e+00 4.18359375e+00 1.11171875e+01 1.34062500e+01
 1.36015625e+01 2.83034751e-09 1.50976562e+00 4.81640625e+00
 7.17045623e-09 2.19345093e-03 3.24804688e+00 1.42773438e+00
 9.07789399e-11 1.67382812e+00 2.34222412e-03 1.03046875e+01
 1.15625000e+01 3.71679688e+00 2.10625000e+01 7.50488281e-01
 2.87695312e+00 2.52929688e+00 3.26562500e+00 6.17583282e-08
 9.71875000e+00 2.83593750e+00 1.14140625e+01 1.25781250e+01
 3.33789062e+00 1.75532477e-09 9.95312500e+00 1.10107422e-01
 1.37031250e+01 4.92578125e+00 8.91020591e-12 4.08984375e+00
 6.22265625e+00 7.71875000e+00 1.74023438e+00 3.39453125e+00
 9.44531250e+00 6.98046875e+00 5.33593750e+00 1.65156250e+01
 1.81093750e+01 4.10937500e+00 6.98828125e+00 8.03125000e+00
 1.50292969e+00 2.16093750e+01 3.22070312e+00 1.50097656e+00
 4.82031250e+00 1.30273438e+00 3.86132812e+00 3.34960938e+00
 8.23437500e+00 3.89257812e+00 1.60625000e+01 3.62109375e+00
 3.81078280e-10 4.63281250e+00 2.65572453e-10 6.31250000e+00
 2.45703125e+00 4.51562500e+00 3.18164062e+00 1.26760824e-10
 1.74121094e+00 2.09570312e+00 5.77343750e+00 2.03125000e+01
 5.69921875e+00 2.19335938e+00 5.88988769e-09 2.01367188e+00
 1.18961907e-09 1.02500000e+01 1.65312500e+01 1.97031250e+01
 3.31250000e+00 5.30078125e+00 8.65625000e+00 2.83944246e-09
 2.17283969e-11 4.18701172e-01 4.91406250e+00 1.29394531e+00
 1.03984375e+01 1.54140625e+01 8.09375000e+00 9.35937500e+00
 7.31640625e+00 1.02734375e+01 2.45705678e-11 2.22460938e+00
 8.67968750e+00 1.95937500e+01 1.27890625e+01 7.28906250e+00
 1.43359375e+00 3.49804688e+00 1.14609375e+01 3.09000825e-10
 6.94531250e+00 3.67187500e+00 3.63476562e+00 4.89257812e-01
 1.96337169e-10 9.51562500e+00 1.64941406e+00 7.87109375e+00
 1.98852539e-01 1.32968750e+01 4.07421875e+00 9.55468750e+00
 7.31445312e-01 2.17773438e+00 3.06250000e+00 4.96484375e+00
 9.29199219e-01 9.70312500e+00 7.80273438e-01 1.07421875e+01
 1.92382812e-01 3.88867188e+00 1.01406250e+01 1.50000000e+00
 1.01499609e-09 2.76367188e+00 5.64453125e-01 1.01855469e+00
 8.97460938e-01 3.47265625e+00 4.25000000e+00 5.28335571e-03
 1.73730469e+00 1.89218750e+01 1.51464844e+00 1.88867188e+00
 5.55468750e+00 1.78281250e+01 4.03906250e+00 1.04296875e+01
 5.53906250e+00 2.20117188e+00 1.50683594e+00 5.69921875e+00
 1.68125000e+01 4.34765625e+00 5.36132812e-01 5.66796875e+00
 3.62092578e-11 4.72265625e+00 7.65625000e+00 8.47167969e-01
 1.50488281e+00 3.62109375e+00 4.00781250e+00 4.06640625e+00
 1.96406250e+01 1.84218750e+01 8.53906250e+00 9.86328125e-01
 8.53125000e+00 2.36206055e-01 3.91153776e-12 2.71093750e+00
 6.60546875e+00 1.76757812e-01 3.81250000e+00 5.54687500e-01
 4.48437500e+00 1.13062561e-06 2.10937500e+00 3.58789062e+00
 2.22070312e+00 1.19384766e-01 2.00585938e+00 1.30000000e+01
 9.81344783e-10 4.01953125e+00 1.40527344e+00 5.15234375e+00
 3.24609375e+00 3.14843750e+00 1.65039062e+00 1.63085938e-01
 4.01171875e+00 8.42968750e+00 3.32031250e+00 1.75683594e+00
 1.82126314e-10 5.46606316e-10 8.12500000e+00 1.35514711e-10
 9.33105469e-01 1.62792969e+00 2.76171875e+00 4.09765625e+00
 8.33593750e+00 3.12695312e+00 1.10546875e+00 7.81640625e+00
 3.79296875e+00 1.41699219e+00 3.07617188e+00 1.43472789e-10
 1.50985718e-02 1.78374648e-10 6.39843750e+00 2.27882992e-08
 4.99218750e+00 1.52968750e+01 2.24414062e+00 5.42968750e+00
 7.34375000e+00 2.35786501e-10 5.00390625e+00 1.50878906e+00
 3.19921875e+00 3.90429688e+00 5.03906250e+00 1.38964844e+00
 1.60351562e+00 4.91015625e+00 1.19609375e+01 5.59570312e-01
 5.28125000e+00 6.52734375e+00 9.54687500e+00 4.26041424e-11
 9.44531250e+00 1.73258741e-10 7.94531250e+00 3.81103516e-01
 5.64843750e+00 1.18984375e+01 8.75854492e-03 2.20937500e+01
 1.06406250e+01 8.37500000e+00 2.61718750e-01 6.02343750e+00
 2.82031250e+00 2.79687500e+00 7.41406250e+00 5.28906250e+00
 3.44471118e-11 6.67968750e+00 6.04687500e+00 9.12500000e+00
 5.35546875e+00 1.67968750e+00 9.41406250e+00 9.68611857e-10
 2.83593750e+00 8.00000000e+00 1.80312500e+01 1.35253906e+00
 1.11562500e+01 4.07421875e+00 8.90625000e-01 1.59082031e+00
 4.14843750e+00 6.89453125e+00 1.90136719e+00 7.08618164e-02
 2.72851562e+00 4.61328125e+00 1.93267624e-10 3.11718750e+00
 1.67578125e+00 2.54882812e+00 4.82031250e+00 5.18359375e+00
 5.03515625e+00 1.38515625e+01 5.40234375e+00 5.20958565e-08
 1.16328125e+01 5.19921875e+00 7.43359375e+00 6.98491931e-10
 4.57031250e+00 5.49218750e+00 6.35156250e+00 7.41806616e-11
 9.89257812e-01 6.41796875e+00 6.01171875e+00 7.89184570e-02
 1.04785156e+00 4.45800781e-01 2.20312500e+01 2.56250000e+00
 2.07031250e+00 4.60715910e-11 1.59687500e+01 9.62890625e-01
 1.36250000e+01 8.93750000e+00 9.52343750e+00 2.92968750e+00
 2.00390625e+00 3.69254849e-10 1.26875000e+01 6.35546875e+00
 1.85839844e+00 7.64843750e+00 9.23437500e+00 4.40234375e+00
 3.76757812e+00 5.87890625e+00 3.99893452e-11 6.14453125e+00
 5.20312500e+00 1.65156250e+01 9.53613281e-01 1.15468750e+01
 6.18359375e+00 2.16827393e-02 3.47100126e-12 6.17187500e+00
 5.23046875e+00 3.63671875e+00 5.98046875e+00 2.70703125e+00
 4.83984375e+00 2.70301825e-09 7.76953125e+00 3.13671875e+00
 7.06250000e+00 7.71875000e+00 2.23053576e-10 2.03906250e+00
 7.41332769e-07 7.41692929e-10 2.06054688e+00 3.14257812e+00
 2.02343750e+01 6.73828125e+00 5.79296875e+00 2.80468750e+00
 3.04680725e-11 7.43652344e-01 2.88476562e+00 3.82812500e+00
 7.66406250e+00 3.68117981e-10 8.39062500e+00 1.83750000e+01
 6.93359375e+00 4.78906250e+00 1.13750000e+01 2.89062500e+00
 2.84667969e-01 1.05234375e+01 5.88671875e+00 4.37109375e+00
 2.10093276e-09 2.08398438e+00 1.14609375e+01 1.00781250e+01
 9.57031250e-01 6.36077857e-11 4.75390625e+00 1.82968750e+01
 1.23593750e+01 2.54101562e+00 6.49379217e-10 1.33809408e-10
 1.61816406e+00 9.66406250e+00 1.45156250e+01 8.95852281e-10
 8.73437500e+00 7.23048288e-11 1.78170012e-09 7.48535156e-01
 1.48359375e+01 3.26562500e+00 5.87109375e+00 6.12500000e+00
 1.61344360e-09 8.44726562e-02 7.94433594e-01 6.85937500e+00
 4.76092100e-06 7.34416972e-11 2.48121523e-11 6.89936996e-12
 2.65117706e-10 1.12968750e+01 2.71875000e+00 9.74218750e+00
 4.47656250e+00 7.76562500e+00 3.83984375e+00 1.99218750e+00
 8.18481445e-02 1.58671875e+01 1.56562500e+01 6.35156250e+00
 9.78906250e+00 6.72265625e+00 7.01660156e-01 8.09375000e+00
 2.94140625e+00 1.34472656e+00 6.90234375e+00 1.40820312e+00
 2.22399876e-12 4.91796875e+00 4.96484375e+00 4.44921875e+00
 5.73046875e+00 4.26171875e+00 4.81250000e+00 2.37179165e-11
 1.67656250e+01 2.25976562e+00 1.91093750e+01 1.19921875e+01
 8.07031250e+00 6.48828125e+00 6.12109375e+00 2.12890625e+00
 3.82812500e+00 2.98242188e+00 1.01796875e+01 3.43945312e+00
 3.79101562e+00 5.54296875e+00 9.95312500e+00 3.29687500e+00
 3.25000000e+00 1.66875000e+01 3.10351562e+00 2.63476562e+00
 5.16015625e+00 2.10781250e+01 4.01953125e+00 4.64062500e+00
 4.85156250e+00 4.67285156e-01 5.37109375e+00 2.41406250e+00
 8.52343750e+00 1.74375000e+01 8.39843750e+00 6.66015625e+00
 1.02968750e+01 1.50878906e-01 3.73437500e+00 3.75781250e+00
 2.45507812e+00 1.37578125e+01 8.81250000e+00 5.28515625e+00
 1.45781250e+01 1.21953125e+01 1.07421875e+00 3.79687500e+00
 2.43359375e+00 7.66817720e-11 1.40857992e-10 3.82031250e+00
 2.80859375e+00 2.52539062e+00 1.04609375e+01 2.58495447e-11
 2.16715534e-12 5.23437500e+00 8.12500000e+00 9.29687500e+00
 2.59375000e+00 2.60986328e-01 9.22656250e+00 1.51757812e+00
 1.80664062e+00 4.27343750e+00 1.38515625e+01 1.94042969e+00
 3.23437500e+00 1.61250000e+01 2.27343750e+00 1.16015625e+01
 5.66015625e+00 1.51796875e+01 8.47656250e-01 7.98828125e+00
 8.89062500e+00 1.29589844e+00 5.09375000e+00 9.17968750e+00
 3.60546875e+00 6.98828125e+00 9.26547727e-12 6.35225206e-12
 1.84960938e+00 5.90234375e+00 5.63671875e+00 2.37695312e+00
 2.44335938e+00 2.58398438e+00 3.17578125e+00 7.53906250e+00
 9.34375000e+00 1.47187500e+01 2.67382812e+00 2.56103516e-01
 1.44041223e-10 5.69921875e+00 5.20312500e+00 2.65820312e+00
 1.05781250e+01 2.00585938e+00 1.82031250e+01 5.67187500e+00
 6.03515625e+00 8.18750000e+00 4.58203125e+00 1.33295543e-07
 5.83984375e+00 1.30078125e+01 5.98046875e+00 5.66406250e+00
 2.10781250e+01 2.22343750e+01 1.57109375e+01 2.61523438e+00
 3.25000000e+00 4.99609375e+00 2.73242188e+00 6.58203125e+00
 9.19531250e+00 1.53125000e+00 2.53710938e+00 1.76562500e+01
 8.46398507e-11 1.37500000e+00 8.13281250e+00 5.83531801e-09
 2.40625000e+00 1.33671875e+01 5.14453125e+00 1.74194336e-01
 3.68750000e+00 1.08125000e+01 7.97265625e+00 2.29843750e+01
 7.55078125e+00 5.35937500e+00 4.24218750e+00 1.54052734e-01
 1.59843750e+01 1.50781250e+01 2.70898438e+00 5.08728027e-02
 8.16271495e-11 3.56250000e+00 3.97265625e+00 4.75390625e+00
 2.18627930e-01 6.33593750e+00 9.30468750e+00 1.27812500e+01
 1.19296875e+01 3.50585938e-01 3.91601562e+00 1.39526367e-01
 1.84082031e+00 1.86718750e+01 9.38964844e-01 3.76757812e+00
 1.17109375e+01 4.05859375e+00 8.37500000e+00 1.12322596e-09
 9.53125000e+00 8.38281250e+00 1.30468750e+00 7.56250000e+00
 1.10390625e+01 5.97265625e+00 7.75000000e+00 1.75781250e+00
 4.49609375e+00 5.88281250e+00 2.44108378e-09 1.37333700e-10
 1.75937500e+01 1.50468750e+01 4.03125000e+00 9.72656250e+00
 4.57421875e+00 7.55468750e+00 1.69628906e+00 3.30273438e+00
 1.32324219e+00 6.16796875e+00 2.46484375e+00 4.36718750e+00
 1.48339844e+00 5.70703125e+00 1.00703125e+01 1.36093750e+01
 4.41104930e-11 1.60937500e+01 3.47245077e-09 3.75000000e-01
 1.48046875e+01 1.33046875e+01 1.19921875e+01 2.46679688e+00
 9.58380042e-11 5.42854650e-11 9.93168214e-10 5.93261719e-01
 5.13671875e+00 3.88867188e+00 5.00222086e-11 1.21640625e+01
 5.30859375e+00 8.02343750e+00 4.82812500e+00 5.88281250e+00
 9.51660156e-01 7.22265625e+00 4.05009359e-11 6.42578125e-01
 1.13437500e+01 3.41210938e+00 1.25366211e-01 7.14843750e+00
 1.31054688e+00 1.08007812e+00 9.28125000e+00 6.64062500e+00
 1.24694824e-01 3.48450158e-11 7.55468750e+00 7.86718750e+00
 9.53906250e+00 1.40914917e-02 4.04296875e+00 5.67888492e-09
 7.77734375e+00 1.61577418e-11 7.42147677e-10 1.01250000e+01
 1.61425781e+00 4.66406250e+00 2.30273438e+00 8.97853170e-09
 9.66406250e+00 8.60156250e+00 7.87597656e-01 1.26855469e+00
 1.88649096e-12 9.38281250e+00 7.80468750e+00 1.16015625e+01
 1.87031250e+01 4.72962856e-05 1.44140625e+01 9.17968750e+00
 8.03710938e-01 4.18359375e+00 2.77734375e+00 4.08593750e+00
 1.52812500e+01 1.37109375e+00 1.98951966e-11 1.04955689e-09
 4.83984375e+00 1.35253906e+00 1.77343750e+00 3.78710938e+00
 5.66406250e+00 3.65234375e+00 4.04156708e-11 1.20117188e+00
 1.31694833e-08 1.15781250e+01 7.82031250e+00 1.33331923e-09
 4.18359375e+00 6.10546875e+00 6.56640625e+00 7.85570592e-07
 3.99609375e+00 3.72265625e+00 1.30953026e-11 3.05468750e+00
 3.83203125e+00 2.41821289e-01 6.30078125e+00 5.16113281e-01
 5.04687500e+00 1.86093750e+01 3.44335938e+00 6.07421875e+00
 1.89746094e+00 3.05664062e+00 2.87500000e+00 1.08593750e+01
 1.72851562e+00 8.47649062e-09 7.14453125e+00 1.96899414e-01
 1.06875000e+01 6.36328125e+00 5.04687500e+00 6.60156250e+00
 1.20910645e-01 6.70703125e+00 5.60937500e+00 1.78808594e+00
 1.74736670e-10 1.40468750e+01 3.18750000e+00 8.62500000e+00
 2.08007812e+00 7.38769531e-01 3.66796875e+00 3.36718750e+00
 1.17812500e+01 6.21093750e+00 9.10034180e-02 5.57421875e+00
 6.50390625e-01 4.25781250e+00 9.80468750e+00 5.56250000e+00
 1.80078125e+00 9.94531250e+00 1.16718750e+01 2.71679688e+00
 1.09405518e-02 2.56835938e+00 5.16796875e+00 1.03739239e-10
 7.81250000e-02 9.60085345e-11 3.08203125e+00 6.92968750e+00
 1.25976562e+00 2.69392331e-09 6.64062500e+00 2.09984137e-08
 1.12656250e+01 1.47031250e+01 4.28515625e+00 4.41646719e-13
 5.76660156e-01 5.78515625e+00 7.23828125e+00 1.26093750e+01
 4.60156250e+00 7.23046875e+00 4.22265625e+00 1.87187500e+01
 1.73437500e+01 8.67968750e+00 3.85351562e+00 7.43359375e+00
 4.69482422e-01 3.64366315e-11 4.08593750e+00 1.16308594e+00
 1.84843750e+01 1.18984375e+01 1.22963684e-08 1.04492188e+00
 5.59570312e-01 5.48828125e+00 1.09667969e+00 1.25097656e+00
 1.78222656e+00 1.66562500e+01 4.81463758e-11 2.77832031e-01
 6.30078125e+00 5.26562500e+00 7.62207031e-01 2.91038305e-11
 1.48906250e+01 5.38671875e+00 2.29221087e-11 2.85156250e+00
 9.82031250e+00 2.91992188e-01 8.87212082e-10 1.74804688e+00
 5.01562500e+00 3.69126951e-12 7.80078125e+00 4.08984375e+00
 4.16015625e+00 1.23984375e+01 2.52197266e-01 5.59108315e-13
 8.68652344e-01 4.67285156e-01 2.54658516e-10 9.48437500e+00
 6.85058594e-01 5.93900040e-10 7.09765625e+00 1.33906250e+01
 1.17779564e-09 2.30664062e+00 1.45410156e+00 4.20703125e+00
 2.46093750e+00 4.64843750e+00 3.57226562e+00 5.82031250e+00
 1.32734375e+01 7.21191406e-01 5.67968750e+00 1.31250000e+00
 1.04218750e+01 3.59179688e+00 3.43945312e+00 1.29492188e+00
 4.04687500e+00 1.21875000e+01 1.97558594e+00 1.08828125e+01
 8.50097656e-01 5.40625000e+00 2.23053576e-10 2.66015625e+00
 1.43945312e+00 1.68945312e-01 1.93066406e+00 1.55000000e+01
 1.14141585e-10 1.47187500e+01 3.30859375e+00 9.64843750e+00
 5.29296875e+00 2.23437500e+01 4.04357910e-02 7.03125000e+00
 9.92675781e-01 1.58024704e-11 1.20166987e-10 9.21093750e+00
 1.51269531e+00 2.14257812e+00 8.43750000e+00 1.87968750e+01
 8.53788151e-11 1.01328125e+01 1.60937500e+00 2.97656250e+00
 1.48125000e+01 5.93359375e+00 2.03906250e+01 5.37109375e+00
 2.13867188e+00 1.09609375e+01 1.62812500e+01 1.13686838e-12
 3.98828125e+00 2.67773438e+00 5.85546875e+00 3.65722656e-01
 2.66845703e-01 1.28515625e+00 5.01171875e+00 6.45703125e+00
 4.76562500e+00 1.38061296e-09 2.33512765e-10 2.85720825e-03
 4.41894531e-01 2.81054688e+00 5.23868948e-10 4.12228474e-10
 6.55468750e+00 1.86718750e+01 7.20774551e-11 7.20206117e-11
 1.03125000e+00 1.37031250e+01 1.59062500e+01 1.13574219e+00
 5.71289062e-01 1.27911335e-08 2.76757812e+00 4.55859375e+00
 2.88906676e-11 2.20507812e+00 1.14609375e+01 2.67382812e+00
 5.73046875e+00 1.04687500e+00 7.41015625e+00 1.73437500e+00
 3.76562500e+00 5.30273438e-01 1.98437500e+01 1.36015625e+01
 1.32617188e+00 1.47338142e-10 1.16171875e+01 1.68437500e+01
 5.96875000e+00 1.15417480e-01 5.32031250e+00 5.72265625e+00
 1.17656250e+01 1.94042969e+00 2.66796875e+00 4.73828125e+00
 1.45078125e+01 3.94921875e+00 4.78515625e+00 1.45000000e+01
 1.99707031e-01 1.85781250e+01 1.29062500e+01 2.32031250e+00
 3.75000000e+00 7.44140625e+00 1.45996094e+00 3.00781250e+00
 8.23974609e-03 1.81640625e+00 5.94531250e+00 9.26562500e+00
 6.32324219e-01 1.05273438e+00 1.05078125e+00 1.64531250e+01
 1.99902344e+00 3.05273438e+00 1.41015625e+01 2.20507812e+00
 1.01323394e-11 5.73828125e+00 1.66406250e+01 4.55859375e+00
 6.03906250e+00 1.01223122e-07 7.31250000e+00 4.14956958e-10
 8.70312500e+00 1.29589844e+00 6.67968750e+00 8.98437500e-01
 7.78125000e+00 3.60546875e+00 6.04813977e-11 1.06808784e-10
 6.76562500e+00 6.17187500e+00 2.76171875e+00 7.61230469e-01
 5.56030273e-02 3.74609375e+00 6.93359375e+00 3.64062500e+00
 5.55468750e+00 4.14062500e+00 1.56035185e-11 4.56523708e-12
 3.14843750e+00 4.90234375e+00 1.49511719e+00 5.45703125e+00
 3.26171875e+00 1.04705578e-10 6.41601562e-01 8.46093750e+00
 6.36191544e-10 1.21015625e+01 1.06835938e+00 4.19049684e-10
 6.41762199e-11 4.41957582e-11 6.53515625e+00 3.02001953e-01
 2.00073242e-01 1.95427674e-10 5.47617674e-07 7.03906250e+00
 6.12109375e+00 6.01562500e+00 3.91015625e+00 8.25781250e+00
 2.58300781e-01 9.04687500e+00 1.32421875e+01 2.78125000e+00
 8.91020591e-12 7.43750000e+00 1.73593750e+01 3.63867188e+00
 2.18945312e+00 4.37500000e+00 4.58984375e+00 1.02539062e+00
 8.16406250e+00 6.86328125e+00 5.69921875e+00 3.43164062e+00
 4.21875000e+00 9.75000000e+00 5.35937500e+00 6.86328125e+00
 3.82031250e+00 1.85312500e+01 1.36171875e+01 2.85156250e+00
 5.39062500e+00 2.39257812e+00 8.89648438e-01 1.89999128e-11
 4.09765625e+00 8.13281250e+00 1.78320312e+00 2.14257812e+00
 4.89990234e-01 1.09277344e+00 2.21875000e+00 8.96606445e-02
 1.58569336e-01 4.67968750e+00 3.98828125e+00 1.08671875e+01
 3.18359375e+00 6.62225830e-11 2.11914062e+00 3.05135472e-10
 6.53906250e+00 4.94921875e+00 1.03796083e-10 3.72529030e-09
 3.89453125e+00 1.62963867e-01 1.49047852e-01 4.55468750e+00
 5.37500000e+00 5.35644531e-01 4.93359375e+00 1.67846680e-01
 6.13281250e+00 1.24687500e+01 1.37597656e+00 3.47656250e+00
 5.83593750e+00 3.33203125e+00 1.07226562e+00 5.00390625e+00
 6.58593750e+00 3.72802734e-01 3.17641025e-10 5.29479980e-02
 6.53515625e+00 6.07812500e+00 2.04687500e+00 1.17109375e+01
 6.17187500e+00 4.12841797e-01 1.59765625e+00 5.78125000e-01
 1.42675781e+00 6.64843750e+00 5.49609375e+00 9.33593750e+00
 5.78125000e+00 2.67773438e+00 9.25837185e-12 2.02539062e+00
 1.74121094e+00 5.58203125e+00 1.18780008e-09 1.92187500e+01
 1.84570312e+00 5.97265625e+00 1.10156250e+01 3.86523438e+00
 5.92990546e-10 3.79687500e+00 7.57421875e+00 6.86328125e+00
 9.73437500e+00 4.40234375e+00 1.04140625e+01 5.76171875e+00
 1.47734375e+01 4.86328125e+00 2.32617188e+00 3.34523520e-11
 3.04101562e+00 3.34570312e+00 1.94726562e+00 1.12656250e+01
 1.87109375e+00 3.02539062e+00 6.85156250e+00 6.57421875e+00
 6.97656250e+00 7.86718750e+00 1.66992188e+00 4.93750000e+00
 3.00585938e+00 3.35351562e+00 2.93701172e-01 8.92968750e+00
 1.61207936e-10 1.03906250e+01 1.09375000e+00 3.41210938e+00
 4.67578125e+00 1.07031250e+01 2.75781250e+00 9.68261719e-01
 2.15039062e+00 1.26757812e+00 1.70156250e+01 5.47828449e-12
 1.67089844e+00 7.09375000e+00 6.88671875e+00 2.25327312e-10
 5.70703125e+00 1.43359375e+01 5.17559329e-11 9.85156250e+00
 4.34765625e+00 7.40625000e+00 9.37500000e-01 2.54101562e+00
 3.50097656e-01 4.68359375e+00 2.42382812e+00 1.22070312e+00
 1.21562500e+01 9.85156250e+00 8.59375000e+00 1.17031250e+01
 4.26953125e+00 8.12500000e+00 4.51562500e+00 5.92187500e+00
 9.11718750e+00 2.25625000e+01 1.12343750e+01 7.96484375e+00
 7.03125000e+00 1.02890625e+01 3.26367188e+00 8.30566406e-01
 1.18261719e+00 1.10703125e+01 6.00781250e+00 4.98437500e+00
 2.46093750e+00 1.54062500e+01 1.04609375e+01 7.03515625e+00
 8.96093750e+00 7.73828125e+00 1.15429688e+00 7.43359375e+00
 1.69067383e-01 2.50585938e+00 2.67968750e+00 4.07470703e-01
 1.47851562e+00 4.66796875e-01 9.34375000e+00 1.03593750e+01
 1.20546875e+01 1.21972656e+00 6.15234375e+00 1.85058594e+00
 5.12693077e-07 6.75781250e+00 1.82031250e+01 9.09667969e-01
 6.41406250e+00 1.30859375e+01 1.19609375e+01 2.02880859e-01
 5.47265625e+00 1.03203125e+01 9.26971436e-03 8.21093750e+00
 9.38964844e-01 1.81347656e+00 1.33691406e+00 1.44375000e+01
 5.78515625e+00 7.96484375e+00 3.06640625e+00 1.22949219e+00
 4.99755859e-01 4.90625000e+00 9.67187500e+00 9.71093750e+00
 1.39296875e+01 1.27187500e+01 1.68593750e+01 4.79687500e+00
 2.81835938e+00 9.78125000e+00 7.12500000e+00 7.82031250e+00
 2.94676283e-10 5.23828125e+00 1.73593750e+01 1.62343750e+01
 7.80468750e+00 8.16406250e+00 5.07031250e+00 8.78906250e+00
 6.00390625e+00 6.25976562e-01 9.44335938e-01 1.33105469e+00
 1.40156250e+01 3.11786152e-11 5.03906250e+00 7.57421875e+00
 1.10546875e+01 8.28613281e-01 3.86914062e+00 1.34921875e+01
 6.26171875e+00 4.68359375e+00 1.44824219e+00 2.09765625e+00
 1.79218750e+01 2.37792969e-01 3.70117188e+00 3.02539062e+00
 5.35156250e+00 1.16484375e+01 4.02832031e-01 1.29882812e+00
 4.87500000e+00 1.91875000e+01 4.72412109e-02 7.52734375e+00
 2.47460938e+00 1.50390625e+01 1.70000000e+01 1.20234375e+01
 1.66250000e+01 7.33593750e+00 2.11875000e+01 8.24584961e-02
 5.74609375e+00 1.63750000e+01 1.57578125e+01 8.74511719e-01
 7.56250000e+00 2.19345093e-03 5.21087646e-03 1.08499876e-11
 1.09140625e+01 8.07812500e+00 1.75361947e-11 8.51562500e+00
 2.00976562e+00 3.23437500e+00 7.40234375e-01 1.15625000e+01
 5.56640625e+00 1.22851562e+00 1.40280463e-07 5.38281250e+00
 1.04453125e+01 1.06484375e+01 1.19843750e+01 8.18847656e-01
 1.63964844e+00 4.87500000e+00 7.45703125e+00 6.96777344e-01
 1.45078125e+01 1.27578125e+01 7.96484375e+00 1.05390625e+01
 5.20703125e+00 2.38867188e+00 4.67578125e+00 1.97558594e+00
 5.96875000e+00 1.90429688e+00 8.67968750e+00 1.02929688e+00
 1.62500000e+01 3.11132812e+00 8.25650659e-12 3.69335938e+00
 1.46015625e+01 2.32375896e-10 4.51564119e-10 1.34531250e+01
 4.14062500e+00 1.13593750e+01 3.49218750e+00 5.15625000e+00
 2.09765625e+00 2.04843750e+01 1.70703125e+00 2.22031250e+01
 1.59082031e+00 6.04687500e+00 2.29101562e+00 3.31054688e+00
 1.81347656e+00 1.51953125e+01 5.10546875e+00 1.33007812e+00
 1.09531250e+01 3.84960938e+00 6.00390625e+00 5.80078125e-01
 1.30234375e+01 4.35156250e+00 1.90527344e+00 3.78515625e+00
 8.40820312e-01 1.24023438e+00 3.81135123e-11 6.26562500e+00
 1.37987399e-11 1.08789062e+00 8.13281250e+00 7.19921875e+00
 1.79534254e-09 1.39062500e+00 7.85156250e+00 3.48632812e+00
 8.90625000e+00 6.82421875e+00 4.45312500e+00 7.22656250e-01
 2.45636329e-08 1.69726562e+00 7.72265625e+00 1.92656250e+01
 4.58593750e+00 7.04687500e+00 6.14843750e+00 4.78027344e-01
 4.26041424e-11 1.51250000e+01 1.57656250e+01 2.17031250e+01
 1.11171875e+01 1.04218750e+01 4.59375000e+00 8.27343750e+00
 9.44531250e+00 8.15625000e+00 1.02890625e+01 9.50781250e+00
 1.83437500e+01 4.57031250e+00 1.55703125e+01 2.11132812e+00
 1.31484375e+01 6.87109375e+00 5.35546875e+00 4.04541016e-01
 2.07364792e-10 2.31125341e-10 5.46875000e+00 4.13330078e-01
 1.20625000e+01 2.81054688e+00 3.88867188e+00 1.18281250e+01
 3.32031250e+00 4.93359375e+00 1.25078125e+01 4.13671875e+00
 1.37106326e-10 2.88085938e-01 1.57187500e+01 2.34375000e+00
 2.87500000e+00 1.75259629e-09 4.64062500e+00 7.57421875e+00
 3.52429197e-12 8.17187500e+00 4.25390625e+00 2.03320312e+00
 7.80273438e-01 1.77929688e+00 3.89718480e-10 1.80078125e+00
 2.10546875e+00 1.59082031e+00 2.05625000e+01 3.23242188e+00
 2.05273438e+00 2.88476562e+00 5.91796875e+00 2.30468750e-01
 1.03320312e+00 6.64550781e-01 1.89218750e+01 1.21562500e+01
 1.30312401e-08 5.93445293e-11 3.35351562e+00 7.58984375e+00
 8.07812500e+00 2.65234375e+00 2.24804688e+00 4.75000000e+00
 2.03906250e+00 1.10740075e-08 5.67968750e+00 4.26325641e-11
 2.26236807e-10 9.34375000e+00 8.55468750e+00 4.30645741e-10
 1.41503906e+00 8.57812500e+00 2.92187500e+00 5.07812500e+00
 1.67480469e+00 1.27968750e+01 1.36718750e+01 6.42968750e+00
 1.75000000e+00 3.97460938e-01 6.56640625e+00 2.33200126e-11
 1.20788574e-01 3.52172852e-02 1.82343750e+01 5.87533577e-09
 7.61701813e-11 1.27050781e+00 1.29394531e+00 3.74023438e+00
 6.25000000e+00 9.79687500e+00 3.83593750e+00 1.94218750e+01
 1.39062500e+01 3.12500000e-01 4.99218750e+00 8.87500000e+00
 1.55273438e+00 6.19201660e-02 2.83932877e-11 2.23750000e+01
 2.18750000e+00 1.72349246e-09 1.25781250e+01 1.95410156e+00
 9.02343750e+00 8.31250000e+00 5.10937500e+00 1.49023438e+00
 2.22015381e-02 6.31835938e-01 7.93457031e-01 4.41406250e+00
 2.66015625e+00 1.30390625e+01 7.00950409e-12 2.03750000e+01
 2.55664062e+00 9.96093750e+00 4.19140625e+00 6.71093750e+00
 7.53417969e-01 6.18750000e+00 1.12968750e+01 9.10631570e-11
 7.40234375e-01 8.69140625e-02 6.50000000e+00 3.46875000e+00
 1.55156250e+01 2.60742188e+00 5.07031250e+00 2.91601562e+00
 8.71875000e+00 3.69921875e+00 1.24062500e+01 1.59921875e+01
 4.32009983e-11 1.56835938e+00 2.23281250e+01 3.08984375e+00
 3.78125000e+00 1.16015625e+01 1.31484375e+01 9.98535156e-01
 7.53906250e-01 5.17578125e+00 1.24714461e-10 2.37304688e+00
 6.91015625e+00 2.49414062e+00 7.39843750e+00 3.48437500e+00
 1.32421875e+01 4.19140625e+00 1.23671875e+01 4.36328125e+00
 1.15039062e+00 1.90156250e+01 1.84082031e+00 3.10156250e+00
 2.11250000e+01 6.30393515e-11 2.41210938e+00 2.02734375e+00
 5.71093750e+00 7.21875000e+00 2.85351562e+00 6.46093750e+00
 3.53125000e+00 1.88883860e-08 5.44531250e+00 3.84716259e-10
 1.32500000e+01 2.40625000e+00 5.40625000e+00 3.49218750e+00
 2.57226562e+00 2.16875000e+01 7.92578125e+00 3.44335938e+00
 7.92480469e-01 2.42578125e+00 1.40820312e+00 6.19531250e+00
 2.13162821e-11 1.48242188e+00 1.36230469e+00 2.00976562e+00
 4.73828125e+00 1.66718750e+01 7.42968750e+00 3.83398438e+00
 2.33593750e+00 6.20703125e+00 6.67968750e+00 1.89941406e+00
 7.96944732e-11 5.08203125e+00 6.48046875e+00 2.36328125e+00
 3.15776560e-08 1.92968750e+00 7.05078125e+00 5.71484375e+00
 1.04531250e+01 3.38476562e+00 9.54687500e+00 7.54296875e+00
 7.99804688e-01 5.80078125e+00 9.38281250e+00 2.25736585e-09
 7.32031250e+00 4.69921875e+00 1.39296875e+01 1.50390625e+01
 4.68017578e-01 8.91304808e-09 8.57910156e-01 2.10351562e+00
 5.43750000e+00 1.45507812e+00 5.98828125e+00 2.72656250e+00
 5.33984375e+00 3.68164062e+00 1.37792969e+00 1.00937500e+01
 3.52734375e+00 1.92578125e+00 3.09375000e+00 7.62500000e+00
 6.83984375e+00 1.73750000e+01 1.20468750e+01 2.32812500e+00
 1.11718750e+01 1.36093750e+01 2.29687500e+01 8.41796875e-01
 6.76953125e+00 9.81250000e+00 2.01718750e+01 2.54882812e+00
 2.08007812e+00 8.85156250e+00 2.62304688e+00 6.09863281e-01
 1.94631866e-09 7.72656250e+00 1.11171875e+01 2.01718750e+01
 2.32226562e+00 6.73046875e+00 3.41601562e+00 1.17506715e-08
 6.01953125e+00 2.33984375e+00 1.04980469e+00 1.11015625e+01
 3.44531250e+00 1.67675781e+00 2.27812500e+01 3.48632812e+00
 5.92187500e+00 1.69628906e+00 1.10546875e+01 2.21093750e+01
 9.74296199e-11 4.13671875e+00 1.47734375e+01 7.25097656e-02
 3.23632812e+00 5.78125000e+00 1.08750000e+01 2.15625000e+00
 7.82775879e-03 9.18750000e+00 1.21289062e+00 5.56152344e-01
 5.87109375e+00 1.68437500e+01 1.03808594e+00 5.36132812e-01
 2.89453125e+00 5.55468750e+00 2.72070312e+00 1.07866072e-09
 2.66210938e+00 1.65527344e+00 5.37109375e+00 2.21679688e+00
 1.26647137e-10 3.37195161e-10 1.11776899e-09 1.12500000e+01
 5.45696821e-09 5.34375000e+00 2.48828125e+00 1.65000000e+01
 9.94759830e-11 4.52270508e-02 1.04140625e+01 7.46093750e+00
 5.25390625e+00 7.65112418e-11 2.87695312e+00 6.97265625e-01
 7.68359375e+00 2.93164062e+00 1.35449219e+00 5.43457031e-01
 4.69140625e+00 1.31738281e+00 1.02500000e+01 1.07656250e+01
 1.63867188e+00 1.01875000e+01 8.52343750e+00 9.52343750e+00
 3.82617188e+00 1.94824219e+00 1.05792424e-08 1.18359375e+00
 9.76285719e-12 1.50000000e+01 4.36328125e+00 7.60156250e+00
 4.51562500e+00 2.68945312e+00 5.63671875e+00 1.09352527e-11
 2.16992188e+00 5.34179688e-01 2.57617188e+00 6.40234375e+00
 1.84687500e+01 2.34179688e+00 1.92285156e+00 1.09296875e+01
 1.60866875e-11 4.48046875e+00 5.63671875e+00 8.13452061e-09
 3.67187500e+00 9.85937500e+00 4.12890625e+00 5.24323696e-10
 1.02343750e+01 5.89062500e+00 3.59960938e+00 2.35742188e+00
 5.04687500e+00 3.14062500e+00 2.07226562e+00 1.81542969e+00
 1.20703125e+00 2.31250000e+01 6.56640625e+00 4.99369435e-11
 6.41796875e+00 7.09960938e-01 1.31876732e-10 1.08886719e+00
 3.46435547e-01 4.16015625e+00 4.71093750e+00 1.63281250e+01
 3.88671875e+00 4.73828125e+00 1.81898940e-11 4.90763341e-09
 8.83300781e-01 1.89902494e-09 1.05703125e+01 1.28906250e+00
 1.53671875e+01 1.00546875e+01 1.51171875e+01 8.14941406e-01
 3.15820312e+00 4.44531250e+00 7.03515625e+00 1.10390625e+01
 1.05234375e+01 2.77343750e+00 4.95361328e-01 1.32500000e+01
 5.15625000e+00 5.87890625e+00 2.77253775e-11 8.40332031e-01
 1.86339832e-12 1.00000000e+01 3.08984375e+00 2.10156250e+01
 1.79394531e+00 8.57031250e+00 2.95703125e+00 6.95312500e-01
 9.83593750e+00 1.94404493e-10 5.00781250e+00 1.16406250e+01
 1.62597656e+00 1.36640625e+01 6.73437500e+00 2.11132812e+00
 2.63476562e+00 6.03027344e-01 5.84960938e-01 4.19531250e+00
 2.94312485e-09 5.88281250e+00 1.16894531e+00 6.41796875e+00
 6.80984158e-11 1.01367188e+00 7.82812500e+00 2.06406250e+01
 1.80625000e+01 1.22031250e+01 2.84179688e+00 4.97095698e-11
 1.08515625e+01 3.18750000e+00 6.28125000e+00 7.11718750e+00
 2.12890625e+00 5.03906250e-01 1.28515625e+00 6.55468750e+00
 1.93847656e+00 1.85625000e+01 2.26953125e+00 1.16308594e+00
 6.09375000e+00 2.65426934e-06 1.40332031e+00 2.12656250e+01
 5.12695312e-01 1.38671875e+01 2.28906250e+00 9.43750000e+00
 1.54045665e-11 2.69140625e+00 3.22188498e-10 2.97851562e+00
 7.58203125e+00 4.95703125e+00 1.46250000e+01 6.55468750e+00
 1.44765625e+01 9.12500000e+00 2.15429688e+00 1.47578125e+01
 8.42285156e-01 5.07812500e-01 1.28808594e+00 2.59179688e+00
 2.08593750e+00 9.56420898e-02 9.46093750e+00 5.07202148e-02
 1.42343750e+01 7.14521775e-11 4.38012648e-09 5.99121094e-01
 3.82617188e+00 2.77148438e+00 3.10742188e+00 2.95312500e+00
 2.04218750e+01 1.74687500e+01 1.78593750e+01 4.26562500e+00
 6.84765625e+00 7.95312500e+00 7.64453125e+00 5.44140625e+00
 1.14375000e+01 1.32734375e+01 2.74414062e+00 9.44531250e+00
 6.80078125e+00 4.16015625e+00 1.56796875e+01 1.26171875e+01
 1.79882812e+00 4.38281250e+00 1.15234375e+01 2.69531250e+00
 9.57489014e-03 8.45312500e+00 5.29296875e+00 6.46093750e+00
 6.41406250e+00 3.25976562e+00 6.33984375e+00 1.47363281e+00
 5.92845026e-08 8.08593750e+00 6.63203537e-09 5.77734375e+00
 6.68359375e+00 3.31640625e+00 2.92968750e+00 4.56542969e-01
 1.26640625e+01 4.15625000e+00 5.86328125e+00 4.87060547e-01
 5.59692383e-02 8.33593750e+00 5.50812729e-11 5.81640625e+00
 2.92968750e+00 1.37939453e-01 4.71093750e+00 1.77968750e+01
 1.83496094e+00 1.20546875e+01 1.28515625e+01 1.41015625e+00
 6.70898438e-01 4.48778792e-11 2.35473863e-11 5.59082031e-01
 3.96484375e+00 5.73046875e+00 1.69140625e+00 6.60937500e+00
 4.06250000e+00 1.71098691e-11 7.33984375e+00 8.67187500e+00
 4.86718750e+00 3.23632812e+00 8.12500000e+00 9.36718750e+00
 4.04785156e-01 4.92264007e-11 1.11562500e+01 1.46953125e+01
 1.99707031e+00 3.84765625e+00 1.14414433e-09 7.18750000e+00
 7.92846680e-02 7.25322025e-11 2.70507812e+00 4.90625000e+00
 2.07656250e+01 1.03906250e+00 7.04296875e+00 3.16015625e+00
 1.57519531e+00 1.35625000e+01 8.28125000e+00 2.75781250e+00
 6.27343750e+00 5.51953125e+00 1.10937500e+01 6.93667346e-13
 7.82421875e+00 3.32421875e+00 4.25390625e+00 1.07187500e+01
 5.87890625e+00 1.46484375e+01 8.71582031e-01 1.27109375e+01
 4.03125000e+00 9.67773438e-01 5.15234375e+00 1.22753906e+00
 9.97656250e+00 3.52148438e+00 8.81250000e+00 5.74707031e-01
 8.36718750e+00 2.93945312e-01 6.98828125e+00 5.37890625e+00
 1.98809857e-11 2.29882812e+00 5.08984375e+00 2.03320312e+00
 9.55200195e-02 2.31835938e+00 1.00625000e+01 1.28984375e+01
 1.46562500e+01 2.32421875e+00 1.11562500e+01 1.05899289e-10
 9.44335938e-01 3.47460938e+00 4.66570782e-10 6.26953125e-01
 6.29687500e+00 1.07578125e+01 3.55078125e+00 1.27656250e+01
 1.24062500e+01 1.55468750e+00 6.52343750e+00 2.05664062e+00
 4.24609375e+00 2.52148438e+00 1.89375000e+01 1.50312500e+01
 6.05468750e+00 5.53427526e-10 1.64843750e+01 3.54492188e+00
 2.36328125e+00 1.14609375e+01 9.11768439e-11 8.96093750e+00
 3.42773438e+00 2.61328125e+00 4.28515625e+00 1.69687500e+01
 2.69938027e-09 9.58984375e-01 3.30664062e+00 3.12304688e+00
 6.85937500e+00 4.93685093e-11 1.19143806e-10 2.88867188e+00
 3.59375000e+00 6.07421875e+00 4.23046875e+00 7.41806616e-12
 4.71875000e+00 6.18750000e+00 4.83984375e+00 1.63964844e+00
 2.33398438e+00 8.45312500e+00 1.30546875e+01 2.23437500e+00
 1.87283149e-08 4.32812500e+00 2.36718750e+00 3.69921875e+00
 1.16894531e+00 4.82812500e+00 1.42890625e+01 7.46093750e-01
 1.88447302e-09 2.21484375e+00 7.80078125e+00 3.54882812e+00
 8.60937500e+00 5.46093750e+00 5.08203125e+00 4.80078125e+00
 7.32812500e+00 5.21240234e-02 7.78125000e+00 2.92968750e-01
 4.09912109e-01 1.23281250e+01 1.22343750e+01 3.46679688e+00
 1.82353688e-10 5.80859375e+00 6.67968750e+00 4.68359375e+00
 1.13476562e+00 7.01562500e+00 1.19140625e+00 2.92578125e+00
 6.48046875e+00 3.13476562e+00 3.96484375e+00 9.03906250e+00
 1.80175781e+00 6.71875000e-01 1.57160684e-09 5.36718750e+00
 8.03906250e+00 8.68652344e-01 1.41406250e+00 1.39531250e+01
 1.73750000e+01 8.58593750e+00 5.90234375e+00 1.50292969e+00
 2.02187500e+01 4.66406250e+00 7.55468750e+00 1.23203125e+01
 1.96044922e-01 2.59765625e+00 1.98339844e+00 5.43518066e-02
 1.71250000e+01 1.83626980e-09 6.17968750e+00 5.25390625e+00
 4.32421875e+00 1.67187500e+00 3.40820312e-01 2.14687500e+01
 7.46875000e+00 2.06562500e+01 6.37890625e+00 6.10937500e+00
 6.80175781e-01 1.20703125e+01 1.41824330e-11 1.04531250e+01
 2.29375000e+01 1.99316406e+00 2.07031250e+00 5.26171875e+00
 2.62695312e+00 3.27343750e+00 7.24609375e+00 3.09570312e+00
 1.22327037e-10 3.36328125e+00 6.57421875e+00 9.13281250e+00
 1.13046875e+01 9.77343750e+00 1.59453125e+01 1.93554688e+00
 2.93273926e-02 6.03906250e+00 1.18828125e+01 4.14843750e+00
 9.29687500e+00 4.71875000e+00 5.46875000e+00 9.50781250e+00
 1.43281250e+01 6.60937500e+00 3.28125000e+00 1.72656250e+01
 1.94335938e+00 1.16640625e+01 4.40673828e-01 3.84375000e+00
 5.39062500e-01 1.44335938e+00 1.17890625e+01 1.24687500e+01
 1.01891828e-11 3.41796875e+00 1.05625000e+01 1.05000000e+01
 1.42578125e+01 1.98437500e+01 8.57812500e+00 4.57812500e+00
 4.72656250e-01 7.54687500e+00 1.52482471e-11 5.99218750e+00
 1.98437500e+01 4.92578125e+00 6.34375000e+00 2.25585938e+00
 2.93539415e-10 1.36250000e+01 4.51953125e+00 3.32226562e+00
 2.00585938e+00 1.22363281e+00 1.27968750e+01 2.35156250e+00
 9.16406250e+00 6.49218750e+00 1.50521373e-09 5.88281250e+00
 9.98437500e+00 7.94921875e+00 9.71875000e+00 7.97656250e+00
 1.56342139e-09 2.20703125e+00 9.82031250e+00 1.08320819e-09
 8.66210938e-01 2.34301467e-12 8.71093750e-01 5.42187500e+00
 2.22826202e-09 2.62304688e+00 5.37597656e-01 4.71191406e-01
 1.46171875e+01 1.02957642e-11 1.92871094e+00 4.70312500e+00
 1.94140625e+00 4.17187500e+00 1.55156250e+01 1.84058990e-10
 2.30664062e+00 1.94531250e+00 6.35156250e+00 5.26562500e+00
 2.06093750e+01 1.21093750e+00 4.31250000e+00 4.64599609e-01
 7.45217221e-11 1.97656250e+00 9.18750000e+00 2.28906250e+00
 8.34552338e-09 1.10312500e+01 1.95019531e+00 1.64794922e-01
 5.15234375e+00 1.20483398e-01 1.55864655e-10 8.20312500e+00
 9.21875000e+00 1.00468750e+01 5.84765625e+00 4.50781250e+00
 6.59765625e+00 7.03437308e-12 1.29218750e+01 3.96289062e+00
 2.18125000e+01 4.53369141e-01 5.09765625e+00 7.46484375e+00
 2.60162354e-02 1.30371094e+00 8.38867188e-01 1.68281250e+01
 8.83593750e+00 7.26458893e-11 1.20312500e+01 8.31298828e-02
 1.63671875e+00 7.32421875e-01 1.93750000e+00 8.27343750e+00
 2.80238055e-11 1.61250000e+01 7.07421875e+00 1.38183594e+00
 1.52050781e+00 4.03515625e+00 2.85546875e+00 1.70996094e+00
 5.53906250e+00 5.88281250e+00 4.23828125e+00 9.95605469e-01
 1.39550781e+00 7.12402344e-01 1.11685949e-09 3.11523438e+00
 1.48671875e+01 7.61328125e+00 5.14453125e+00 3.37500000e+00
 2.73530532e-10 3.64062500e+00 8.62500000e+00 5.19409180e-02
 1.88085938e+00 6.97656250e+00 1.18359375e+01 3.94921875e+00
 2.18593750e+01 1.91250000e+01 4.91015625e+00 1.69687500e+01
 4.39843750e+00 1.87500000e+01 5.45696821e-11 3.72851562e+00
 2.55273438e+00 1.62207031e+00 7.42187500e+00 6.34372554e-11
 7.96484375e+00 1.69433594e+00 4.26171875e+00 6.98828125e+00
 2.75390625e+00 4.99654561e-07 4.92968750e+00 6.05078125e+00
 2.78515625e+00 1.03671875e+01 1.05566406e+00 9.84101689e-12
 1.95781250e+01 6.04296875e+00 1.00859375e+01 5.08984375e+00
 1.65869096e-10 1.03515625e+01 1.83398438e+00 1.03046875e+01
 1.22070312e+00 1.90039062e+00 5.47265625e+00 2.63867188e+00
 7.98828125e+00 5.24609375e+00 3.59375000e+00 1.95507812e+00
 1.01953125e+00 1.78515625e+00 1.88476562e+00 1.11562500e+01
 6.41015625e+00 2.29531250e+01 1.19140625e+01 1.05078125e+01
 5.87988325e-10 1.23925781e+00 1.41093750e+01 4.61425781e-01
 2.10742188e+00 6.65039062e-01 3.07421875e+00 1.35703125e+01
 9.91058350e-03 7.07421875e+00 1.57714844e+00 1.10078125e+01
 1.51562500e+01 3.06396484e-01 1.26406250e+01 1.98750000e+01
 3.14062500e+00 1.45973900e-10 1.40429688e+00 2.94921875e+00
 6.67578125e+00 1.26562500e+00 2.64739990e-02 7.95410156e-01
 1.12812500e+01 5.03906250e+00 1.40722656e+00 4.27343750e+00
 7.46484375e+00 5.07031250e+00 3.02343750e+00 1.38046875e+01
 1.06567383e-01 2.61570676e-09 8.09375000e+00 7.75000000e+00
 6.02734375e+00 1.88476562e+00 4.04687500e+00 2.26367188e+00
 1.73242188e+00 5.18359375e+00 8.59046168e-12 8.28125000e+00
 4.37109375e+00 1.00703125e+01 1.53125000e+01 1.47851562e+00
 3.55468750e+00 1.60781250e+01 8.82031250e+00 6.92187500e+00
 5.47515810e-09 2.25554686e-10 2.42773438e+00 6.64672852e-02
 2.64843750e+00 1.16210938e+00 1.93750000e+01 7.91992188e-01
 6.03125000e+00 5.12500000e+00 5.40632755e-07 5.07324219e-01
 2.05449760e-06 5.15234375e+00 4.29645297e-09 7.37109375e+00
 8.07812500e+00 1.33750000e+01 7.49218750e+00 1.16601562e+00
 5.42968750e+00 3.30273438e+00 1.42656250e+01 5.64453125e+00
 2.79942469e-09 8.03125000e+00 9.06250000e+00 6.28906250e-01
 3.57421875e+00 7.87500000e+00 6.63021638e-10 6.65625000e+00
 4.25048828e-01 1.69042969e+00 8.54003906e-01 2.47802734e-01
 8.74218750e+00 4.48437500e+00 4.85300689e-12 9.42187500e+00
 6.14453125e+00 2.76367188e+00 8.87695312e-01 3.16210938e+00
 1.11406250e+01 6.51562500e+00 1.17578125e+01 4.76171875e+00
 9.35156250e+00 7.67968750e+00 5.15625000e+00 1.10546875e+00
 4.67578125e+00 4.06250000e+00 3.74804688e+00 1.51171875e+00
 6.57812500e+00 2.27187500e+01 5.22656250e+00 9.99218750e+00
 2.22851562e+00 6.78515625e+00 4.22656250e+00 1.01406250e+01
 1.85253906e+00 1.36230469e+00 1.57714844e+00 3.56250000e+00
 8.79394531e-01 1.06093750e+01 7.63066055e-10 2.75390625e+00
 1.02050781e+00 8.70312500e+00 1.84062500e+01 5.57031250e+00
 4.75495199e-11 1.00078125e+01 1.10078125e+01 2.60156250e+00
 6.92578125e+00 6.05957031e-01 4.26562500e+00 4.00390625e+00
 4.58203125e+00 2.40820312e+00 5.10546875e+00 6.37783160e-11
 9.57031250e+00 2.86523438e+00 2.27343750e+01 1.76855469e+00
 5.88281250e+00 1.47851562e+00 1.25468750e+01 8.02343750e+00
 1.44765625e+01 5.64843750e+00 3.45898438e+00 7.28515625e+00
 7.69531250e+00 7.06563696e-11 2.88671875e+00 1.22421875e+01
 4.74609375e+00 1.71142578e-01 1.78515625e+00 1.76875000e+01
 1.13984375e+01 6.15234375e+00 1.56718750e+01 1.42480469e+00
 1.18847656e+00 4.72656250e+00 1.58203125e+00 1.86406250e+01
 6.52343750e+00 1.40234375e+01 5.59375000e+00 1.67089844e+00
 2.71875000e+00 9.77539062e-01 9.19921875e-01 1.75781250e+01
 8.66406250e+00 1.80781250e+01 1.40258789e-01 1.78125000e+01
 4.39843750e+00 6.04687500e+00 1.12656250e+01 3.22021484e-01
 1.01688784e-07 7.34375000e+00 5.57812500e+00 1.13769531e+00
 1.89843750e+01 8.52343750e+00 7.44531250e+00 8.64730509e-12
 1.21562500e+01 2.44726562e+00 2.09375000e+01 2.17812500e+01
 1.71382908e-11 1.70468750e+01 2.84765625e+00 1.72460938e+00
 1.72656250e+01 9.67187500e+00 4.44921875e+00 7.52343750e+00
 2.04101562e+00 3.36718750e+00 6.92968750e+00 3.26416016e-01
 7.77343750e+00 1.40000000e+01 1.39687500e+01 2.48255674e-08
 1.54375000e+01 1.26220703e-01 4.03515625e+00 3.48734375e-11
 1.99218750e+01 1.36718750e+01 8.33593750e+00 3.61718750e+00
 2.15004547e-09 1.25859375e+01 1.30859375e+00 3.65625000e+00
 8.77343750e+00 1.91210938e+00 4.14453125e+00 2.58789062e+00
 2.54882812e+00 1.68281250e+01 2.15294449e-11 1.05018216e-11
 9.46093750e+00 5.07812500e+00 6.32031250e+00 3.58789062e+00
 1.62656250e+01 1.34667969e+00 1.11718750e+00 9.53125000e-01
 1.05468750e+01 8.99218750e+00 1.35000000e+01 4.84375000e+00
 2.33285391e-10 9.62500000e+00 9.39062500e+00 5.48046875e+00
 1.55312500e+01 5.95079541e-12 1.02578125e+01 8.25781250e+00
 1.04375000e+01 4.67578125e+00 2.79598567e-12 3.06129456e-03
 1.38671875e+01 6.79847290e-10 5.72265625e+00 1.58046875e+01
 1.77968750e+01 5.05078125e+00 4.78906250e+00 1.06933594e+00
 3.22851562e+00 2.39257812e+00 8.84375000e+00 7.20312500e+00
 1.01623535e-01 1.35274604e-07 1.00078125e+01 5.60546875e+00
 6.23535156e-01 9.60156250e+00 1.48437500e+00 3.16992188e+00
 1.15312500e+01 1.11796875e+01 4.03515625e+00 4.42578125e+00
 1.85468750e+01 1.87597656e+00 2.41796875e+00 7.99218750e+00
 4.43750000e+00 5.33203125e+00 1.18437500e+01 6.38281250e+00
 5.26953125e+00 8.55468750e+00 8.93750000e+00 4.61328125e+00
 7.37890625e+00 6.62500000e+00 1.37500000e+01 5.31250000e-01
 9.55468750e+00 3.43945312e+00 4.84765625e+00 5.33593750e+00
 7.23046875e+00 8.28906250e+00 1.06562500e+01 3.02929688e+00
 8.87500000e+00 5.12500000e+00 3.49609375e+00 6.87109375e+00
 5.70312500e+00 7.52734375e+00 2.13971362e-07 2.02148438e+00
 5.56250000e+00 7.33984375e+00 3.00976562e+00 4.92968750e+00
 6.66015625e+00 1.08984375e+01 2.71393219e-08 7.03153091e-11
 1.99861461e-10 1.02500000e+01 5.61035156e-01 1.00156250e+01
 7.75912667e-11 5.19140625e+00 7.24121094e-01 1.52031250e+01
 2.52929688e+00 2.05468750e+00 8.31298828e-02 4.16796875e+00
 1.06384277e-01 4.66796875e+00 2.54492188e+00 4.56250000e+00
 5.94921875e+00 5.57031250e+00 4.02224032e-10 5.70703125e+00
 2.14062500e+00 1.20625000e+01 1.59960938e+00 7.57031250e+00
 4.49218750e+00 2.78125000e+00 5.89062500e+00 4.65625000e+00
 3.77148438e+00 1.58105469e+00 8.49218750e+00 3.77929688e-01
 7.58984375e+00 1.16718750e+01 4.46484375e+00 1.67089844e+00
 2.31250000e+00 1.50234375e+01 6.23828125e+00 7.95703125e+00
 1.01093750e+01 4.44824219e-01 1.43359375e+01 2.86132812e+00
 7.06542969e-01 3.51074219e-01 2.07031250e+00 4.04663086e-02
 1.15625000e+01 7.19637683e-11 9.31250000e+00 5.94921875e+00
 1.92031250e+01 1.35742188e+00 7.01562500e+00 7.24218750e+00
 4.04296875e-01 1.00772013e-09 6.55273438e-01 6.46093750e+00
 8.11718750e+00 1.16308594e+00 7.92968750e+00 1.72070312e+00
 7.46582031e-01 4.67187500e+00 4.49063009e-11 4.79296875e+00
 1.56562500e+01 3.27453613e-02 2.83984375e+00 4.72265625e+00
 1.41953125e+01 4.89421836e-11 3.91357422e-01 3.51757812e+00
 1.93125000e+01 1.44843750e+01 2.13671875e+00 4.12001100e-10
 1.79589844e+00 2.57617188e+00 5.85714588e-10 1.20000000e+01
 5.47265625e+00 7.33984375e+00 4.37109375e+00 1.42968750e+01
 1.89174898e-09 1.78602022e-10 6.32421875e+00 1.04296875e+01
 2.52148438e+00 3.52429197e-10 4.55859375e+00 7.07700565e-11
 9.76562500e+00 1.48046875e+01 3.10819814e-10 1.61526259e-09
 1.58593750e+01 1.84687500e+01 5.76171875e+00 3.89036359e-10
 1.47827148e-01 4.88944352e-09 7.73046875e+00 5.49334800e-10
 6.17968750e+00 2.25000000e+00 1.89174898e-10 3.02406988e-11
 6.43554688e-01 1.76562500e+01 1.85058594e+00 4.30468750e+00
 4.51171875e+00 2.48632812e+00 1.47265625e+00 2.83789062e+00
 1.44042969e+00 2.00937500e+01 3.23437500e+00 1.24218750e+01
 4.08593750e+00 1.48475010e-10 5.19140625e+00 7.53971108e-10
 8.73437500e+00 2.19335938e+00 1.57226562e+00 1.39140625e+01
 9.33593750e+00 1.29218750e+01 2.89257812e+00 2.75390625e+00
 5.78515625e+00 7.73437500e+00 6.97753906e-01 8.28125000e+00
 6.47460938e-01 4.67578125e+00 1.98906250e+01 3.76171875e+00
 7.92480469e-01 1.66093750e+01 4.23437500e+00 4.70458984e-01
 4.72510919e-12 5.04687500e+00 1.15234375e+01 1.64453125e+00
 1.91093750e+01 3.55468750e+00 3.70703125e+00 1.78906250e+01
 1.92626953e-01 1.92578125e+00 1.60449219e+00 3.64453125e+00
 7.61247065e-10 2.88281250e+00 5.88671875e+00 2.45703125e+00
 9.32812500e+00 2.56250000e+00 1.17285156e+00 3.99902344e-01
 1.19687500e+01 1.45996094e+00 4.50000000e+00 1.23281250e+01
 3.59179688e+00 1.07617188e+00 1.29882812e+00 6.29687500e+00
 4.47265625e+00 1.60742188e+00 1.79687500e+00 7.03515625e+00
 1.40722656e+00 1.01660156e+00 1.77812500e+01 1.34843750e+01
 5.43750000e+00 5.35156250e+00 8.67968750e+00 1.18515625e+01
 8.39008862e-11 2.40625000e+00 5.67187500e+00 4.47656250e+00
 1.96093750e+00 9.26562500e+00 2.34765625e+00 1.02343750e+01
 1.04921875e+01 1.01562500e+01 3.80664062e+00 2.04687500e+00
 1.10000000e+01 4.71484375e+00 2.44000375e-11 5.98437500e+00
 5.44009282e-13 2.92578125e+00 9.60083008e-02 4.64062500e+00
 2.31445312e+00 5.96093750e+00 2.80664062e+00 8.29687500e+00
 4.89062500e+00 6.56250000e+00 3.32356365e-12 1.15722656e+00
 4.12683221e-11 9.41217877e-08 1.11953125e+01 7.35937500e+00
 1.42578125e+00 1.81406250e+01 6.59375000e+00 4.44531250e+00
 6.58203125e+00 4.00000000e+00 2.14186002e-10 3.62304688e-01
 8.22656250e+00 2.75613274e-08 1.77031250e+01 3.02148438e+00
 1.59375000e+01 3.15139914e-10 3.49023438e+00 1.41718750e+01
 3.07812500e+00 1.47707760e-06 4.83154297e-01 3.40151018e-10
 3.34523520e-11 5.06250000e+00 1.15136719e+00 1.84062500e+01
 9.42187500e+00 6.29687500e+00 1.97187500e+01 7.49218750e+00
 6.41975362e-12 4.61718750e+00 2.32226562e+00 6.56250000e+00
 1.29547119e-02 4.03515625e+00 2.26718750e+01 6.55859375e+00
 2.88085938e-01 1.00335455e-08 5.97265625e+00 3.52783203e-01
 2.71875000e+00 6.79199219e-01 1.33398438e+00 7.56640625e+00
 1.31953125e+01 2.11132812e+00 1.15312500e+01 1.41406250e+00
 1.83717930e-10 6.01953125e+00 6.55859375e+00 9.04687500e+00
 9.72249836e-10 1.64218750e+01 1.62207031e+00 3.06054688e+00
 2.00585938e+00 1.19433594e+00 3.24023438e+00 1.87695312e+00
 1.40078125e+01 2.57031250e+00 1.74062500e+01 1.23281250e+01
 1.90917969e+00 9.82031250e+00 6.85937500e+00 1.39550781e+00
 4.27001953e-01 1.11328125e+01 3.08593750e+00 1.63085938e+00
 5.08407538e-10 9.86718750e+00 1.02929688e+00 5.91796875e-01
 7.08593750e+00 1.48437500e+01 2.29492188e+00 3.32617188e+00
 7.04687500e+00 6.26953125e+00 4.58203125e+00 3.32617188e+00
 1.29687500e+01 1.05000000e+01 6.67578125e+00 3.11328125e+00
 3.26562500e+00 4.14388523e-11 1.55664062e+00 1.81738281e+00
 3.53906250e+00 8.43556336e-11 2.59179688e+00 3.82617188e+00
 1.26660156e+00 4.27246094e-01 2.18593750e+01 5.78438630e-10
 1.48437500e+00 1.06796875e+01 2.79296875e+00 2.00195312e+00
 1.36816406e+00 9.88281250e+00 8.54980469e-01 1.07220899e-11
 1.32331479e-09 2.51562500e+00 3.96679688e+00 2.40652298e-09
 5.56640625e-01 2.14257812e+00 3.34960938e+00 2.82617188e+00
 1.59375000e+01 7.71484375e+00 1.56738281e+00 2.81445312e+00
 3.95345978e-11 6.58593750e+00 5.13671875e-01 1.64843750e+01
 7.21484375e+00 6.92580215e-10 2.11132812e+00 4.55468750e+00
 1.24296875e+01 4.67968750e+00 3.85253906e-01 8.71875000e+00
 7.82812500e+00 1.16015625e+01 1.89531250e+01 8.01562500e+00
 1.41250000e+01 4.59375000e+00 2.09062500e+01 2.97656250e+00
 4.69921875e+00 2.54687500e+00 1.15468750e+01 2.49218750e+00
 1.17734375e+01 8.07031250e+00 1.29296875e+01 1.83125000e+01
 2.85581336e-10 8.12011719e-01 6.41015625e+00 1.13203125e+01
 7.44140625e+00 1.03828125e+01 1.14355469e+00 9.52742994e-07
 4.14843750e+00 1.34823495e-08 1.40781250e+01 1.09849907e-11
 1.77636719e+00 6.90234375e+00 2.29492188e+00 1.20117188e+00
 1.03000275e-10 9.45312500e+00 3.44726562e+00 7.32812500e+00
 1.87102705e-06 2.13367457e-09 2.09297468e-10 7.82812500e+00
 7.97656250e+00 7.26562500e+00 9.45312500e+00 4.53125000e+00
 4.22265625e+00 4.48437500e+00 7.24609375e-01 9.59960938e-01
 3.81591797e-01 2.89062500e+00 1.83300781e+00 1.14531250e+01
 8.71093750e+00 8.41406250e+00 1.18281250e+01 3.81445312e+00
 1.03593750e+01 2.36241249e-10 9.55468750e+00 2.34375000e+00
 4.21484375e+00 2.35351562e-01 4.62478056e-10 2.34570312e+00
 3.64843750e+00 8.00781250e-01 3.98828125e+00 7.01953125e+00
 7.27734375e+00 1.30937500e+01 8.98437500e+00 9.50781250e+00
 4.32421875e+00 3.39062500e+00 1.49062500e+01 7.48046875e+00
 1.07812500e+01 2.10351562e+00 3.36914062e+00 2.35351562e+00
 3.33984375e+00 4.98857844e-10 2.26573320e-08 5.12109375e+00
 9.40917969e-01 9.92187500e+00 8.07031250e+00 9.35642674e-11
 1.02812500e+01 1.17812500e+01 7.05468750e+00 3.54194641e-03
 2.66015625e+00 5.49609375e+00 2.32421875e+00 6.52734375e+00
 2.81494141e-01 1.07500000e+01 2.90583557e-10 1.08593667e-09
 4.30190994e-10 2.39379883e-01 8.40518624e-08 3.32812500e+00
 5.81792392e-11 7.13671875e+00 1.92812500e+01 3.81835938e+00
 3.00585938e+00 9.46093750e+00 8.27640179e-11 1.10937500e+00
 2.14375000e+01 1.68753900e-12 5.21093750e+00 7.06640625e+00
 5.48437500e+00 1.32265625e+01 1.12734375e+01 5.91796875e+00
 1.68457031e+00 1.06875000e+01 1.63593750e+01 4.53369141e-01
 1.09866960e-09 3.52294922e-01 1.11755371e-01 1.01406250e+01
 5.85449219e-01 5.73828125e+00 1.01269531e+00 1.41210938e+00
 1.12792969e+00 5.89062500e+00 1.61093750e+01 2.31636932e-11
 3.68572728e-10 1.47734375e+01 8.68567440e-10 5.19531250e+00
 1.31562500e+01 2.87890625e+00 7.61718750e-02 4.44921875e+00
 1.03222656e+00 1.05703125e+01 2.46289062e+00 2.33593750e+00
 2.08593750e+00 5.47656250e+00 3.16601562e+00 1.52578125e+01
 2.29338184e-08 6.76436684e-11 2.69140625e+00 2.29614258e-01
 9.93750000e+00 2.55664062e+00 3.30510375e-09 4.34326172e-01
 9.14843750e+00 5.08203125e+00 4.63867188e-01 2.20468750e+01
 1.98046875e+00 9.52343750e+00 1.11250000e+01 9.30468750e+00
 1.55859375e+01 1.46883394e-10 7.36718750e+00 1.46015625e+01
 5.94140625e+00 2.03544914e-09 8.20312500e+00 1.20410156e+00
 6.25390625e+00 1.19296875e+01 1.56738281e-01 2.07031250e+00
 1.12031250e+01 2.70703125e+00 3.29296875e+00 1.39765625e+01
 5.39453125e+00 9.41406250e+00 1.17578125e+01 5.24218750e+00
 8.25000000e+00 2.84489943e-09 1.49218750e+01 5.38671875e+00
 2.00998329e-10 2.25668373e-11 3.41210938e+00 6.21484375e+00
 1.52050781e+00 8.31278157e-10 2.11562500e+01 4.22363281e-02
 6.60546875e+00 9.20312500e+00 7.33593750e+00 5.57338353e-08
 5.76164894e-10 8.17968750e+00 8.99218750e+00 3.50000000e+00
 1.33281250e+01 7.18359375e+00 4.08984375e+00 3.79101562e+00
 8.10814527e-10 5.06250000e+00 9.26562500e+00 7.74218750e+00
 9.49218750e+00 1.77812500e+01 1.38750000e+01 6.55859375e+00
 8.52343750e+00 2.04687500e+01 7.98046875e+00 1.09985352e-01
 4.76063633e-11 1.20605469e+00 2.33984375e+00 2.45869160e-07
 3.95751953e-01 4.55838745e-09 3.29296875e+00 1.47578125e+01
 9.82812500e+00 1.34082031e+00 1.89843750e+00 3.39257812e+00
 1.12109375e+01 6.56640625e+00 5.04296875e+00 1.12500000e+01
 3.02929688e+00 3.09000825e-10 1.27246094e+00 9.10156250e-01
 4.51904297e-01 8.64062500e+00 5.39843750e+00 9.57519531e-01
 9.32812500e+00 9.64843750e+00 1.17968750e+00 7.16796875e+00
 7.64843750e+00 6.68750000e+00 9.11718750e+00 1.42734375e+01
 8.98437500e+00 1.45155354e-08 6.45703125e+00 5.11718750e+00
 3.56054688e+00 2.64843750e+00 1.67675781e+00 6.76953125e+00
 8.31250000e+00 2.44710918e-11 7.29296875e+00 4.49218750e+00
 1.83125000e+01 8.60937500e+00 5.87890625e+00 1.45402737e-07
 1.61376953e-01 1.17089844e+00 3.80126953e-01 2.14843750e+00
 1.77050781e+00 3.18750000e+00 1.87901605e-09 6.74609375e+00
 1.10781250e+01 1.25781250e+00 8.87894203e-11 1.01328125e+01
 2.35742188e+00 4.01171875e+00 6.79296875e+00 2.96131475e-09
 4.57305305e-11 8.17968750e+00 2.90527344e-01 8.70312500e+00
 1.03668185e-11 3.88671875e-01 3.24218750e-01 5.17578125e+00
 2.11730367e-08 4.19921875e+00 8.70117188e-01 3.20312500e+00
 7.26171875e+00 4.44580078e-01 3.13867188e+00 7.58789062e-01
 2.72851562e+00 1.18437500e+01 3.14257812e+00 9.82031250e+00
 1.72265625e+00 1.61718750e+01 4.79296875e+00 1.23691279e-10
 6.48925781e-01 4.14843750e+00 1.49429980e-09 7.11425781e-01
 6.03125000e+00 4.10156250e+00 6.71484375e+00 2.88671875e+00
 2.82170731e-10 6.05941750e-08 4.94921875e+00 4.04687500e+00
 3.86718750e+00 4.45703125e+00 1.85312500e+01 1.17890625e+01
 9.07031250e+00 1.66992188e+00 6.76953125e+00 7.61701813e-11
 3.77148438e+00 1.64941406e+00 3.14697266e-01 5.70312500e+00
 4.89843750e+00 2.55468750e+00 6.27343750e+00 2.61328125e+00
 1.81640625e+00 3.30664062e+00 6.85156250e+00 5.11874987e-11
 4.68359375e+00 1.74531250e+01 1.52187500e+01 1.50878906e+00
 1.72812500e+01 4.25390625e+00 1.53136170e-10 8.04199219e-01
 4.49609375e+00 2.30000000e+01 1.63282721e-11 1.23359375e+01
 3.93152237e-04 1.21250000e+01 9.32031250e+00 1.15960574e-10
 8.22753906e-02 6.79296875e+00 7.90234375e+00 4.25292969e-01
 2.63671875e-01 3.83124643e-11 1.21093750e-01 2.98437500e+00
 1.29140625e+01 5.36328125e+00 5.78074832e-09 9.17968750e+00
 1.84863281e+00 2.74658203e-01 3.69531250e+00 6.88671875e+00
 7.18750000e+00 1.41953125e+01 9.57812500e+00 1.03593750e+01
 6.32833689e-07 1.67187500e+01 1.73145054e-10 3.77929688e+00
 2.12890625e+00 1.95541361e-10 1.21417543e-10 5.98632812e-01
 5.48339844e-01 4.44140625e+00 4.41406250e-01 4.01953125e+00
 3.20312500e+00 1.16015625e+01 1.07812500e+01 2.69726562e+00
 3.89257812e+00 5.22248911e-12 8.27026367e-03 1.20000000e+01
 7.89062500e-01 5.45312500e+00 2.02968750e+01 3.11523438e-01
 4.71800377e-11 2.96289062e+00 4.59294824e-11 8.65625000e+00
 1.46171875e+01 5.74609375e+00 7.76344677e-09 9.81250000e+00
 3.41601562e+00 2.26250000e+01 1.32324219e-01 1.26406250e+01
 3.81445312e+00 3.91210938e+00 3.96484375e+00 1.00097656e+00
 6.61718750e+00 4.47082520e-02 1.17285156e+00 1.74804688e+00
 8.01562500e+00 6.59667969e-01 4.34765625e+00 5.78906250e+00
 2.35319138e-04 1.69531250e+01 2.16992188e+00 5.89453125e+00
 4.28515625e+00 6.21875000e+00 7.72949219e-01 1.42656250e+01
 1.08828125e+01 1.21406250e+01 3.51367188e+00 1.83906250e+01
 3.90625000e+00 1.23515625e+01 5.26562500e+00 2.76116907e-11
 8.54492188e-01 4.59749572e-10 6.95312500e-01 6.11328125e+00
 1.97070312e+00 1.49921875e+01 2.22265625e+00 6.20312500e+00
 5.58593750e-01 3.75732422e-01 4.01367188e-01 1.24218750e+01
 4.03320312e-01 1.30468750e+00 1.18984375e+01 2.73046875e+00
 4.29054126e-10 7.59428076e-10 4.21093750e+00 4.03564453e-01
 1.22890625e+01 1.89843750e+00 3.93554688e-01 2.91406250e+00
 2.35156250e+00 8.96453857e-03 1.89218750e+01 5.28962119e-09
 5.83984375e+00 6.36718750e-01 6.77343750e+00 9.42187500e+00
 5.19140625e+00 4.81640625e+00 3.89062500e+00 9.22656250e+00
 2.23053576e-10 4.05468750e+00 1.52734375e+00 4.52734375e+00
 3.25781250e+00 8.90850060e-10 1.65000000e+01 3.86328125e+00
 2.33203125e+00 1.75292969e+00 4.61328125e+00 4.39453125e+00
 2.25000000e+00 1.42031250e+01 2.24531250e+01 1.98281250e+01
 6.28515625e+00 4.29931641e-01 1.20507812e+00 1.12109375e+01
 1.05859375e+01 1.23046875e+00 1.38476562e+00 4.41406250e+00
 1.27246094e+00 8.07031250e+00 1.02204467e-10 1.34008360e-11
 4.94921875e+00 5.40239853e-10 2.91992188e+00 7.20312500e+00
 1.28203125e+01 3.90234375e+00 4.39843750e+00 3.41015625e+00
 5.99121094e-01 5.65234375e+00 1.48437500e+01 1.85644531e+00
 6.68457031e-01 3.94265953e-10 3.83007812e+00 2.58593750e+00
 7.22167969e-01 2.84765625e+00 1.02968750e+01 1.97031250e+01
 1.12421875e+01 8.58593750e+00 7.45312500e+00 8.81250000e+00
 2.44335938e+00 2.34467734e-09 5.87890625e+00 2.46093750e+00
 4.33105469e-01 5.07611730e-11 1.99707031e+00 4.57234250e-12
 6.52832031e-01 1.48247636e-09 1.07617188e+00 3.98925781e-01
 9.14062500e+00 5.91406250e+00 1.72070312e+00 8.40625000e+00
 2.86064505e-11 1.15625000e+01 1.06015625e+01 1.40722656e+00
 1.16821289e-01 1.05468750e+01 1.53320312e+00 9.75000000e+00
 8.96093750e+00 3.94140625e+00 4.49609375e+00 2.59375000e+00
 1.44765625e+01 8.28906250e+00 1.95655048e-10 5.82812500e+00
 1.32877176e-09 9.42187500e+00 2.50781250e+00 1.60058594e+00
 8.85156250e+00 3.42382812e+00 4.41406250e+00 7.87500000e+00
 2.21875000e+00 6.78846845e-09 3.27539062e+00 1.33886719e+00
 1.00781250e+01 5.93750000e+00 3.18164062e+00 1.07479095e-03
 2.05937500e+01 2.67187500e+00 1.41894531e+00 8.27343750e+00
 3.47709656e-03 1.75468750e+01 9.71875000e+00 1.86406250e+01
 1.93125000e+01 9.03320312e-01 3.98046875e+00 1.97631836e-01
 2.46875000e+00 5.86328125e+00 1.58789062e+00 3.60351562e+00
 4.24609375e+00 4.80859375e+00 7.28515625e+00 1.93847656e+00
 1.48828125e+01 9.09667969e-01 1.85312500e+01 2.46679688e+00
 3.03222656e-01 1.39921875e+01 1.06155085e-11 1.34570312e+00
 5.40039062e-01 1.92500000e+01 1.47753906e+00 3.55078125e+00
 4.46484375e+00 9.00000000e+00 2.47579734e-13 1.04687500e+01
 3.09570312e+00 2.16015625e+00 2.92743607e-11 4.82812500e+00
 5.11718750e+00 3.59570312e+00 7.66015625e+00 6.33593750e+00
 1.81835938e+00 6.03449735e-10 4.14550781e-01 1.25625000e+01
 1.00399689e-11 6.00000000e+00 5.37414551e-02 2.05625000e+01
 1.24273924e-11 5.83984375e-01 7.28906250e+00 8.10546875e-01
 3.18777893e-10 1.87597656e+00 6.90917969e-02 7.85937500e+00
 3.15429688e+00 1.50492951e-11 1.46875000e+00 6.72363281e-01
 4.02343750e+00 2.52539062e+00 8.45312500e+00 2.74414062e+00
 4.88281250e-01 1.70507812e+00 5.22949219e-01 1.02734375e+01
 1.83105469e+00 3.22302185e-11 6.18750000e+00 3.10742188e+00
 6.94531250e+00 4.02734375e+00 2.41243470e-10 8.28906250e+00
 3.17959348e-09 2.28125000e+01 9.40625000e+00 6.67480469e-01
 1.20546875e+01 1.96406250e+01 9.06250000e-01 3.36914062e+00
 1.38984375e+01 3.00781250e+00 7.58593750e+00 5.30078125e+00
 1.13906250e+01 1.61035156e+00 4.91406250e+00 3.43750000e+00
 4.48046875e+00 7.50488281e-01 8.35156250e+00 6.02734375e+00
 3.81987775e-11 2.56640625e+00 1.72343750e+01 2.68359375e+00
 1.92089844e+00 1.04864739e-09 2.69335938e+00 1.04531250e+01
 9.78906250e+00 2.31835938e+00 3.57421875e-01 3.43750000e+00
 8.26562500e+00 5.37597656e-01 1.55175781e+00 1.81152344e+00
 1.21386719e+00 5.29479980e-03 1.18984375e+01 3.25781250e+00
 1.62207031e+00 1.90156250e+01 4.39843750e+00 7.00781250e+00
 5.42578125e+00 8.72656250e+00 1.51250000e+01 1.29843750e+01
 9.64843750e+00 2.20117188e+00 2.39257812e+00 9.38281250e+00
 3.26562500e+00 1.21015625e+01 8.68993766e-12 5.96093750e+00
 5.67578125e+00 3.20312500e-01 9.34375000e+00 2.97070312e+00
 4.31152344e-01 3.14685167e-10 3.26347351e-03 1.37890625e+00
 2.19218750e+01 3.60839844e-01 6.22070312e-01 2.37014319e-09
 1.23281250e+01 4.72167969e-01 3.05664062e+00 1.25156250e+01
 6.71818157e-12 1.26419764e-10 7.97851562e-01 1.42265625e+01
 3.71875000e+00 1.31958008e-01 1.89257812e+00 3.00390625e+00
 9.24919732e-08 1.43593750e+01 2.74609375e+00 1.90156250e+01
 3.49414062e+00 7.28906250e+00 1.98828125e+00 5.58105469e-01
 1.83959961e-01 1.89453125e+00 4.62500000e+00 3.35546875e+00
 7.37304688e-01 2.01718750e+01 4.35102265e-09 4.67968750e+00
 2.37463382e-11 1.07421875e+01 2.30937500e+01 9.35156250e+00
 5.49218750e+00 7.49218750e+00 2.48519427e-10 1.94628906e+00
 1.35703125e+01 1.29218750e+01 3.21484375e+00 1.38788891e-09
 6.99218750e+00 1.46250000e+01 4.84375000e+00 9.75781250e+00
 1.79375000e+01 1.06718750e+01 7.29296875e+00 1.43457031e+00
 4.06640625e+00 6.55078125e+00 1.02050781e+00 2.01171875e+00
 6.98946678e-10 1.40468750e+01 1.58984375e+00 2.54882812e+00
 1.58252078e-09 3.66601562e+00 4.22119141e-01 1.60839844e+00
 6.97656250e+00 2.86328125e+00 1.60980562e-10 8.78125000e+00
 1.67187500e+00 6.75390625e+00 1.02109375e+01 1.08007812e+00
 6.07031250e+00 8.81250000e+00 1.53125000e+01 2.10937500e+00
 4.25781250e+00 4.59067451e-10 9.48242188e-01 9.68575478e-08
 1.14140625e+01 6.98046875e+00 3.62109375e+00 1.09570312e+00
 7.64062500e+00 1.69628906e+00 1.86279297e-01 3.34375000e+00
 1.91894531e-01 1.34787115e-09 1.18828125e+01 7.82421875e+00
 1.85546875e+00 1.80957031e+00 4.66015625e+00 1.05390625e+01
 2.15429688e+00 6.95800781e-01 3.39423423e-09 7.64453125e+00
 6.40234375e+00 2.11250000e+01 6.05859375e+00 1.46171875e+01
 6.22558594e-01 3.29492188e+00 1.39765625e+01 1.23828125e+00
 2.83593750e+00 2.52148438e+00 5.84375000e+00 4.35546875e+00
 1.13769531e+00 8.85742188e-01 3.98632812e+00 2.45117188e+00
 1.64550781e+00 1.04062500e+01 9.57031250e-01 1.52187500e+01
 2.08125000e+01 1.50156250e+01 1.95156250e+01 1.32812500e+01
 3.21449534e-11 7.77343750e-01 1.15859375e+01 1.01718750e+01
 1.15468750e+01 1.31738281e+00 1.71582031e+00 6.14843750e+00
 3.33203125e+00 1.01171875e+01 6.11816406e-01 1.65156250e+01
 2.79687500e+00 1.77187500e+01 7.90350896e-10 9.11718750e+00
 2.69531250e+00 1.07031250e+01 6.48046875e+00 1.28281250e+01
 6.90625000e+00 1.28515625e+01 5.50781250e+00 7.52929688e-01
 1.69375000e+01 2.55795385e-10 1.71093750e+00 1.40527344e+00
 1.28125066e-10 4.66796875e+00 2.77587891e-01 2.37321274e-11
 2.07226562e+00 1.81762695e-01 2.08007812e+00 3.51953125e+00
 1.76718750e+01 4.54519977e-10 1.50878906e+00 6.36230469e-01
 7.97363281e-01 1.31718750e+01 1.51430868e-10 1.52709961e-01
 2.21093750e+01 5.60156250e+00 4.08691406e-01 3.04687500e+00
 4.69921875e+00 4.28268532e-14 5.93261719e-01 2.62500000e+00
 2.23125000e+01 2.56054688e+00 1.73593750e+01 8.89062500e+00
 1.29375000e+01 1.08886719e+00 1.55312500e+01 9.13574219e-01
 1.29296875e+01 1.40917969e+00 1.27500000e+01 2.03710938e+00
 4.75000000e+00 6.33984375e+00 1.75156250e+01 9.82812500e+00
 6.51562500e+00 2.51953125e+00 1.90468750e+01 3.01361084e-02
 5.15625000e+00 1.31015625e+01 1.20312500e+00 1.01013184e-01
 1.34062500e+01 4.41796875e+00 2.42578125e+00 1.90000000e+01
 2.25781250e+00 6.05382411e-12 1.16742171e-11 3.34765625e+00
 1.57109375e+01 7.21093750e+00 5.82812500e+00 5.68359375e+00
 4.41796875e+00 1.68125000e+01 5.91796875e-01 8.49218750e+00
 1.40630618e-10 4.21484375e+00 1.97265625e+00 4.47265625e+00
 5.77734375e+00 8.60937500e+00 2.73828125e+00 5.73828125e+00
 6.16015625e+00 9.36718750e+00 2.03281250e+01 8.20312500e+00
 9.10156250e+00 2.19726562e+00 3.34375000e+00 1.12905241e-11
 1.04003906e-01 2.11669922e-01 7.50000000e+00 6.99218750e+00
 5.35156250e+00 6.02343750e+00 3.33251953e-01 4.88281250e-01
 1.49043444e-10 7.21093750e+00 3.22460938e+00 2.17407227e-01
 3.54492188e+00 1.99094075e-11 9.78125000e+00 4.62500000e+00
 1.61718750e+01 7.67187500e+00 2.08203125e+00 5.72265625e+00
 5.54656982e-03 1.38984375e+01 1.39296875e+01 5.42187500e+00
 4.25781250e+00 5.80859375e+00 1.14257812e+00 2.08750000e+01
 4.12353516e-01 1.30625000e+01 7.26074219e-01 6.75390625e+00
 8.03906250e+00 2.33007812e+00 7.71875000e+00 1.25937500e+01
 5.87109375e+00 1.00859375e+01 1.32343750e+01 5.44531250e+00
 1.83906250e+01 1.57187500e+01 2.88281250e+00 4.45312500e+00
 8.22656250e+00 1.24531250e+01 4.97265625e+00 6.57812500e+00
 2.26100383e-09 3.98358679e-10 3.73574949e-10 4.04296875e-01
 1.71093750e+01 1.09218750e+01 5.38671875e+00 6.93359375e+00
 9.26562500e+00 1.85937500e+01 1.99406713e-10 6.17578125e+00
 5.61328125e+00 2.24218750e+01 1.07968750e+01 6.23046875e+00
 1.43984375e+01 7.86718750e+00 9.48437500e+00 2.03125000e+00
 5.33203125e-01 2.78320312e+00 3.12109375e+00 1.71406250e+01
 9.17968750e+00 3.31054688e+00 4.34765625e+00 7.41796875e+00
 3.80371094e-01 1.84375000e+01 1.13984375e+01 1.30703125e+01
 6.42968750e+00 5.80078125e+00 4.82812500e+00 3.27929688e+00
 1.02734375e+01 8.86718750e+00 7.84667969e-01 1.29589844e+00
 8.33593750e+00 2.27231567e-11 2.65429688e+00 2.28125000e+00
 1.26562500e+00 1.75781250e+00 3.74414062e+00 1.24131816e-11
 1.08400400e-10 7.28125000e+00 5.01562500e+00 1.24843750e+01
 9.68611857e-11 6.57812500e+00 7.84375000e+00 3.67382812e+00
 4.82031250e+00 1.49121094e+00 4.57248461e-10 5.50390625e+00
 7.53515625e+00 5.18750000e+00 1.19453125e+01 7.38769531e-01
 2.07031250e+00 6.46875000e+00 2.07226562e+00 2.72979736e-02
 2.41796875e+00 4.66015625e+00 3.11328125e+00 9.21093750e+00
 8.80468750e+00 5.67187500e+00 3.03515625e+00 6.27441406e-01
 1.71439751e-09 2.03750000e+01 5.66406250e+00 1.55468750e+00
 2.88671875e+00 6.75390625e+00 4.95312500e+00 3.89257812e+00
 4.44921875e+00 2.23280949e-10 2.23242188e+00 2.31250000e+00
 8.74023438e-01 8.15625000e+00 7.18750000e+00 1.67500000e+01
 6.16796875e+00 5.60546875e+00 1.21171875e+01 3.45898438e+00
 1.02090780e-10 1.86230469e+00 1.67968750e+01 5.64941406e-01
 4.73046875e+00 1.43188477e-01 1.68847656e+00 2.26406250e+01
 2.83398438e+00 7.25000000e+00 2.74023438e+00 8.75781250e+00
 4.17187500e+00 3.20117188e+00 6.17887963e-11 9.12500000e+00
 6.99218750e+00 2.65429688e+00 6.92187500e+00 8.11718750e+00
 1.38046875e+01 1.38515625e+01 8.03125000e+00 5.35644531e-01
 4.14062500e+00 4.43359375e+00 2.18139648e-01 5.10937500e+00
 4.22656250e+00 4.42968750e+00 1.96562500e+01 5.29687500e+00
 1.22656250e+00 1.17890625e+01 3.93359375e+00 2.41992188e+00
 1.32812500e+01 4.91406250e+00 9.65625000e+00 7.20214844e-01
 1.65755409e-10 2.06250000e+01 4.23046875e+00 1.07578125e+01
 1.54765625e+01 1.44765625e+01 8.25093593e-09 3.73242188e+00
 3.65429688e+00 2.57617188e+00 5.54687500e-01 1.36132812e+00
 1.69189453e-01 9.99218750e+00 1.85082172e-10 3.80664062e+00
 2.01562500e+01 8.75781250e+00 1.01171875e+01 7.38671875e+00
 6.05859375e+00 5.59375000e+00 7.95703125e+00 9.27734375e-01
 7.76953125e+00 1.65937500e+01 3.23052518e-08 3.50830078e-01
 6.32421875e+00 1.06328125e+01 4.54101562e-01 2.36894948e-11
 8.13281250e+00 1.46582031e+00 6.96875000e+00 1.66250000e+01
 8.67968750e+00 3.34375000e+00 9.99218750e+00 4.24316406e-01
 8.05468750e+00 1.52265625e+01 1.03222656e+00 1.86562500e+01
 3.70507812e+00 4.32421875e+00 1.28329702e-09 5.26953125e+00
 2.23632812e+00 2.40429688e+00 5.80566406e-01 1.16953125e+01
 2.24609375e+00 5.50781250e+00 1.53710938e+00 1.31484375e+01
 2.01953125e+00 1.54687500e+01 1.96093750e+01 1.29980469e+00
 2.32031250e+00 1.54980469e+00 1.58325195e-01 1.54843750e+01
 1.21953125e+01 3.16992188e+00 5.91406250e+00 8.89843750e+00
 9.14843750e+00 9.87500000e+00 2.18437500e+01 5.90234375e+00
 4.86328125e+00 1.68750000e+01 1.22343750e+01 1.70468750e+01
 7.38671875e+00 5.72265625e+00 3.59375000e+00 4.34511094e-10
 2.28437500e+01 2.98046875e+00 7.08041625e-10 1.56406250e+01
 1.34667969e+00 7.65625000e+00 3.46289062e+00 1.03906250e+00
 1.60312500e+01 8.41100700e-08 1.35156250e+01 4.59228516e-01
 4.14062500e+00 1.57714844e+00 9.83593750e+00 1.11816406e+00
 5.89453125e+00 8.85156250e+00 3.32421875e+00 4.19968273e-08
 7.37304688e-01 3.87695312e+00 4.51953125e+00 1.73125000e+01
 6.95703125e+00 5.48339844e-01 2.25000000e+01 2.50565790e-10
 4.73391992e-10 1.67812500e+01 1.01953125e+01 3.07812500e+00
 1.00546875e+01 1.40820312e+00 1.07220899e-11 6.19531250e+00
 1.56171875e+01 3.99414062e-01 3.80850906e-11 3.04135028e-08
 4.49063009e-10 3.03320312e+00 1.19371180e-11 1.35997880e-11
 3.68629571e-11 5.58593750e+00 4.70312500e+00 2.86718750e+00
 2.12812500e+01 1.93836058e-11 7.16796875e+00 2.76367188e+00
 2.51171875e+00 3.26757812e+00 4.08984375e+00 6.25781250e+00
 1.41484375e+01 4.41015625e+00 4.47265625e+00 5.33203125e-01
 3.38085938e+00 8.21875000e+00 6.76664058e-10 1.81030273e-01
 2.63085938e+00 7.51953125e+00 9.82812500e+00 1.60937500e+00
 4.69970703e-01 1.89531250e+01 1.09480425e-10 3.74804688e+00
 4.13085938e-01 2.60351562e+00 7.24685378e-08 1.00976562e+00
 2.50656740e-09 4.86328125e+00 6.35546875e+00 5.74609375e+00
 1.14531250e+01 1.07890625e+01 5.65234375e+00 4.32031250e+00
 9.60156250e+00 2.26562500e+01 4.47656250e+00 2.00390625e+00
 5.40234375e+00 2.13671875e+00 3.64257812e+00 3.69618647e-09
 7.17578125e+00 3.54736328e-01 5.40527344e-01 1.79576874e-03
 6.62109375e-01 6.47265625e+00 1.47500000e+01 4.54296875e+00
 1.31835938e-01 5.80078125e-01 3.21289062e+00 2.08437500e+01
 1.99023438e+00 4.85156250e+00 5.75390625e+00 4.61328125e+00
 1.38515625e+01 8.12150347e-12 1.03437500e+01 4.30468750e+00
 6.03515625e+00 7.85546875e+00 5.81250000e+00 3.18777893e-10
 9.59375000e+00 8.70312500e+00 3.33007812e+00 3.70703125e+00
 1.78437500e+01 2.16992188e+00 2.15436557e-11 7.08984375e+00
 3.17413651e-10 1.30468750e+01 4.88671875e+00 3.29687500e+00
 6.34765625e+00 1.68750000e+00 2.81801249e-11 5.10253906e-01
 5.05371094e-02 1.89146476e-11 1.91601562e+00 2.08203125e+00
 3.27148438e+00 1.37500000e+00 1.52636719e+00 1.35390625e+01
 7.07031250e+00 2.12656250e+01 6.17187500e+00 1.29296875e+01
 8.18750000e+00 1.23750000e+01 1.14257812e+00 9.48242188e-01
 3.65234375e-01 9.27343750e+00 1.16503906e+00 1.98730469e+00
 4.18367563e-11 4.28515625e+00 1.23339844e+00 6.51953125e+00
 5.17578125e+00 3.83079168e-09 5.77343750e+00 8.68164062e-01
 1.96718750e+01 1.01562500e+00 9.83163773e-10 2.71093750e+00
 1.38671875e+00 3.42578125e+00 6.03515625e-01 4.39058567e-10
 1.30468750e+00 3.99218750e+00 1.84062500e+01 1.43593750e+01
 3.17773438e+00 3.21484375e+00 7.37500000e+00 1.22890625e+01
 3.47208697e-08 4.45703125e+00 2.01406250e+01 1.33789062e+00
 5.61718750e+00 1.34296875e+01 7.43359375e+00 1.08437500e+01
 4.93359375e+00 1.00156250e+01 2.64062500e+00 2.59765625e-01
 7.00390625e+00 7.23046875e+00 1.27109375e+01 1.73281250e+01
 1.06328125e+01 1.08359375e+01 3.50610208e-10 2.81250000e+00
 5.61328125e+00 1.04218750e+01 1.95312500e+00 1.69531250e+01
 2.17482921e-10 1.32968750e+01 5.42968750e+00 4.38740244e-09
 6.27734375e+00 2.24218750e+00 1.06445312e+00 1.44296875e+01
 7.66406250e+00 1.04531250e+01 3.45312500e+00 1.42890625e+01
 4.47265625e+00 1.52441406e+00 1.03750000e+01 6.66406250e+00
 8.71875000e+00 7.39237294e-09 6.86328125e+00 1.09765625e+00
 1.45078125e+01 1.12031250e+01 4.54687500e+00 4.28515625e+00
 6.35546875e+00 4.71875000e+00 1.59179688e+00 3.36132812e+00
 3.22415872e-10 1.95312500e+00 7.55078125e+00 4.52343750e+00
 7.71093750e+00 4.35156250e+00 1.76640924e-11 1.34150469e-10
 2.80078125e+00 5.53125000e+00 1.46562500e+01 3.39648438e+00
 2.36694336e-01 1.82031250e+00 1.42734375e+01 7.49511719e-01
 1.25234375e+01 5.02343750e+00 1.61523438e+00 1.57617188e+00
 2.48828125e+00 8.31250000e+00 1.57265625e+01 1.18984375e+01
 6.41406250e+00 7.61328125e+00 2.82796009e-11 7.93750000e+00
 6.44531250e+00 1.07031250e+01 1.31875000e+01 1.12421875e+01
 3.97070312e+00 1.88906250e+01 7.71484375e+00 3.08593750e+00
 8.34916136e-10 2.93554688e+00 8.71093750e+00 3.80664062e+00
 4.60156250e+00 4.16796875e+00 4.15527344e-01 1.86406250e+01
 4.71875000e+00 7.61230469e-01 4.42378223e-09 4.78125000e+00
 9.82812500e+00 2.71093750e+00 1.33007812e+00 8.31542969e-01
 1.26171875e+01 7.26171875e+00 1.11230469e+00 1.14843750e+00
 2.06835938e+00 2.28710938e+00 3.23828125e+00 4.23437500e+00
 2.47680664e-01 1.05390625e+01 3.80859375e+00 5.79296875e+00
 1.45703125e+01 2.06406250e+01 5.53125000e+00 8.32812500e+00
 4.00781250e+00 1.76953125e+00 3.68750000e+00 2.23963070e-11
 1.36523438e+00 3.73437500e+00 1.29882812e-01 3.02148438e+00
 1.49218750e+00 5.63476562e-01 1.90539140e-10 6.15614226e-11
 2.08593750e+00 9.62500000e+00 5.68359375e+00 6.03125000e+00
 8.38867188e-01 1.01269531e+00 3.04101562e+00 5.77734375e+00
 2.47265625e+00 8.83789062e-01 2.22812500e+01 9.00781250e+00
 1.21640625e+01 1.66210938e+00 4.50390625e+00 9.70885594e-11
 6.33203125e+00 1.88476562e+00 1.86264515e-08 3.99609375e+00
 9.59516910e-11 9.42187500e+00 8.53125000e+00 8.30078125e-01
 3.16992188e+00 8.71093750e+00 1.36250000e+01 5.00488540e-13
 7.09838867e-02 1.08750000e+01 8.88281250e+00 3.78125000e+00
 1.47890625e+01 1.96718750e+01 4.30859375e+00 6.25390625e+00
 7.20028765e-08 9.12500000e+00 1.48359375e+01 6.81281090e-05
 4.30859375e+00 2.14648438e+00 4.42014425e-09 1.41250000e+01
 9.79614258e-02 3.46875000e+00 6.24709173e-11 2.12109375e+00
 4.67187500e+00 9.03906250e+00 2.31835938e+00 5.52246094e-01
 4.43359375e+00 8.33007812e-01 7.34375000e+00 1.41718750e+01
 7.63975549e-11 7.74609375e+00 2.01953125e+00 4.22630819e-11
 4.11830570e-11 1.14184218e-11 2.11002771e-08 6.84375000e+00
 1.04785156e+00 2.85351562e+00 4.19140625e+00 4.03360900e-10
 1.00390625e+00 1.00468750e+01 1.14375000e+01 4.67187500e+00
 1.89160156e+00 9.13473741e-11 3.51757812e+00 1.02187500e+01
 1.83203125e+00 1.46328125e+01 2.16875000e+01 2.32421875e+00
 6.47265625e+00 1.16328125e+01 5.84375000e+00 1.14255272e-10
 7.83707947e-07 2.55653276e-11 2.41601562e+00 2.15000000e+01
 5.52734375e-01 2.68945312e+00 8.29687500e+00 2.20703125e+00
 1.56484375e+01 1.70800781e+00 1.26640625e+01 7.23266602e-02
 1.30390625e+01 2.67391442e-10 3.48632812e+00 2.45703125e+00
 1.59609375e+01 1.20605469e+00 2.08398438e+00 5.38085938e-01
 4.01611328e-01 1.18203125e+01 4.51905180e-11 4.75000000e+00
 1.68593750e+01 2.76757812e+00 3.40234375e+00 2.80468750e+00
 4.16406250e+00 1.60156250e+00 2.13906250e+01 7.55371094e-01
 5.71777344e-01 2.32617188e+00 3.96767064e-11 1.51776476e-08
 3.03125000e+00 2.05000000e+01 4.25390625e+00 1.69687500e+01
 1.31015625e+01 9.49218750e+00 3.94726562e+00 5.29296875e+00
 2.56054688e+00 3.37109375e+00 3.20117188e+00 1.23350219e-10
 3.79150391e-01 1.97187500e+01 3.00195312e+00 1.15234375e+00
 5.67578125e+00 8.28125000e+00 2.81054688e+00 1.87583282e-10
 4.55859375e+00 5.04587661e-09 6.53125000e+00 1.53984375e+01
 6.88671875e+00 1.32812500e+00 6.70752343e-11 5.37500000e+00
 1.50625000e+01 8.36425781e-01 1.40312500e+01 6.87890625e+00
 4.51171875e+00 2.56932253e-11 1.22167969e+00 1.33359375e+01
 6.45312500e+00 1.02929688e+00 2.97265625e+00 2.60986328e-01
 4.38281250e+00 9.72656250e+00 7.91406250e+00 1.17893251e-10
 6.70703125e+00 8.12500000e+00 1.05859375e+00 9.49218750e+00
 1.78125000e+00 2.49267578e-01 4.57812500e+00 6.26953125e+00
 1.25546875e+01 9.02343750e+00 5.25781250e+00 8.69531250e+00
 8.67187500e+00 1.10859375e+01 6.51953125e+00 2.49218750e+00
 5.21484375e+00 1.08984375e+00 3.82031250e+00 2.43530273e-02
 1.25312500e+01 1.02500000e+01 1.02636719e+00 1.92500000e+01
 4.02343750e+00 2.09524842e-10 2.22500000e+01 1.11230469e+00
 9.86816406e-01 1.85449219e+00 5.94531250e+00 7.32910156e-01
 5.98987526e-12 4.44140625e+00 3.24023438e+00 1.16953125e+01
 1.90937500e+01 1.19140625e+00 4.05859375e+00 3.65787400e-11
 7.68750000e+00 1.25000000e+01 7.22479854e-11 2.32812500e+00
 1.45312500e+01 9.84375000e+00 6.53906250e+00 6.81029633e-09
 8.55070539e-08 8.91406250e+00 3.48242188e+00 9.22656250e+00
 1.29584805e-08 8.98694452e-11 8.60891305e-08 1.96562500e+01
 6.45703125e+00 1.71289062e+00 1.65625000e+00 2.31835938e+00
 8.14843750e+00 7.48046875e-01 8.96875000e+00 9.34082031e-01
 4.92968750e+00 7.07031250e-01 2.31640625e+00 1.35312500e+01
 2.00781250e+00 1.40000000e+01 1.18750000e+01 3.07812500e+00
 5.93359375e+00 1.38085938e+00 7.14453125e+00 4.48046875e+00
 1.20156250e+01 1.87402344e+00 2.86036084e-10 4.55468750e+00
 4.54296875e+00 2.07656250e+01 5.20324707e-02 1.41328125e+01
 3.88671875e+00 1.06347656e+00 5.86328125e+00 9.58593750e+00
 3.12500000e-01 3.43359375e+00 2.22031250e+01 1.85625000e+01
 8.56933594e-01 2.44531250e+00 4.55884219e-11 1.25546875e+01
 1.92382812e+00 3.89160156e-01 4.26953125e+00 5.08300781e-01
 8.64062500e+00 7.38671875e+00 3.04492188e+00 1.38046875e+01
 6.81250000e+00 5.53939117e-11 4.52734375e+00 2.89306641e-01
 2.49877930e-01 3.09455572e-10 2.00937500e+01 1.30546875e+01
 1.16074261e-10 5.16796875e+00 3.14453125e+00 1.30390625e+01
 9.44531250e+00 7.29414751e-09 1.43945312e+00 4.23828125e+00
 2.09716797e-01 8.39355469e-01 5.44531250e+00 5.13281250e+00
 1.99023438e+00 4.97265625e+00 3.32355499e-04 3.71875000e+00
 2.88196134e-11 5.94921875e+00 1.12890625e+00 6.14062500e+00
 9.78125000e+00 1.29062500e+01 1.85058594e-01 1.77343750e+01
 4.56250000e+00 1.78125000e+00 2.38085938e+00 5.19921875e+00
 6.78125000e+00 3.23242188e+00 1.31328125e+01 8.15625000e+00
 3.92968750e+00 1.77812500e+01 6.87500000e-01 3.06054688e+00
 1.24218750e+00 2.78564453e-01 2.37109375e+00 2.52526888e-11
 3.47070312e+00 1.00878906e+00 7.09375000e+00 9.57031250e+00
 7.91015625e+00 5.65917969e-01 2.08125000e+01 1.20394361e-10
 3.44140625e+00 5.01171875e+00 1.06953125e+01 2.74804688e+00
 1.92500000e+01 1.11875000e+01 4.17187500e+00 4.95312500e+00
 6.44042969e-01 3.06640625e+00 1.70000000e+01 2.38085938e+00
 1.01699829e-02 6.02343750e+00 6.51171875e+00 7.75344233e-10
 4.31250000e+00 2.65625000e+00 2.68750000e+00 3.28906250e+00
 7.85546875e+00 6.16015625e+00 1.13828125e+01 2.56445312e+00
 1.21484375e+01 4.67968750e+00 8.71093750e+00 1.68750000e+00
 3.78515625e+00 3.74804688e+00 2.91992188e+00 2.87109375e-01
 1.50859375e+01 1.30546875e+01 5.62890625e+00 2.86328125e+00
 9.25979293e-11 4.12109375e+00 1.21191406e+00 2.01718750e+01
 2.73046875e+00 3.53906250e+00 2.20625000e+01 2.25625000e+01
 1.43593750e+01 6.75390625e+00 1.30859375e-01 4.38671875e+00
 1.81718750e+01 3.50195312e+00 3.64257812e+00 1.12500000e+01
 6.35742188e-01 3.98046875e+00 1.84218750e+01 2.13281250e+00
 1.08046875e+01 8.33984375e-01 1.21093750e+01 5.01171875e+00
 1.43457031e+00 3.16015625e+00 1.41015625e+00 7.82489777e-04
 1.05781250e+01 1.17089844e+00 8.06250000e+00 1.47558594e+00
 9.03125000e+00 1.09453125e+01 1.37207031e+00 4.06250000e+00
 4.08984375e+00 6.27929688e-01 9.88281250e-01 1.89062500e+00
 1.05781250e+01 2.67089844e-01 1.20937500e+01 2.10156250e+00
 1.16640625e+01 1.85839844e+00 9.64843750e-01 3.83789062e-01
 2.53379540e-11 1.21582031e+00 8.76562500e+00 3.83984375e+00
 3.77929688e+00 3.38867188e+00 4.60693359e-01 2.34375000e+00
 2.12646484e-01 7.86328125e+00 4.58984375e+00 1.86132812e+00
 3.47070312e+00 1.39843750e+00 1.99531250e+01 1.02656250e+01
 2.45703125e+00 2.18750000e+00 1.52343750e+01 2.18437500e+01
 1.71679688e+00 1.29296875e+01 1.61406250e+01 1.62500000e+00
 3.42773438e+00 9.04687500e+00 3.75585938e+00 5.38671875e+00
 9.35074240e-11 1.20781250e+01 3.08398438e+00 9.09667969e-01
 4.38281250e+00 1.89359639e-12 9.61718750e+00 8.60156250e+00
 2.07226562e+00 1.25000000e+01 1.36132812e+00 5.12890625e+00
 1.49391610e-12 2.30468750e+00 7.03515625e+00 2.83007812e+00
 5.85546875e+00 3.77895049e-10 1.04062500e+01 7.03125000e+00
 1.14375000e+01 3.72070312e+00 6.66503906e-02 3.39062500e+00
 2.94726562e+00 1.78348273e-07 9.94628906e-01 1.29140625e+01
 2.86523438e+00 3.57545105e-11 1.72558594e+00 6.88281250e+00
 5.62053174e-07 9.42382812e-02 1.61875000e+01 3.47460938e+00
 9.44335938e-01 6.68750000e+00 3.66601562e+00 1.55566406e+00
 3.83593750e+00 3.80896381e-09 5.23527888e-11 5.93900040e-10
 6.97753906e-01 4.39453125e+00 6.37500000e+00 4.78125000e+00
 5.85937500e+00 3.18359375e+00 8.03125000e+00 1.56152344e+00
 1.19506836e-01 5.91406250e+00 9.47656250e+00 1.70800781e+00
 1.31796875e+01 6.57421875e+00 7.86621094e-01 1.76250000e+01
 2.24609375e+00 7.17578125e+00 6.23535156e-01 7.02734375e+00
 2.08007812e+00 9.34375000e+00 4.27343750e+00 1.90084393e-09
 2.30859375e+00 3.97656250e+00 2.10546875e+00 5.01562500e+00
 3.02539062e+00 3.81054688e+00 1.93945312e+00 1.15078125e+01
 2.82226562e+00 8.86230469e-01 1.61875000e+01 1.12812500e+01
 3.40429688e+00 1.55234375e+01 8.93750000e+00 1.05468750e+01
 8.88281250e+00 5.21484375e+00 1.63437500e+01 2.16406250e+01
 1.03359375e+01 1.40136719e+00 1.69726562e+00 1.51093750e+01
 1.52265625e+01 1.37968750e+01 1.32149580e-09 1.52539062e+00
 4.00781250e+00 2.48242188e+00 3.74023438e-01 5.40733337e-04
 1.62812500e+01 2.00781250e+00 9.42187500e+00 4.47265625e+00
 1.64355469e+00 5.83203125e+00 9.34375000e+00 2.79669621e-10
 1.85877980e-11 7.91796875e+00 1.01875000e+01 3.70898438e+00
 7.23828125e+00 1.57797331e-10 8.71875000e+00 7.04345703e-02
 1.16992188e+00 3.30859375e+00 7.48828125e+00 6.18750000e+00
 3.62342689e-09 1.02539062e+00 8.89062500e+00 1.47753906e+00
 1.82031250e+01 2.16674805e-01 2.44726562e+00 1.87500000e+01
 1.75878906e+00 8.91601562e-01 3.15429688e+00 2.92578125e+00
 2.20703125e+00 6.48014975e-10 9.33593750e-01 8.77929688e-01
 2.65820312e+00 4.27490234e-01 1.17665877e-10 1.27734375e+00
 7.41015625e+00 4.46533203e-01 1.78906250e+01 1.39765625e+01
 2.14531250e+01 1.41875000e+01 9.89843750e+00 1.29921875e+01
 2.80468750e+00 5.12890625e+00 9.20898438e-01 1.74225079e-11
 1.78750000e+01 2.66015625e+00 1.06869265e-07 1.23125000e+01
 1.12109375e+00 2.74414062e+00 3.62109375e+00 3.00701686e-11
 5.16357422e-02 7.68066406e-01 9.72656250e+00 2.45989895e-11
 2.42578125e+00 1.90425453e-10 8.58398438e-01 8.28906250e+00
 3.65078449e-06 2.08007812e+00 1.69921875e+00 2.82421875e+00
 3.88281250e+00 2.05000000e+01 4.04440925e-11 1.99316406e+00
 5.46484375e+00 1.10000000e+01 8.02246094e-01 9.57812500e+00
 8.08593750e-01 5.66894531e-01 1.14843750e+00 2.08274287e-10
 2.94531250e+00 1.62500000e+01 6.33984375e+00 2.36923370e-10
 1.60156250e+01 6.96745701e-08 3.61523438e+00 2.50390625e+00
 1.17578125e+01 1.46796875e+01 2.25195312e+00 2.54296875e+00
 3.03710938e+00 7.34375000e-01 1.15722656e+00 9.87792969e-01
 6.03904482e-10 9.57812500e+00 1.84081728e-08 9.13085938e-01
 1.53515625e+01 1.60000000e+01 7.24609375e+00 1.16093750e+01
 2.35937500e+00 1.41250000e+01 3.77343750e+00 2.53515625e+00
 4.75781250e+00 1.15859375e+01 4.09375000e+00 9.10156250e+00
 2.13085938e+00 2.37890625e+00 1.17421875e+01 7.35937500e+00
 1.45390625e+01 3.14257812e+00 2.87109375e-01 7.08496094e-01
 4.27343750e+00 8.35449219e-01 7.62109375e+00 1.11093750e+01
 6.57031250e+00 1.38476562e+00 8.60937500e+00 9.97656250e+00
 4.54687500e+00 4.69921875e+00 7.86621094e-01 2.30468750e+01
 1.78260962e-08 2.40722656e-01 1.87187500e+01 9.46875000e+00
 3.96875000e+00 6.41113281e-01 9.75000000e+00 4.11376953e-01
 1.00781250e+01 8.45312500e+00 1.04218750e+01 1.08691406e+00
 1.67812500e+01 1.00546875e+01 3.97851562e+00 2.25384156e-11
 8.90625000e+00 1.57265625e+01 4.98548616e-08 1.41718750e+01
 2.85400391e-01 3.25781250e+00 2.41992188e+00 2.83080226e-11
 7.22656250e-01 6.28125000e+00 2.08750000e+01 4.69531250e+00
 4.71875000e+00 3.15625000e+00 1.31640625e+01 9.34116542e-07
 1.06875000e+01 5.69531250e+00 6.83030521e-10 2.14375000e+01
 1.09531250e+01 1.06171875e+01 9.26562500e+00 2.35742188e+00
 9.72656250e+00 7.10449219e-01 1.38671875e-01 2.47609933e-10
 5.82421875e+00 8.61177796e-11 1.47363281e+00 4.34112549e-03
 3.53320312e+00 1.98364258e-01 7.22265625e+00 5.88671875e+00
 1.39218750e+01 4.46093750e+00 1.19453125e+01 1.56562500e+01
 7.94921875e+00 1.49384505e-10 4.39062500e+00 5.91308594e-01
 1.68750000e+01 2.64453125e+00 1.19628906e+00 1.75625000e+01
 1.52421875e+01 7.14843750e+00 1.01464844e+00 4.91796875e+00
 9.08593750e+00 5.23437500e-01 2.91992188e-01 1.07812500e+01
 1.42968750e+01 1.23359375e+01 6.46484375e+00 4.44742909e-10
 9.33593750e-01 5.37500000e+00 1.33203125e+00 1.54199219e+00
 5.06190645e-11 5.05078125e+00 4.52734375e+00 5.17187500e+00
 3.19335938e+00 3.12744141e-01 9.73437500e+00 6.52343750e+00
 5.30761719e-01 6.94140625e+00 4.13671875e+00 2.24218750e+01
 3.10937500e+00 8.90625000e+00 1.54687500e+01 1.20078125e+01
 4.77600098e-02 6.94140625e+00 4.56640625e+00 6.66992188e-01
 2.10546875e+00 9.10156250e+00 1.84627424e-10 6.96484375e+00
 2.48437500e+00 3.69628906e-01 8.63281250e+00 2.61718750e+00
 1.56015625e+01 5.85714588e-10 2.94433594e-01 8.45312500e+00
 2.88671875e+00 1.91210938e+00 7.22265625e+00 8.42968750e+00
 9.04687500e+00 9.47011358e-11 1.44609375e+01 6.12890625e+00
 2.31445312e+00 8.12292456e-11 6.03449735e-10 5.00488281e-01
 1.05703125e+01 4.39843750e+00 5.41796875e+00 3.48518370e-09
 1.52636719e+00 6.22265625e+00 1.97815098e-11 3.55273438e+00
 3.67872417e-08 1.87901605e-09 1.16113281e+00 1.39941406e+00
 1.60525815e-10 7.88281250e+00 4.83169060e-11 9.20410156e-01
 6.00516796e-06 1.18593750e+01 7.58984375e+00 5.69571057e-11
 1.83007812e+00 2.00317383e-01 7.55859375e+00 1.05273438e+00
 9.98437500e+00 2.04687500e+01 7.34375000e+00 5.32031250e+00
 1.18984375e+01 3.15625000e+00 1.54394531e+00 8.85937500e+00
 1.00781250e+00 5.92535798e-10 4.36328125e+00 3.75585938e+00
 5.05078125e+00 2.88281250e+00 5.76960701e-11 8.28125000e+00
 5.94921875e+00 4.44140625e+00 8.80859375e-01 8.38867188e-01
 2.23593750e+01 5.90332031e-01 2.76953125e+00 3.47265625e+00
 5.13864507e-10 7.04296875e+00 7.08593750e+00 2.34570312e+00
 1.51718750e+01 4.35546875e+00 1.85156250e+00 1.91406250e+00
 7.22045898e-02 1.39218750e+01 9.32031250e+00 3.43359375e+00
 6.69140625e+00 2.13437500e+01 6.00097656e-01 6.38671875e+00
 8.85937500e+00 2.19843750e+01 1.18847656e+00 5.13580289e-11
 1.55371094e+00 3.91210938e+00 1.46371804e-11 9.50683594e-01
 2.04101562e+00 2.69726562e+00 2.98046875e+00 9.97033567e-11
 5.00390625e+00 1.17324817e-10 4.36328125e+00 2.26093750e+01
 1.01367188e+00 8.57031250e+00 1.09453125e+01 1.77656250e+01
 6.48370246e-12 1.58203125e+00 4.35546875e+00 2.77168510e-10
 9.04687500e+00 6.20703125e+00 3.92382812e+00 4.69921875e+00
 5.87500000e+00 1.78593750e+01 5.30468750e+00 9.49218750e+00
 1.92382812e+00 1.33150024e-09 3.08209565e-08 1.40429688e+00
 7.84765625e+00 8.35156250e+00 9.10937500e+00 7.26953125e+00
 1.18261719e+00 1.58569336e-01 2.77148438e+00 1.46250000e+01
 3.88354238e-10 7.05859375e+00 1.28352440e-10 1.77812500e+01
 8.14843750e+00 4.69921875e+00 8.16406250e+00 9.40417522e-10
 3.97656250e+00 1.63378906e+00 1.66406250e+01 2.09894324e-11
 1.52734375e+00 3.31542969e-01 1.38356882e-10 1.03906250e+01
 4.52734375e+00 1.44062500e+01 4.76953125e+00 3.99414062e+00
 1.20312500e+01 1.40078125e+01 1.45156250e+01 4.32861328e-01
 7.08984375e+00 1.17343750e+01 1.48046875e+01 3.83124643e-11
 3.85351562e+00 1.60156250e-01 2.16992188e+00 2.67773438e+00
 8.93066406e-01 1.74964043e-10 7.93750000e+00 2.28320312e+00
 9.21093750e+00 2.77343750e+00 1.53828125e+01 8.62500000e+00
 1.31484375e+01 9.36718750e+00 4.82421875e+00 6.02734375e+00
 5.33759703e-11 7.81640625e+00 2.81250000e+00 1.08906250e+01
 1.66015625e+00 1.07421875e+01 7.37890625e+00 2.01953125e+00
 1.07812500e+01 6.53906250e+00 1.62597656e+00 1.44531250e+01
 6.57031250e+00 3.44335938e+00 5.07421875e+00 3.04492188e+00
 3.92773438e+00 8.35370884e-10 7.87109375e-01 1.17578125e+00
 4.04687500e+00 1.24941835e-10 5.97265625e+00 8.43750000e+00
 8.05468750e+00 2.05062634e-11 3.32420313e-10 2.27968750e+01
 2.27172852e-01 6.88671875e+00 1.64746094e+00 2.39651854e-10
 3.64648438e+00 5.80859375e+00 4.95312500e+00 6.00834937e-11
 4.32812500e+00 1.93261719e+00 7.64843750e+00 8.53125000e+00
 6.91015625e+00 2.14453125e+00 2.61914062e+00 1.15937500e+01
 1.81250000e+01 1.39550781e+00 2.11406250e+01 6.13671875e+00
 1.35351562e+00 1.27539062e+00 4.50390625e+00 1.95117188e+00
 1.75195312e+00 6.74316406e-01 1.58886719e+00 1.03222656e+00
 4.29687500e-01 1.78488335e-11 1.44041223e-10 7.64453125e+00
 5.60546875e+00 7.90625000e+00 4.60147476e-11 1.15676357e-10
 6.56738281e-01 5.22460938e-01 2.06875000e+01 4.04687500e+00
 3.42578125e+00 8.80859375e-01 6.86328125e+00 1.05468750e+00
 5.68750000e+00 5.60937500e+00 3.05664062e+00 1.76757812e-01
 5.21875000e+00 4.70312500e+00 5.92968750e+00 5.14062500e+00
 1.58935547e-01 2.25554686e-09 1.12596899e-06 7.26074219e-01
 1.30398803e-10 2.72460938e+00 4.77029971e-10 1.78281250e+01
 4.30859375e+00 4.07031250e+00 1.89531250e+01 1.00000000e+01
 5.48046875e+00 3.99804688e+00 3.84179688e+00 2.12812500e+01
 6.48437500e+00 5.50000000e+00 4.74121094e-01 2.08906250e+01
 1.75156250e+01 4.34765625e+00 8.73535156e-01 7.55859375e+00
 4.74218750e+00 1.90332031e+00 6.05468750e-01 2.81579560e-09
 1.58496094e+00 1.82500000e+01 5.22949219e-01 7.03906250e+00
 1.50180313e-10 1.49531250e+01 2.25585938e+00 4.62500000e+00
 1.82353688e-10 5.27343750e+00 1.16756382e-10 5.48046875e+00
 1.28051758e-01 3.57421875e+00 7.69140625e+00 6.09863281e-01
 9.58496094e-01 9.11718750e+00 1.41875000e+01 1.26953125e+00
 2.10156250e+00 3.97851562e+00 1.88593750e+01 8.11718750e+00
 1.29589844e+00 5.38281250e+00 7.60546875e+00 9.14062500e+00
 1.01484375e+01 2.37109375e+00 8.71582031e-01 1.87890625e+00
 2.11328125e+00 1.65312500e+01 9.40625000e+00 1.78281250e+01
 3.54492188e+00 7.23144531e-01 9.85455699e-08 1.11875000e+01
 1.63281250e+00 6.15234375e+00 1.27031250e+01 2.79687500e+00
 7.26953125e+00 2.63526090e-10 1.91406250e+00 9.17968750e+00
 2.62304688e+00 9.74978320e-10 6.38671875e+00 6.37783160e-11
 4.00390625e+00 6.87805368e-11 2.37426758e-01 3.07238679e-11
 1.89843750e+01 4.27343750e+00 3.65625000e+00 5.64843750e+00
 1.21640625e+01 2.61718750e+00 5.29296875e+00 1.59140625e+01
 7.49218750e+00 4.85937500e+00 9.57031250e+00 6.91894531e-01
 3.97656250e+00 1.03417969e+00 1.85351562e+00 7.40234375e+00
 9.82812500e+00 2.85937500e+00 2.11132812e+00 2.62451172e-01
 1.62890625e+00 2.02539062e+00 1.70781250e+01 4.88671875e+00
 8.17871094e-01 2.98583984e-01 3.43902684e-11 1.65234375e+00
 3.77343750e+00 7.07031250e+00 1.41153578e-09 7.57031250e+00
 6.63281250e+00 3.21875000e+00 2.29296875e+00 7.68359375e+00
 4.21875000e+00 2.99414062e+00 1.37968750e+01 3.20507812e+00
 2.55273438e+00 9.59472656e-01 1.17968750e+01 4.14453125e+00
 1.40625000e+00 1.61406250e+01 2.31250000e+01 8.55468750e+00
 2.03783657e-11 3.06445312e+00 6.04492188e-01 2.25341797e-01
 2.30078125e+00 2.32539605e-08 1.27890625e+01 4.65625000e+00
 3.47460938e+00 2.39062500e+00 1.33398438e+00 2.79101562e+00
 7.03515625e+00 1.90136719e+00 1.62207031e+00 5.64843750e+00
 1.50683594e+00 9.07812500e+00 2.81943358e-10 3.79941412e-10
 2.02135197e-10 9.15625000e+00 3.31726074e-02 7.42968750e+00
 2.71211320e-09 8.42187500e+00 1.42968750e+01 1.15136719e+00
 4.41015625e+00 5.78515625e+00 5.82519531e-01 2.17041016e-01
 1.17248535e-01 3.17968750e+00 7.33593750e+00 2.16562500e+01
 7.80468750e+00 6.35937500e+00 1.58359375e+01 1.28203125e+01
 1.62500000e+00 5.23046875e+00 1.06875000e+01 9.61718750e+00
 2.19921875e+00 3.30859375e+00 1.08828125e+01 5.65625000e+00
 9.73437500e+00 2.20507812e+00 7.97265625e+00 1.12995622e-08
 3.70117188e-01 1.55468750e+00 1.57812500e+01 5.68750000e+00
 1.83398438e+00 9.08593750e+00 8.02343750e+00 1.96450856e-10
 5.12109375e+00 1.83886719e+00 2.46679688e+00 7.66015625e+00
 1.48671875e+01 1.73798753e-11 7.77832031e-01 1.82031250e+01
 2.91015625e+00 3.49218750e+00 1.11796875e+01 5.00390625e+00
 2.62500000e+00 1.36816406e+00 2.56640625e+00 1.56015625e+01
 3.19921875e+00 6.34765625e+00 4.87500000e+00 9.05468750e+00
 6.38671875e+00 1.02929688e+00 1.26988198e-10 2.86523438e+00
 1.45234375e+01 1.03455022e-10 4.54687500e+00 1.29609375e+01
 9.88281250e+00 7.05078125e+00 5.22265625e+00 6.05078125e+00
 1.58046875e+01 3.36914062e+00 6.15234375e+00 1.25965016e-10
 8.14843750e+00 4.60937500e+00 9.05990601e-04 1.84687500e+01
 1.23046875e+00 5.34667969e-01 2.90820312e+00 5.85546875e+00
 5.27343750e-01 9.32812500e+00 2.41796875e+00 7.54296875e+00
 3.27929688e+00 7.46875000e+00 1.50390625e+01 9.28125000e+00
 2.74804688e+00 3.14453125e+00 9.28906250e+00 8.48437500e+00
 1.56035185e-11 9.50781250e+00 4.29296875e+00 9.19531250e+00
 2.22265625e+00 5.87500000e+00 7.42187500e+00 3.41796875e+00
 7.11718750e+00 4.45703125e+00 5.12890625e+00 1.72187500e+01
 6.07812500e+00 2.23828125e+00 3.48144531e-01 2.41796875e+00
 4.20312500e+00 1.14296875e+01 6.00390625e+00 8.69140625e-01
 3.17868398e-10 1.12421875e+01 3.26171875e+00 1.36875000e+01
 2.71875000e+00 3.46093750e+00 4.67187500e+00 1.09570312e+00
 1.69921875e+00 4.32812500e+00 1.19335938e+00 3.84765625e+00
 1.97070312e+00 4.32373047e-01 1.78593750e+01 8.89062500e+00
 4.14453125e+00 9.49218750e+00 9.98437500e+00 9.74218750e+00
 1.18437500e+01 1.54375000e+01 3.86523438e+00 7.43359375e+00
 8.07031250e+00 4.79003906e-01 1.71875000e+01 9.52343750e+00
 1.53203125e+01 2.34570312e+00 7.22265625e+00 6.83593750e+00
 4.77343750e+00 9.39062500e+00 1.35312500e+01 3.20312500e-01
 1.54614099e-10 6.94921875e+00 2.76953125e+00 1.02539062e+00
 3.78906250e-01 4.80859375e+00 6.82031250e+00 4.26780389e-10
 7.75781250e+00 6.42187500e+00 8.69140625e-01 1.50585938e+00
 9.65625000e+00 7.33593750e+00 1.64062500e+01 2.15663931e-10
 8.20312500e+00 1.81250000e+00 7.62500000e+00 1.66037353e-08
 4.12500000e+00 4.20312500e+00 4.77734375e+00 6.86718750e+00
 3.06396484e-01 1.73593750e+01 4.04687500e+00 9.14843750e+00
 9.74218750e+00 8.53271484e-02 1.21328125e+01 1.16718750e+01
 4.06738281e-01 1.92500000e+01 1.66562500e+01 3.56250000e+00
 5.16990895e-11 9.52343750e+00 4.31250000e+00 1.71562500e+01
 1.55312500e+01 5.89843750e+00 4.30468750e+00 1.37265625e+01
 7.35546875e+00 1.34696165e-09 1.34765625e+01 5.74218750e+00
 9.13085938e-01 5.85937500e+00 1.01863407e-10 6.80468750e+00
 1.78515625e+00 1.63281250e+01 2.15429688e+00 4.29736247e-10
 6.82812500e+00 7.35839844e-01 2.51757812e+00 9.07812500e+00
 8.73437500e+00 1.11685949e-08 1.76250000e+01 7.40234375e+00
 1.16113281e+00 1.00625000e+01 9.48437500e+00 4.94921875e+00
 1.12109375e+00 1.20239258e-01 1.03203125e+01 2.77148438e+00
 3.36718750e+00 8.27343750e+00 5.60248736e-09 6.76171875e+00
 8.79936124e-10 1.35625000e+01 1.26796875e+01 1.34765625e+00
 1.84687500e+01 9.84497070e-02 5.59375000e+00 6.97753906e-01
 6.52343750e+00 3.36132812e+00 8.77343750e+00 1.54062500e+01
 2.93164062e+00 6.39453125e+00 1.18554688e+00 3.25390625e+00
 2.19218750e+01 6.69921875e+00 1.14355469e+00 8.89062500e+00
 3.21289062e-01 7.82421875e+00 1.53613281e+00 8.57031250e+00
 4.90625000e+00 1.53671875e+01 2.08750000e+01 1.12578125e+01
 1.11425781e+00 2.08593750e+00 1.86230469e+00 5.49218750e+00
 4.08593750e+00 7.21875000e+00 1.21777344e+00 7.50000000e+00
 9.69531250e+00 7.48046875e+00 6.39843750e+00 2.36184405e-11
 2.10889084e-11 2.01794137e-12 5.82031250e+00 1.56250000e+01
 5.54687500e+00 3.05273438e+00 9.18750000e+00 7.41699219e-01
 2.28320312e+00 3.53125000e+00 8.93750000e+00 1.61719527e-11
 1.32276909e-08 3.96484375e+00 6.88281250e+00 1.03125000e+01
 6.20703125e+00 1.39218750e+01 1.02968750e+01 7.89453125e+00
 5.77347237e-09 2.50781250e+00 2.41088867e-01 4.93359375e+00
 3.55712891e-01 1.58886719e+00 4.25757207e-11 4.14388523e-11
 7.81250000e-01 8.78799256e-11 2.40625000e+00 1.37656250e+01
 1.37402344e+00 1.13906250e+01 4.98828125e+00 6.89941406e-01
 1.06751941e-10 9.80957031e-01 2.66796875e+00 1.85644531e+00
 1.13281250e+01 7.32711669e-11 1.21171875e+01 4.10977918e-11
 1.30566406e+00 1.58984375e+01 3.78125000e+00 1.96972656e+00
 9.58380042e-11 3.77734375e+00 1.05000000e+01 1.70156250e+01
 2.22851562e+00 4.58984375e+00 1.76250000e+01 4.45312500e+00
 3.78906250e+00 1.56835938e+00 6.43750000e+00 6.91015625e+00
 7.92480469e-01 1.53320312e+00 5.30859375e+00 5.71484375e+00
 1.61621094e+00 9.31904651e-08 2.74810791e-02 3.16992188e+00
 2.39648438e+00 1.86914062e+00 1.19765625e+01 1.21171875e+01
 7.92788342e-08 2.46124268e-02 2.28320312e+00 1.84375000e+00
 6.12109375e+00 9.05468750e+00 2.79882812e+00 6.54296875e-02
 6.84765625e+00 8.11724021e-11 2.73939804e-09 3.86718750e+00
 1.63085938e+00 6.03125000e+00 6.40234375e+00 4.68994141e-01
 4.77050781e-01 6.48437500e+00 4.47265625e+00 1.82519531e+00
 6.61718750e+00 5.80859375e+00 2.04531250e+01 8.96875000e+00
 1.69375000e+01 9.18457031e-01 7.28515625e+00 6.39062500e+00
 6.13671875e+00 4.47656250e+00 9.67773438e-01 1.12265625e+01
 1.30371094e+00 7.44921875e+00 4.12399004e-11 9.12597656e-01
 1.32265625e+01 3.93359375e+00 1.10058594e+00 5.25781250e+00
 2.97851562e+00 1.03593750e+01 8.91601562e-01 1.81807991e-09
 1.12695312e+00 1.27968750e+01 6.96289062e-01 1.15703125e+01
 3.06640625e+00 1.31933594e+00 1.21250000e+01 9.88281250e-01
 7.71972656e-01 2.80468750e+00 2.71143108e-11 1.66093750e+01
 3.73535156e-01 8.46966941e-11 2.61132812e+00 4.10156250e+00
 5.62500000e+00 1.59179688e+00 9.30664062e-01 4.91699219e-01
 3.49302809e-11 1.47265625e+01 6.87805368e-11 1.77441406e+00
 6.96484375e+00 1.58569336e-01 1.06250000e+01 4.58021532e-09
 9.19531250e+00 1.68750000e+01 7.10156250e+00 8.99218750e+00
 6.08984375e+00 1.05390625e+01 6.75390625e+00 7.31811523e-02
 1.12421875e+01 1.28593750e+01 1.37187500e+01 7.51953125e+00
 1.46328125e+01 4.39115411e-12 3.66601562e+00 3.57617188e+00
 3.80468750e+00 1.40820312e+00 1.59140625e+01 1.22578125e+01
 1.32656250e+01 1.41015625e+00 1.34765625e+00 4.27343750e+00
 1.31347656e+00 1.02561899e-07 5.82421875e+00 2.19335938e+00
 2.87304688e+00 3.29589844e-01 1.49121094e+00 4.83203125e+00
 1.82031250e+01 2.08740234e-01 2.78851076e-09 2.12500000e+00
 1.95507812e+00 5.40234375e+00 1.89257812e+00 6.03515625e+00
 1.16015625e+01 3.91796875e+00 1.14296875e+01 5.50812729e-11
 1.69843750e+01 1.02500000e+01 2.54203769e-10 1.34531250e+01
 1.20489858e-08 2.30102160e-10 5.28125000e+00 1.48632812e+00
 1.62890625e+00 1.68256520e-10 1.17097443e-10 1.86562500e+01
 4.25390625e+00 2.85546875e+00 2.75781250e+00 2.17773438e+00
 7.05859375e+00 3.25976562e+00 3.46484375e+00 1.70468750e+01
 1.95468750e+01 3.09960938e+00 2.20156250e+01 4.03125000e+00
 6.25000000e+00 2.02031250e+01 1.40000000e+01 3.97460938e+00
 2.71484375e+00 1.09375000e+01 1.47615253e-12 7.14843750e+00
 4.38303687e-08 2.54101562e+00 3.21679688e+00 9.54101562e-01
 1.17968750e+00 1.07109375e+01 9.09375000e+00 5.68359375e+00
 1.33300781e+00 7.46093750e+00 1.61250000e+01 5.00781250e+00
 4.09765625e+00 1.62343750e+01 1.20507812e+00 2.73843170e-11
 5.79687500e+00 2.04882812e+00 4.67773438e-01 1.52908797e-10
 2.28515625e+00 1.63769531e+00 3.22460938e+00 9.65820312e-01
 5.26171875e+00 1.09082031e+00 1.67187500e+01 2.39843750e+00
 1.02812500e+01 6.73437500e+00 2.07031250e+01 1.93906250e+01
 1.93457031e+00 1.01796875e+01 3.42843123e-08 4.96875000e+00
 2.34619141e-01 4.58203125e+00 7.63281250e+00 3.79882812e+00
 1.48144531e+00 1.15859375e+01 9.44824219e-01 1.40527344e+00
 2.78125000e+00 5.79687500e+00 3.28710938e+00 1.16875000e+01
 2.29101562e+00 1.00646973e-01 8.68750000e+00 5.60546875e-01
 1.72265625e+00 8.47656250e+00 2.30078125e+00 1.01171875e+01
 3.53710938e+00 3.14453125e+00 9.82812500e+00 8.82812500e-01
 5.34375000e+00 1.09609375e+01 5.51562500e+00 1.61093750e+01
 1.12109375e+01 4.31884766e-01 5.49218750e+00 6.90234375e+00
 1.56372070e-01 1.01093750e+01 1.17265625e+01 1.26015625e+01
 3.48632812e+00 2.12695312e+00 5.92968750e+00 1.27031250e+01
 1.32265625e+01 6.25781250e+00 3.64648438e+00 2.35937500e+00
 1.07421875e-01 2.20312500e+00 2.12695312e+00 7.52734375e+00
 7.37109375e+00 1.66562500e+01 2.20156250e+01 1.71875000e-01
 1.19218750e+01 5.59375000e+00 3.87109375e+00 3.85937500e+00
 5.45703125e+00 9.58496094e-01 4.01171875e+00 5.67871094e-01
 1.50180313e-10 7.18359375e+00 1.33398438e+00 1.36621094e+00
 1.20156250e+01 5.02343750e+00 4.40282747e-07 3.55859375e+00
 9.92968750e+00 5.84375000e+00 1.41250000e+01 8.76752893e-09
 5.77148438e-01 1.42773438e+00 6.10937500e+00 7.33962224e-10
 9.11718750e+00 1.08359375e+01 6.13281250e+00 3.30664062e+00
 1.97031250e+01 1.38769531e+00 5.69140625e+00 4.82421875e+00
 4.87890625e+00 2.27031250e+01 1.06875000e+01 8.98437500e+00
 5.00781250e+00 4.89843750e+00 1.20703125e+01 1.52908797e-11
 2.69287109e-01 1.46562500e+01 3.77440301e-11 5.11718750e+00
 5.85546875e+00 1.43927537e-10 2.41699219e-02 1.37265625e+01
 5.22265625e+00 7.13671875e+00 3.33007812e+00 1.51718750e+01
 6.17187500e+00 1.00312500e+01 5.44140625e+00 1.69218750e+01
 1.62304688e+00 1.09960938e+00 1.29140625e+01 3.46062734e-10
 9.42382812e-01 9.52343750e+00 6.99218750e+00 9.04378794e-11
 1.12011719e+00 1.57226562e+00 8.54687500e+00 3.34960938e-01
 1.97265625e+00 1.17031250e+01 1.95605469e+00 7.49609375e+00
 1.41562500e+01 5.21875000e+00 2.76367188e+00 7.28125000e+00
 2.36610731e-11 1.32128906e+00 6.88281250e+00 4.37011719e-01
 2.71029421e-10 1.54921875e+01 8.15625000e+00 1.43164062e+00
 4.16406250e+00 1.10937500e+01 3.06396484e-01 5.69921875e+00
 6.86328125e+00 7.34765625e+00 5.49218750e+00 1.84218750e+01
 3.39648438e+00 4.50390625e+00 9.48242188e-01 1.60781250e+01
 1.81093750e+01 2.33376340e-09 6.62109375e+00 4.61718750e+00
 3.81591797e-01 1.00156250e+01 6.69047040e-11 2.26171875e+00
 2.06562500e+01 4.40234375e+00 9.46093750e+00 5.68359375e+00
 1.19873047e-01 3.56640625e+00 3.94335938e+00 4.78515625e+00
 2.82031250e+00 1.64062500e+01 6.50781250e+00 1.53671875e+01
 2.94726562e+00 1.77031250e+01 7.52734375e+00 1.33007812e+00
 5.81250000e+00 1.07656250e+01 3.17968750e+00 2.79811729e-11
 4.49609375e+00 2.20312500e+00 1.28046875e+01 1.74687500e+01
 2.63183594e-01 1.37011719e+00 2.07656250e+01 2.01562500e+01
 4.04296875e+00 2.13281250e+00 3.05419922e-01 2.25781250e+00
 6.00000000e+00 3.37890625e+00 5.26562500e+00 1.10000000e+01
 3.44140625e+00 4.23828125e+00 2.15039062e+00 1.34843750e+01
 3.16796875e+00 5.98828125e+00 1.44375000e+01 8.13281250e+00
 4.84619141e-02 1.14218750e+01 1.36250000e+01 4.85937500e+00
 1.55390625e+01 2.30781250e+01 7.39453125e+00 1.65039062e+00
 8.03765943e-11 4.80468750e+00 5.51757812e-01 2.45898438e+00
 8.57031250e+00 3.62695312e+00 5.66069502e-09 9.91349225e-11
 4.04296875e+00 1.10742188e+00 5.96484375e+00 1.49687500e+01
 2.23906250e+01 1.58203125e+00 4.37109375e+00 4.61425781e-01
 8.67187500e+00 7.26171875e+00 8.65234375e-01 1.73281250e+01
 8.66406250e+00 1.49218750e+01 4.94765118e-10 4.21875000e+00
 1.21875000e+01 9.94628906e-01 1.26640625e+01 5.33984375e+00
 1.63671875e+00 9.12696123e-07 5.89453125e+00 9.67968750e+00
 3.19726562e+00 1.14141585e-10 1.79170456e-10 2.14375000e+01
 8.07744982e-11 2.14531250e+01 1.29062500e+01 4.78515625e+00
 4.87890625e+00 8.12578946e-08 8.09375000e+00 1.81491487e-07
 4.16406250e+00 1.02734375e+01 2.04218750e+01 3.23154836e-11
 3.81640625e+00 1.87597656e+00 8.18545232e-10 1.62500000e+01
 4.42187500e+00 9.81250000e+00 2.89583113e-08 5.53125000e+00
 1.63593750e+01 4.03125000e+00 5.61718750e+00 6.36718750e+00
 1.84531250e+01 1.42578125e+01 2.55468750e+00 1.01796875e+01
 6.19921875e+00 4.93750000e+00 1.11718750e+01 5.56250000e+00
 2.61328125e+00 5.52343750e+00 2.43164062e+00 4.78125000e+00
 7.29003906e-01 3.79296875e+00 5.25091082e-12 8.83346729e-11
 4.06250000e-01 1.92968750e+01 4.37890625e+00 2.12276063e-09
 1.00390625e+01 1.61816406e+00 2.27539062e-01 2.77734375e+00
 1.58179319e-08 2.13731255e-11 1.33828125e+01 3.00781250e+00
 8.64062500e+00 8.60937500e+00 1.44453125e+01 3.24804688e+00
 7.82421875e+00 2.08281250e+01 2.21875000e+00 7.96875000e+00
 1.28984375e+01 2.40625000e+00 1.20625000e+01 3.79150391e-01
 1.33496094e+00 7.41796875e+00 1.76875000e+01 8.77929688e-01
 3.14697266e-01 1.24218750e+01 6.00000000e+00 9.99218750e+00
 1.80156250e+01 1.12500000e+01 1.44140625e+00 4.97379915e-11
 1.16328125e+01 1.71386719e+00 5.14843750e+00 2.32812500e+00
 1.44609658e-10 6.75781250e+00 1.54980469e+00 7.00390625e+00
 1.32421875e+01 2.66601562e+00 1.59843750e+01 4.91406250e+00
 3.19335938e+00 4.34375000e+00 1.67968750e+00 7.41699219e-01
 5.21093750e+00 1.00625000e+01 1.25000000e+00 2.81005859e-01
 1.08855147e-11 9.63378906e-01 5.06591797e-03 6.09765625e+00
 7.10156250e+00 3.52539062e+00 1.09218750e+01 2.06057393e-11
 7.43164062e-01 3.13526982e-12 1.39609375e+01 4.34814453e-01
 4.44921875e+00 1.29261934e-10 1.74062500e+01 4.82421875e+00
 3.88867188e+00 6.19140625e+00 6.58203125e+00 6.73828125e+00
 7.89843750e+00 1.13593750e+01 3.28320312e+00 2.39843750e+00
 4.33203125e+00 1.26640625e+01 1.02421875e+01 1.48515625e+01
 9.85937500e+00 5.87760951e-11 1.63085938e+00 2.56640625e+00
 1.09472656e+00 7.46093750e+00 6.97764335e-09 1.92968750e+00
 2.45898438e+00 1.36515155e-09 6.41015625e+00 4.70703125e+00
 2.51367188e+00 2.72460938e+00 9.53906250e+00 3.18104867e-08
 1.69531250e+00 5.06640625e+00 1.07324219e+00 1.45078125e+01
 6.29296875e+00 8.22265625e-01 7.28906250e+00 4.91406250e+00
 4.10546875e+00 1.02109375e+01 2.37304688e-01 1.31484375e+01
 1.72894943e-09 6.13281250e+00 1.58281250e+01 4.48828125e+00
 5.22460938e-01 6.18164062e-01 2.39257812e+00 1.14042109e-11
 6.98046875e+00 1.05234375e+01 7.91796875e+00 1.69433594e+00
 5.24948973e-11 3.96289062e+00 1.07519531e+00 9.75781250e+00
 8.97656250e+00 4.57031250e+00 7.52734375e+00 7.33593750e+00
 9.17480469e-01 1.34960938e+00 3.48632812e+00 6.21875000e+00
 1.48125000e+01 1.72070312e+00 2.89453125e+00 6.28125000e+00
 1.22070312e+00 8.63281250e+00 1.45117188e+00 3.81054688e+00
 1.60839844e+00 6.83203125e+00 2.14477539e-01 1.65300662e-10
 3.19531250e+00 9.28125000e+00 5.43750000e+00 1.13437500e+01
 1.11015625e+01 6.12500000e+00 2.11132812e+00 1.20166987e-10
 9.96093750e+00 4.58374023e-02 5.02343750e+00 1.73242188e+00
 1.26760824e-10 7.36328125e+00 7.50000000e+00 1.45312500e+00
 2.94531250e+00 1.52812500e+01 2.37915039e-01 3.76953125e+00
 7.29296875e+00 6.15234375e+00 7.59375000e+00 1.50878906e+00
 1.84218750e+01 1.40546875e+01 8.89062500e+00 6.26464844e-01
 1.48803711e-01 3.27343750e+00 2.36328125e+00 1.12968750e+01
 1.00781250e+01 3.85156250e+00 1.58007812e+00 4.96875000e+00
 5.10546875e+00 2.00805664e-01 6.84570312e-01 1.33300781e+00
 4.71875000e+00 9.37500000e+00 2.97851562e+00 6.62109375e-01
 5.53222656e-01 8.21777344e-01 1.32656097e-03 4.76171875e+00
 2.35351562e+00 4.40368652e-02 7.08007812e-01 1.09179688e+00
 1.20312500e+00 3.76019216e-11 3.32812500e+00 4.50000000e+00
 3.09570312e+00 5.82812500e+00 1.48242188e+00 9.55468750e+00
 1.95625000e+01 4.30859375e+00 6.42578125e+00 3.04296875e+00
 1.74804688e+00 8.22183210e-09 2.27187500e+01 1.38574219e+00
 7.77343750e+00 1.12031250e+01 1.65000000e+01 1.56542969e+00
 5.22265625e+00 8.18999979e-10 3.59796104e-09 2.23437500e+00
 2.55511168e-11 5.18554688e-01 1.76406250e+01 3.93359375e+00
 1.87343750e+01 2.08593750e+01 4.70703125e+00 5.33984375e+00
 2.34179688e+00 3.17773438e+00 1.56093750e+01 1.30078125e+01
 1.59218750e+01 8.37500000e+00 1.70898438e+00 3.58203125e+00
 6.28125000e+00 2.48242188e+00 1.09863281e+00 2.56591797e-01
 1.48339844e+00 6.80078125e+00 1.31640625e+00 6.78906250e+00
 7.36718750e+00 1.66093750e+01 8.95019531e-01 6.96875000e+00
 7.45312500e+00 1.01484375e+01 1.26757812e+00 2.19726562e+00
 3.36207449e-07 3.79031917e-10 4.44140625e+00 1.12890625e+01
 2.67773438e+00 1.21093750e+00 6.25000000e+00 1.31640625e+00
 9.55468750e+00 9.56390522e-12 3.62060547e-01 2.40820312e+00
 7.77734375e+00 2.20117188e+00 2.09687500e+01 2.68359375e+00
 1.41562500e+01 3.05419922e-01 6.28125000e+00 3.65966797e-01
 9.39062500e+00 2.59277344e-01 8.87212082e-10 8.78906250e+00
 4.16406250e+00 8.67187500e+00 2.70117188e+00 2.13437500e+01
 1.94531250e+00 2.37695312e+00 6.87236934e-11 2.65885092e-11
 1.41601562e+00 1.89375000e+01 5.42968750e+00 3.04199219e-01
 3.38476562e+00 1.05937500e+01 6.22558594e-01 1.35878508e-09
 2.01875000e+01 7.83203125e+00 3.06835938e+00 1.22500000e+01
 3.85986328e-01 6.03515625e+00 2.72393663e-10 5.93750000e-01
 1.44062500e+01 7.19238281e-01 5.75000000e+00 6.01562500e+00
 4.26171875e+00 4.71093750e+00 1.59863281e+00 7.80468750e+00
 3.01953125e+00 4.93408203e-01 1.26237865e-08 8.65725269e-11
 2.11523438e+00 5.33984375e+00 3.41406250e+00 5.31640625e+00
 1.89218750e+01 3.23437500e+00 6.43359375e+00 5.54687500e+00
 1.04187012e-01 2.54821777e-02 1.36035156e+00 9.36035156e-01
 2.74902344e-01 2.94433594e-01 3.45898438e+00 6.60156250e+00
 4.54687500e+00 5.06250000e+00 1.16250000e+01 6.14062500e+00
 3.56054688e+00 4.92578125e+00 1.07538654e-08 4.41796875e+00
 8.62792969e-01 2.12158203e-01 5.89062500e+00 3.74609375e+00
 2.02562660e-08 8.12500000e+00 7.32812500e+00 2.71679688e+00
 8.57910156e-01 1.07890625e+01 1.81054688e+00 6.71484375e+00
 8.82031250e+00 6.82812500e+00 1.03750000e+01 1.64531250e+01
 3.08091330e-11 5.13183594e-01 2.21801758e-01 9.05468750e+00
 1.23828125e+01 1.29394531e-01 1.34667969e+00 1.02045306e-09
 8.71875000e+00 5.61328125e+00 5.61328125e+00 1.48437500e+01
 1.18359375e+01 1.97343750e+01 1.53704605e-10 8.67187500e-01
 6.23046875e+00 3.78125000e+00 1.03027344e+00 1.65234375e+00
 1.10468750e+01 4.44140625e+00 1.33203125e+01 3.68945312e+00
 9.55566406e-01 2.97859515e-10 8.91406250e+00 9.58593750e+00
 2.37109375e+00 4.74121094e-01 5.03906250e+00 6.78515625e+00
 3.82031250e+00 5.59375000e+00 6.85156250e+00 2.51367188e+00
 4.49462891e-01 2.76486389e-10 4.64843750e+00 1.44296875e+01
 7.55468750e+00 9.07031250e+00 1.58398438e+00 6.57812500e+00
 1.40625000e+01 9.67187500e+00 4.19140625e+00 6.07656148e-11
 1.07265625e+01 6.34277344e-01 1.11093750e+01 4.31725766e-11
 1.27734375e+01 7.29980469e-01 7.94531250e+00 9.63378906e-01
 5.34179688e-01 8.86718750e+00 2.25625000e+01 1.71386719e+00
 3.70507812e+00 1.27578125e+01 1.08125000e+01 6.06250000e+00
 2.34194886e-10 2.91796875e+00 1.80078125e+00 5.43359375e+00
 1.32500000e+01 3.36523438e+00 5.82804205e-09 1.33007812e+00
 3.29919203e-10 1.34179688e+00 1.54921875e+01 4.09727363e-10
 1.94375000e+01 1.34647848e-11 4.28515625e+00 2.06227924e-10
 6.08203125e+00 9.48437500e+00 2.20937500e+01 8.40625000e+00
 1.23339844e+00 1.75390625e+00 2.15468750e+01 2.01093750e+01
 2.96289062e+00 3.21875000e+00 1.28984375e+01 1.96718750e+01
 5.34765625e+00 1.95800781e+00 3.03771230e-09 6.87890625e+00
 1.69687500e+01 1.65937500e+01 1.74843750e+01 8.13964844e-01
 3.97265625e+00 1.06953125e+01 2.75573730e-02 2.14157581e-11
 7.67187500e+00 5.00390625e+00 1.27343750e+01 9.27246094e-01
 2.52929688e+00 7.37109375e+00 1.29394531e+00 9.63281250e+00
 5.11022336e-11 1.31640625e+00 6.71017915e-07 6.31250000e+00
 9.40429688e-01 2.37304688e+00 1.72363281e+00 7.65965069e-12
 9.73437500e+00 2.75976562e+00 4.09375000e+00 1.63476562e+00
 1.62187500e+01 3.02148438e+00 1.58398438e+00 1.76953125e+00
 1.10901510e-10 2.32226562e+00 1.22071242e-11 3.75390625e+00
 1.25292969e+00 5.99218750e+00 5.44787326e-10 2.22500000e+01
 8.17408363e-11 4.39104042e-09 3.79101562e+00 1.10390625e+01
 4.19140625e+00 2.34375000e+00 2.47680664e-01 9.85839844e-01
 3.16406250e+00 1.59843694e-10 1.28281250e+01 4.27235136e-10
 1.95922852e-01 1.50312500e+01 1.32109375e+01 7.37109375e+00
 1.12228394e-02 3.34375000e+00 1.38828125e+01 6.99423254e-07
 4.89843750e+00 2.32489583e-11 4.69726562e-01 1.01953125e+01
 1.07490905e-10 9.21875000e+00 2.71875000e+00 2.31250000e+00
 3.52520146e-09 8.87500000e+00 3.43359375e+00 2.30664062e+00
 1.00878906e+00 7.21435547e-02 2.32031250e+00 4.51562500e+00
 8.27343750e+00 4.21875000e+00 1.34863281e+00 4.46505055e-11
 1.17343750e+01 1.20234375e+01 9.26562500e+00 1.64843750e+01
 6.91015625e+00 3.41344730e-11 9.10644531e-01 1.49140625e+01
 2.78515625e+00 4.17230694e-11 2.23735697e-09 4.13281250e+00
 7.60991270e-12 3.08593750e+00 6.98242188e-01 1.14746094e+00
 2.82812500e+00 5.01586328e-10 1.62343750e+01 7.00000000e+00
 1.02187500e+01 3.97851562e+00 4.01367188e-01 5.84375000e+00
 4.36328125e+00 8.86718750e+00 9.39453125e-01 7.96386719e-01
 2.85888672e-01 1.60937500e+01 9.78125000e+00 5.49609375e+00
 4.10546875e+00 3.24023438e+00 4.83996700e-08 1.29296875e+00
 1.52343750e+00 8.85156250e+00 3.08984375e+00 1.95312500e+01
 2.48746801e-10 5.26953125e+00 7.47604645e-10 1.02620106e-07
 1.19726562e+00 7.37890625e+00 2.67773438e+00 4.57421875e+00
 6.44921875e+00 2.64648438e-01 6.00000000e+00 4.90234375e+00
 1.12421875e+01 7.96508789e-02 3.11718750e+00 1.02886588e-11
 1.45312500e+01 6.03515625e+00 1.56445312e+00 1.83437500e+01
 5.31250000e+00 1.65722656e+00 1.84991222e-09 1.38281250e+00
 6.59375000e+00 2.12890625e+00 2.21250000e+01 5.83000315e-12
 3.53515625e+00 3.11279297e-01 9.17187500e+00 5.62500000e+00
 5.40234375e+00 1.36816406e+00 6.53125000e+00 1.60937500e+00
 5.75390625e+00 9.67187500e+00 1.03359375e+01 2.34765625e+00
 7.35156250e+00 1.41484375e+01 5.97656250e-01 1.63125000e+01
 9.80548975e-11 5.32421875e+00 6.14453125e+00 9.58496094e-01
 6.89453125e+00 5.26171875e+00 5.91406250e+00 3.79031917e-10
 3.24291705e-11 1.09765625e+00 3.34375000e+00 2.83007812e+00
 1.75390625e+00 5.17578125e+00 4.80468750e+00 3.40039062e+00
 1.39648438e+00 4.86083984e-01 1.28750000e+01 1.01522346e-10
 5.09033203e-02 1.21953125e+01 2.04218750e+01 4.36328125e+00
 8.46875000e+00 1.36230469e+00 7.32910156e-01 4.56250000e+00
 7.91992188e-01 1.19453125e+01 4.85351562e-01 4.52700988e-10
 3.94531250e+00 5.82812500e+00 5.34765625e+00 3.19091797e-01
 3.01367188e+00 8.07031250e+00 3.77539062e+00 2.03515625e+00
 7.18750000e-01 2.22460938e+00 5.42578125e+00 6.39453125e+00
 1.37890625e+00 1.16210938e+00 1.06301741e-08 2.35758080e-11
 6.55859375e+00 3.22643245e-10 1.34218750e+01 1.56738281e+00
 5.63281250e+00 4.92968750e+00 3.12744141e-01 2.83534973e-10
 1.58515625e+01 8.16894531e-01 1.49839252e-10 2.52539062e+00
 2.87890625e+00 6.23046875e+00 1.98593750e+01 5.89062500e+00
 1.41503906e+00 3.51757812e+00 4.69014049e-06 1.75781250e+01
 2.91601562e+00 1.50488281e+00 5.48823209e-11 2.01875000e+01
 3.22460938e+00 6.37207031e-01 8.09375000e+00 1.27343750e+01
 3.01171875e+00 2.21405116e-11 1.72656250e+01 1.97851562e+00
 2.85742188e+00 7.73828125e+00 6.75000000e+00 1.30937500e+01
 8.08593750e-01 1.89062500e+01 2.27148438e+00 1.31640625e+01
 7.14843750e+00 2.84960938e+00 1.44687500e+01 3.11523438e-01
 4.25643520e-09 4.74358330e-11 8.59375000e+00 3.53710938e+00
 8.44531250e+00 1.25683594e+00 1.56160240e-09 1.37792969e+00
 2.34179688e+00 8.93066406e-01 8.18750000e+00 2.74127387e-11
 7.47070312e-01 5.39453125e+00 1.10449219e+00 5.99218750e+00
 1.68945312e+00 4.78125000e+00 1.95468750e+01 1.48828125e+01
 6.41796875e+00 6.58593750e+00 7.27343750e+00 4.17187500e+00
 5.23414201e-10 5.58593750e+00 6.56738281e-01 5.19921875e+00
 7.38281250e-01 2.21406250e+01 8.70312500e+00 4.80078125e+00
 1.01328125e+01 2.32226562e+00 6.53125000e+00 1.19296875e+01
 3.70507812e+00 4.50781250e+00 2.89843750e+00 2.49414062e+00
 8.05471245e-11 7.64843750e+00 1.99121094e+00 1.17656250e+01
 8.79936124e-11 1.95312500e+01 4.13671875e+00 1.41328125e+01
 5.16796875e+00 8.66406250e+00 5.28906250e+00 5.53515625e+00
 2.22851562e+00 9.03906250e+00 5.45312500e+00 8.39062500e+00
 3.80273438e+00 1.38574219e+00 6.21298568e-11 2.59375000e+00
 1.39609375e+01 1.29296875e+00 3.14257812e+00 2.56640625e+00
 1.11816406e+00 7.75912667e-11 4.45703125e+00 4.33984375e+00
 1.02539062e+00 5.38281250e+00 3.32875061e-10 7.31250000e+00
 1.88593750e+01 1.06347656e+00 1.62812500e+01 4.87109375e+00
 3.15625000e+00 8.95283847e-11 1.08750000e+01 1.34150469e-09
 3.74218750e+00 5.08593750e+00 7.12674364e-12 5.92578125e+00
 1.36132812e+00 4.82812500e+00 4.24218750e+00 9.52343750e+00
 2.93164062e+00 1.80468750e+01 5.75390625e+00 3.71484375e+00
 1.53671875e+01 1.53808594e+00 1.52832031e+00 1.11250000e+01
 7.89062500e-01 1.84179688e+00 6.09375000e+00 8.26562500e+00
 1.98593750e+01 9.16992188e-01 8.05468750e+00 3.30078125e+00
 1.21076482e-10 1.82500000e+01 6.42187500e+00 4.02734375e+00
 1.32519531e+00 2.00585938e+00 6.95703125e+00 6.01562500e+00
 8.43750000e+00 8.90625000e-01 1.42187500e+01 3.41406250e+00
 9.14843750e+00 3.01757812e+00 6.07421875e+00 2.06093750e+01
 1.01684570e-01 1.46191406e+00 4.67187500e+00 1.47363281e+00
 3.68554688e+00 5.02495823e-11 4.80859375e+00 1.46542334e-10
 2.01562500e+00 3.89453125e+00 6.59765625e+00 1.94335938e+00
 8.49218750e+00 6.59375000e+00 1.36132812e+00 1.41469059e-11
 1.53437500e+01 4.25472990e-11 6.46875000e+00 2.44199327e-10
 3.36328125e+00 4.99609375e+00 2.83203125e+00 2.76171875e+00
 1.57578125e+01 1.29609375e+01 2.15234375e+00 7.07812500e+00
 7.47265625e+00 7.96093750e+00 5.70312500e+00 2.87500000e+00
 2.91406250e+00 8.37500000e+00 2.16406250e+00 1.58984375e+01
 1.19140625e+00 1.71289062e+00 4.65234375e+00 7.96875000e+00
 1.90781250e+01 9.21093750e+00 7.13281250e+00 1.58281250e+01
 1.27929688e+00 5.68750000e+00 4.68359375e+00 6.47656250e+00
 5.00781250e+00 5.88867188e-01 5.01953125e+00 9.84375000e+00
 3.69628906e-01 4.90625000e+00 2.96093750e+00 4.73046875e+00
 1.02265625e+01 2.59179688e+00 1.38671875e+01 1.09140625e+01
 4.34375000e+00 1.13046875e+01 6.25610352e-02 7.89453125e+00
 7.28149414e-02 6.37890625e+00 7.50976562e-01 5.94921875e+00
 4.79296875e+00 1.65820312e+00 3.55664062e+00 1.70507812e+00
 2.75195312e+00 2.87500000e+00 4.52148438e-01 1.42773438e+00
 1.21093750e+01 3.52343750e+00 1.71780812e-10 4.20410156e-01
 6.41406250e+00 9.58496094e-01 2.33398438e+00 2.20666152e-10
 1.53125000e+00 1.66113281e+00 1.08671875e+01 2.22656250e+00
 8.12011719e-01 2.83616828e-08 1.52709961e-01 6.54296875e+00
 3.28710938e+00 1.00781250e+01 1.33984375e+00 7.39843750e+00
 4.01562500e+00 2.66709321e-10 4.19921875e+00 2.59375000e+00
 2.51367188e+00 8.32812500e+00 3.11217718e-11 6.61328125e+00
 7.32711669e-11 1.11523438e+00 2.60937500e+00 1.96191406e+00
 4.00390625e+00 7.58593750e+00 1.86093750e+01 2.84179688e+00
 3.53906250e+00 2.68164062e+00 4.01562500e+00 4.63671875e+00
 2.03437500e+01 3.26171875e+00 1.51796875e+01 7.16796875e+00
 1.09843750e+01 6.08984375e+00 3.31835938e+00 2.02187500e+01
 1.32812500e+00 4.88281250e+00 5.93359375e+00 3.78710938e+00
 7.39746094e-01 2.09687500e+01 1.66406250e+01 9.73632812e-01
 8.43750000e-01 2.87597656e-01 2.13622116e-07 3.66796875e+00
 1.93394953e-08 5.92773438e-01 4.05078125e+00 4.30859375e+00
 1.47167969e+00 6.11544237e-09 2.83106871e-13 9.98437500e+00
 1.29062500e+01 8.44531250e+00 1.07500000e+01 7.11914062e-01
 1.20800781e+00 6.51562500e+00 3.39843750e+00 7.22656250e+00
 5.02734375e+00 1.01171875e+00 4.71875000e+00 6.19140625e+00
 2.60843080e-09 3.50155460e-09 1.51074219e+00 2.77148438e+00
 1.26192390e-10 6.55973054e-11 1.00195312e+00 5.66015625e+00
 9.36718750e+00 2.23125000e+01 7.20703125e+00 2.44531250e+00
 5.85937500e+00 1.14364624e-02 1.27578125e+01 2.38919995e-13
 1.90234375e+00 3.60955710e-11 1.32500000e+01 9.36718750e+00
 9.98437500e+00 1.88281250e+01 3.86962891e-01 1.43515625e+01
 7.33593750e+00 3.04296875e+00 2.20000000e+01 8.04687500e+00
 7.23828125e+00 1.07578125e+01 7.20703125e+00 4.57703209e-10
 1.47583008e-01 1.20047480e-06 1.98281250e+01 1.27670319e-10
 5.50000000e+00 5.65876235e-11 5.30468750e+00 1.09140625e+01
 8.81835938e-01 1.95937500e+01 7.35937500e+00 3.55859375e+00
 4.00390625e+00 6.87109375e+00 4.98046875e+00 3.79101562e+00
 1.12421875e+01 5.54296875e+00 5.87109375e+00 4.91015625e+00
 1.69628906e+00 2.91601562e+00 1.97968750e+01 1.34609375e+01
 8.35937500e+00 1.78281250e+01 7.01171875e-01 7.56017471e-11
 8.08540790e-10 8.31250000e+00 1.80078125e+00 6.91015625e+00
 8.14062500e+00 9.48437500e+00 4.50000000e+00 1.17031250e+01
 2.28027344e-01 2.06640625e+00 8.72656250e+00 8.46093750e+00
 3.81445312e+00 1.11250000e+01 6.37500000e+00 1.09179688e+00
 3.64257812e+00 1.39140625e+01 2.26311386e-07 1.32899913e-10
 5.70703125e+00 9.63281250e+00 3.40429688e+00 1.03046875e+01
 2.11093750e+01 2.27929688e+00 6.03906250e+00 4.58203125e+00
 7.43511919e-11 3.89257812e+00 2.13671875e+00 1.49902344e+00
 3.22265625e+00 6.48437500e+00 1.26718750e+01 3.70312500e+00
 1.93652344e+00 1.03417969e+00 1.21679688e+00 1.31328125e+01
 1.90820312e+00 7.26562500e+00 1.10703125e+01 7.12890625e+00
 6.48803711e-02 7.43164062e-01 8.50377546e-10 9.60937500e+00
 8.06250000e+00 1.51484375e+01 4.28125000e+00 7.06250000e+00
 2.02734375e+00 2.63671875e+00 8.25781250e+00 3.76367188e+00
 5.58593750e-01 5.74609375e+00 1.22872734e-09 2.26757812e+00
 6.53906250e+00 3.31250000e+00 4.80859375e+00 6.34277344e-01
 8.40625000e+00 1.90917969e+00 3.86718750e+00 1.49218750e+00
 5.25517407e-11 3.19726562e+00 6.93359375e+00 6.69921875e+00
 1.64428711e-01 3.46289062e+00 1.69062500e+01 6.82812500e+00
 1.88232422e-01 8.23974609e-02 2.21406250e+01 1.12988281e+00
 2.01171875e-01 3.11132812e+00 3.81445312e+00 1.26269531e+00
 8.68750000e+00 2.69775391e-01 8.40625000e+00 1.02031250e+01
 1.45234375e+01 1.32812500e+01 2.78851076e-09 1.47578125e+01
 5.21686161e-09 4.21714503e-08 2.11148290e-08 8.54925020e-11
 3.66796875e+00 6.08203125e+00 8.67187500e+00 1.87968750e+01
 1.39355469e+00 1.02265625e+01 2.46245691e-10 3.33007812e-01
 2.60546875e+00 5.42968750e+00 1.44531250e+00 5.41992188e-02
 6.17319529e-11 1.54687500e+01 1.60253906e+00 9.20294951e-11
 1.67968750e+01 4.20703125e+00 5.74218750e+00 2.68359375e+00
 1.92285156e+00 2.62500000e+00 2.06835938e+00 1.98730469e+00
 2.61718750e+00 6.73437500e+00 1.35742188e+00 3.56640625e+00
 1.04140625e+01 3.36967787e-10 1.53125000e+01 3.13867188e+00
 9.21093750e+00 5.16015625e+00 2.30937500e+01 7.07031250e+00
 3.35967343e-09 1.17736931e-11 7.06640625e+00 9.50781250e+00
 1.61718750e+01 1.98437500e+01 2.81250000e+00 1.54062500e+01
 1.47167969e+00 6.33300781e-01 6.85546875e+00 4.28125000e+00
 1.56328125e+01 6.22265625e+00 1.01171875e+01 8.58593750e+00
 1.74843750e+01 1.15722656e+00 3.00781250e+00 1.12031250e+01
 4.21093750e+00 3.37109375e+00 2.21289062e+00 2.02514648e-01
 1.11484375e+01 3.30078125e+00 8.99308361e-09 2.64062500e+00
 1.35859375e+01 1.21250000e+01 1.29687500e+01 2.29062500e+01
 1.45781250e+01 7.47656250e+00 1.22265625e+01 1.01171875e+01
 8.57910156e-01 3.34179688e+00 5.66015625e+00 1.52099609e-01
 8.46679688e-01 1.02734375e+01 4.92491381e-10 1.70625000e+01
 4.59294824e-11 4.24609375e+00 1.01875000e+01 6.74218750e+00
 7.75344233e-11 5.92651367e-02 3.39453125e+00 6.87890625e+00
 5.14062500e+00 4.35546875e-01 3.58593750e+00 8.50000000e+00
 1.15078125e+01 9.22851562e-01 1.97031250e+01 8.93554688e-02
 1.65000000e+01 1.46679688e+00 1.05312500e+01 3.77148438e+00
 5.33984375e+00 5.18746674e-07 6.51855469e-01 1.73281250e+01
 7.30078125e+00 1.03515625e+00 1.26562500e+01 6.94531250e+00
 1.18984375e+01 6.29394531e-01 2.35290527e-02 6.79296875e+00
 5.83203125e+00 2.43945312e+00 1.84204102e-01 1.31250000e+01
 2.24609375e+00 7.64062500e+00 1.90781250e+01 1.47656250e+01
 3.96289062e+00 3.97070312e+00 1.84936523e-01 1.79843750e+01
 2.91406250e+00 3.60742188e+00 1.03613281e+00 4.59765625e+00
 1.28027344e+00 2.90625000e+00 3.19335938e+00 7.79296875e+00
 7.95898438e-01 6.93359375e-01 2.06835938e+00 9.23437500e+00
 1.81093750e+01 1.04307674e-10 6.34277344e-01 2.94531250e+00
 2.48437500e+00 1.27868652e-02 3.36132812e+00 9.01562500e+00
 7.99218750e+00 1.59687500e+01 4.26953125e+00 2.89257812e+00
 5.67187500e+00 4.76562500e+00 1.04453125e+01 1.88281250e+00
 8.50097656e-01 4.99218750e+00 1.64843750e+01 8.00923772e-11
 1.75468750e+01 3.16992188e+00 1.17871094e+00 1.03613281e+00
 2.18642526e-09 1.14375000e+01 2.56445312e+00 1.30957031e+00
 8.56445312e-01 2.99072266e-01 6.74218750e+00 5.07031250e+00
 1.21644916e-10 4.66796875e+00 6.89453125e+00 1.28593750e+01
 1.50859375e+01 2.26928711e-01 5.44531250e+00 8.25000000e+00
 2.61132812e+00 3.84765625e+00 1.28579813e-10 1.73730469e+00
 9.13281250e+00 3.38671875e+00 3.36132812e+00 3.27418093e-11
 2.44181138e-08 8.21875000e+00 5.25390625e+00 7.26562500e+00
 4.29687500e-01 4.57031250e+00 1.21015625e+01 5.15625000e+00
 1.28808594e+00 5.51953125e+00 9.99218750e+00 3.23552740e-10
 4.87500000e+00 8.58593750e+00 2.02539062e+00 2.59179688e+00
 3.57617188e+00 3.29687500e+00 9.12475586e-02 1.12265625e+01
 3.27343750e+00 1.22031250e+01 1.41484375e+01 2.52539062e+00
 5.50781250e+00 1.14550781e+00 1.25859375e+01 5.28928012e-11
 7.90625000e+00 1.44409180e-01 1.06347656e+00 6.22070312e-01
 1.55625000e+01 4.93359375e+00 1.78906250e+01 1.84204102e-01
 6.41796875e+00 1.53906250e+01 4.12890625e+00 3.62304688e-01
 9.91406250e+00 6.28906250e-01 6.57031250e+00 5.14648438e-01
 2.14527063e-10 1.56372070e-01 1.21459961e-01 1.25468750e+01
 7.78906250e+00 1.86523438e+00 7.20703125e+00 3.95521056e-08
 3.74023438e-01 2.27191777e-09 9.07812500e+00 2.51367188e+00
 1.69140625e+00 2.77148438e+00 4.25390625e+00 8.90625000e+00
 5.88671875e+00 1.34472656e+00 6.62500000e+00 7.45359330e-12
 4.14306641e-01 1.52265625e+01 1.15156250e+01 1.48339844e+00
 2.39062500e+00 9.25781250e+00 3.74804688e+00 1.77812500e+01
 1.67343750e+01 1.16484375e+01 3.44921875e+00 2.61718750e+00
 6.87500000e-01 8.45703125e-01 1.54296875e+01 4.50781250e+00
 4.21875000e+00 1.72585715e-08 8.10937500e+00 8.42968750e+00
 4.03564453e-01 4.78053153e-11 1.75305104e-10 3.65429688e+00
 7.98828125e+00 6.88281250e+00 6.83984375e+00 3.67919922e-01
 2.50195312e+00 3.83789062e+00 1.24609375e+01 9.75000000e+00
 8.26660156e-01 2.68164062e+00 1.17415766e-09 4.54687500e+00
 5.30633315e-11 6.71093750e+00 2.07968750e+01 1.96875000e+01
 4.60937500e-01 9.65625000e+00 4.14453125e+00 1.28046875e+01
 1.28320312e+00 1.93359375e+00 8.82812500e+00 9.41894531e-01
 6.49151843e-11 2.12812500e+01 1.98144531e+00 3.08398438e+00
 1.22109375e+01 3.93554688e-01 1.75625000e+01 2.92773438e+00
 3.82421875e+00 3.38281250e+00 1.23281250e+01 8.52343750e+00
 2.14453125e+00 4.98828125e+00 1.08750000e+01 3.12695312e+00
 1.33886719e+00 1.07128906e+00 6.84375000e+00 1.98339844e+00
 1.14160156e+00 3.29492188e+00 6.36718750e-01 5.80468750e+00
 5.38281250e+00 1.17734375e+01 5.31640625e+00 2.66992188e+00
 7.80886467e-12 2.43773684e-07 2.48632812e+00 1.97167969e+00
 5.82031250e-01 5.35937500e+00 8.54687500e+00 1.63981895e-09
 9.28906250e+00 2.02817318e-09 2.15039062e+00 9.67187500e+00
 4.76562500e+00 5.51171875e+00 1.05625000e+01 1.29394531e+00
 1.22753906e+00 6.83984375e+00 1.89355469e+00 2.06910045e-10
 2.07226562e+00 4.16796875e+00 2.10546875e+00 4.23437500e+00
 6.72265625e+00 6.82812500e+00 2.78320312e+00 1.65937500e+01
 2.05468750e+00 1.06171875e+01 5.11328125e+00 2.33789062e+00
 1.18347168e-01 1.58359375e+01 1.40234375e+01 7.62890625e+00
 2.51171875e+00 1.85351562e+00 1.90468750e+01 2.94697600e-12
 2.28319550e-08 1.17870513e-09 8.89062500e+00 4.70703125e+00
 1.52890625e+01 5.01171875e+00 8.25000000e+00 7.00000000e+00
 3.90429688e+00 4.74609375e+00 1.47734375e+01 1.15000000e+01
 4.19140625e+00 9.29199219e-01 4.83396434e-10 1.48750000e+01
 2.93164062e+00 8.06250000e+00 1.66875000e+01 5.16796875e+00
 7.65234375e+00 2.68664735e-09 1.72460938e+00 5.19921875e+00
 2.22812500e+01 1.28895044e-06 2.13867188e+00 9.66406250e+00
 3.95312500e+00 1.67578125e+00 8.37500000e+00 1.61093750e+01
 2.94140625e+00 4.80078125e+00 1.16562500e+01 1.28027344e+00
 6.95800781e-01 3.38134766e-01 1.25488281e+00 1.20468750e+01
 6.64062500e+00 1.46484375e+00 5.90820312e-01 2.48405740e-11
 1.11875000e+01 5.01171875e+00 6.56640625e+00 2.73046875e+00
 3.51757812e+00 6.70703125e+00 2.41698217e-10 5.34375000e+00
 1.80664062e+00 4.05078125e+00 5.46093750e+00 4.21875000e+00
 1.97460938e+00 5.32031250e+00 2.78710938e+00 6.71484375e+00
 6.41796875e+00 2.62695312e-01 2.04375000e+01 7.21093750e+00
 2.22656250e+00 1.05703125e+01 1.36250000e+01 9.17968750e+00
 9.40322876e-04 4.65820312e-01 5.99218750e+00 3.38476562e+00
 2.65039062e+00 6.25846042e-11 3.92968750e+00 4.96875000e+00
 6.71875000e+00 2.63680704e-08 2.09062500e+01 3.93164062e+00
 2.42653186e-09 5.04687500e+00 1.10234375e+01 5.24414062e-01
 1.87988281e+00 5.25233190e-11 5.14062500e+00 3.22070312e+00
 2.58056641e-01 1.18750000e+01 1.04140625e+01 8.99414062e-01
 1.18125000e+01 1.94687500e+01 6.60520527e-11 7.16308594e-01
 3.44531250e+00 5.00781250e+00 1.57226562e+00 1.54492188e+00
 3.06640625e+00 2.04101562e+00 8.14062500e+00 5.07421875e+00
 4.41796875e+00 1.91772461e-01 5.68750000e+00 1.38281250e+01
 2.79882812e+00 4.61295713e-08 6.14843750e+00 1.07812500e+01
 4.28710938e-01 1.23906250e+01 5.18493652e-02 1.29394531e+00
 1.45996094e+00 3.04222107e-03 8.64062500e+00 4.56640625e+00
 1.41093750e+01 9.78906250e+00 1.87011719e+00 3.41601562e+00
 5.51171875e+00 4.07031250e+00 2.90043545e-11 8.57812500e+00
 1.80761719e+00 1.96191406e+00 1.51250000e+01 1.11875000e+01
 1.23291016e-01 4.28955078e-01 8.27782287e-12 4.49347226e-11
 2.00156250e+01 1.56484375e+01 8.02629074e-11 9.53125000e+00
 1.31328125e+01 5.50000000e+00 6.55468750e+00 1.42500000e+01
 7.67187500e+00 2.63085938e+00 3.14257812e+00 3.27418093e-10
 1.43359375e+01 1.01660156e+00 4.66406250e+00 2.50488281e-01
 8.31250000e+00 2.19140625e+00 8.21875000e+00 7.94140625e+00
 1.76660156e+00 4.17187500e+00 1.19609375e+01 4.08593750e+00
 3.80859375e+00 3.74023438e+00 8.01562500e+00 8.45312500e+00
 1.14257812e+00 5.02734375e+00 2.35937500e+00 1.35156250e+01
 1.41296387e-02 7.97851562e-01 4.88580554e-09 6.49609375e+00
 1.82325266e-11 2.49019649e-09 9.46875000e+00 4.58593750e+00
 5.19140625e+00 6.83593750e+00 1.68593750e+01 4.95703125e+00
 3.98188149e-11 4.45703125e+00 1.04062500e+01 1.29140625e+01
 1.72753906e+00 4.76562500e+00 5.78906250e+00 1.96875000e+00
 1.29785156e+00 4.37109375e+00 3.42187500e+00 1.08281250e+01
 3.71093750e+00 8.77343750e+00 1.16756382e-10 2.14531250e+01
 4.79687500e+00 8.08593750e+00 7.08203125e+00 6.50000000e+00
 4.16406250e+00 1.60742188e+00 1.17734375e+01 1.12265625e+01
 3.99804688e+00 7.84765625e+00 7.83593750e+00 2.04296875e+00
 2.96484375e+00 1.00390625e+01 5.32509148e-10 7.55468750e+00
 1.61875000e+01 1.59218750e+01 1.09218750e+01 3.84570312e+00
 7.15234375e+00 1.00546875e+01 5.34375000e+00 6.88281250e+00
 9.51660156e-01 2.50488281e-01 3.71679688e+00 1.08691406e+00
 2.19531250e+01 2.16562500e+01 5.41796875e+00 9.06250000e+00
 4.38546977e-11 1.80312500e+01 1.72343750e+01 3.41796875e+00
 3.47851562e+00 1.22656250e+00 4.39399628e-11 1.12402344e+00
 1.56205715e-10 2.61718750e-01 8.32812500e+00 9.88364945e-12
 4.42578125e+00 2.44881448e-10 9.14843750e+00 1.65073288e-10
 2.00781250e+00 9.85937500e+00 2.40589770e-11 9.47656250e+00
 7.22479854e-11 1.75781250e+00 3.00133252e-11 3.75000000e+00
 6.04492188e-01 1.35234375e+01 9.96582031e-01 1.40722656e+00
 5.17968750e+00 1.11562500e+01 3.20312500e+00 7.26171875e+00
 4.73437500e+00 1.74023438e+00 1.04531250e+01 5.29687500e+00
 1.96655273e-01 6.23437500e+00 2.27929688e+00 9.43750000e+00
 2.20156250e+01 7.40234375e-01 2.50390625e+00 3.44335938e+00
 2.73632812e+00 4.29296875e+00 8.82031250e+00 7.44531250e+00
 3.15820312e+00 7.51562500e+00 4.01123047e-01 4.15625000e+00
 6.55468750e+00 6.24218750e+00 6.63281250e+00 1.03359375e+01
 8.41406250e+00 4.97656250e+00 9.46442924e-12 1.57324219e+00
 4.62500000e+00 8.93750000e+00 1.03281250e+01 4.15625000e+00
 4.68359375e+00 9.92187500e+00 3.85398380e-10 2.18750000e+00
 2.87353516e-01 1.12187500e+01 1.30234375e+01 1.48828125e+00
 2.90039062e+00 4.05273438e-01 4.72265625e+00 6.34765625e-01
 5.01562500e+00 3.48437500e+00 7.56250000e+00 1.07138476e-09
 6.65234375e+00 6.57031250e+00 3.60937500e+00 2.85742188e+00
 6.67968750e+00 9.67968750e+00 1.52832031e-01 8.42968750e+00
 1.48437500e+01 1.77187500e+01 1.28281250e+01 4.69531250e+00
 1.66437530e-10 2.07500000e+01 8.61718750e+00 1.29609375e+01
 5.78351319e-07 1.55957031e+00 1.42675781e+00 4.21093750e+00
 9.98535156e-01 9.10156250e+00 1.10717773e-01 1.01522346e-10
 6.10156250e+00 1.95937500e+01 1.17968750e+01 2.49883669e-10
 2.73632812e+00 3.20507812e+00 2.72460938e-01 7.84439180e-11
 1.60937500e+01 1.07031250e+01 1.25195312e+00 7.12890625e+00
 5.62500000e+00 2.14648438e+00 5.89843750e+00 8.76464844e-01
 1.18750000e+01 6.30859375e+00 1.52130127e-02 4.84765625e+00
 1.31640625e+01 7.33203125e+00 2.98632812e+00 1.27890625e+01
 1.58324838e-08 1.87656250e+01 1.13476562e+00 4.67968750e+00
 1.80468750e+01 7.17187500e+00 1.04492188e+00 2.93945312e+00
 2.12500000e+00 1.01171875e+00 2.12968750e+01 1.61406250e+01
 9.70312500e+00 4.53125000e+00 2.05312500e+01 1.11796875e+01
 4.81250000e+00 5.26562500e+00 2.41992188e+00 1.34140625e+01
 3.24916982e-10 8.86230469e-01 1.17656250e+01 8.43750000e+00
 1.07421875e+00 1.73906250e+01 2.07812500e+01 1.20703125e+01
 8.71093750e+00 5.51269531e-01 1.42265625e+01 1.19335938e+00
 2.24218750e+00 1.44950718e-10 5.11718750e+00 1.67871094e+00
 9.02343750e+00 1.07226562e+00 1.08398438e+00 2.66601562e-01
 4.09765625e+00 1.57109375e+01 1.36640625e+01 1.36495260e-11
 6.55859375e+00 9.77050781e-01 1.34062500e+01 7.60156250e+00
 9.82812500e+00 6.21875000e+00 8.67968750e+00 7.34863281e-01
 2.18164062e+00 5.71093750e+00 6.30859375e+00 1.50468750e+01
 3.15429688e+00 7.57421875e+00 4.35937500e+00 1.30617991e-07
 2.61914062e+00 4.16406250e+00 1.02109375e+01 6.04296875e+00
 2.27187500e+01 1.49375000e+01 9.50195312e-01 1.92343750e+01
 5.25390625e+00 4.93240356e-03 1.11484375e+01 1.66796875e+00
 1.35742188e-01 9.26562500e+00 1.04218750e+01 1.09921875e+01
 5.45312500e+00 2.09531250e+01 4.70703125e+00 8.42187500e+00
 1.00897068e-10 3.95507812e+00 9.46875000e+00 1.54199219e+00
 1.48925781e+00 3.16015625e+00 1.35131836e-01 8.71582031e-01
 4.11865234e-01 7.82421875e+00 2.84960938e+00 2.93750000e+00
 3.11328125e+00 9.44964995e-10 3.73242188e+00 1.34609375e+01
 4.63281250e+00 1.45156250e+01 1.73125000e+01 5.68750000e+00
 1.13906250e+01 4.46875000e+00 2.14453125e+00 5.32226562e-01
 1.19062500e+01 6.36077857e-11 4.64062500e+00 5.62890625e+00
 3.12304688e+00 1.41699219e+00 3.69140625e+00 1.02148438e+00
 2.12812500e+01 3.27539062e+00 3.45153809e-02 8.82324219e-01
 2.22851562e+00 1.23359375e+01 2.52343750e+00 4.42187500e+00
 2.01936246e-11 6.41796875e+00 1.60156250e+01 1.38203125e+01
 6.27343750e+00 1.23203125e+01 3.89257812e+00 3.27539062e+00
 2.82511792e-11 2.02343750e+01 1.27929688e+00 9.88281250e+00
 4.36718750e+00 6.62500000e+00 2.40429688e+00 5.71890268e-09
 1.10078125e+01 7.53906250e-01 4.00781250e+00 4.37255859e-01
 3.36328125e+00 3.66796875e+00 2.34375000e+00 3.24916982e-10
 2.17343750e+01 4.00781250e+00 1.51269531e+00 1.84667969e+00
 4.99218750e+00 1.26855469e+00 6.50390625e+00 1.32890625e+01
 1.64531250e+01 6.09816198e-10 3.61808361e-11 1.00234375e+01
 1.91992188e+00 2.82085466e-11 2.21484375e+00 8.00781250e+00
 2.30859375e+00 8.48437500e+00 1.25468750e+01 5.87500000e+00
 2.06568984e-10 9.57812500e+00 6.07542461e-10 1.49414062e+00
 9.68750000e+00 2.50000000e+00 1.75468750e+01 3.21733751e-11
 4.32421875e+00 3.55976226e-09 1.04705578e-10 1.08203125e+01
 8.77343750e+00 1.27343750e+01 2.51020538e-10 3.78906250e+00
 2.13671875e+00 3.42773438e+00 5.12500000e+00 8.27343750e+00
 3.35830919e-10 2.62695312e+00 5.89807314e-10 7.31553882e-07
 7.46093750e+00 8.21093750e+00 4.70703125e+00 1.79687500e+01
 7.85546875e+00 5.71484375e+00 1.11796875e+01 1.08984375e+00
 6.12089934e-10 1.52187500e+01 8.79367690e-11 1.37656250e+01
 4.02734375e+00 1.03710938e+00 9.15625000e+00 1.96093750e+00
 1.25781250e+01 4.72167969e-01 1.04062500e+01 5.92968750e+00
 4.55859375e+00 5.85546875e+00 5.43359375e+00 1.16357114e-07
 1.09375000e-01 1.72500000e+01 9.30468750e+00 4.12890625e+00
 5.76953125e+00 1.68750000e+01 2.37890625e+00 4.52734375e+00
 3.15039062e+00 2.17255547e-10 9.80468750e+00 8.83301254e-09
 2.31445312e+00 1.35625000e+01 5.10937500e+00 5.24609375e+00
 7.98437500e+00 1.46015625e+01 2.31054688e+00 1.83691406e+00
 8.17871094e-01 5.14843750e+00 6.53130883e-11 2.00781250e+01
 6.46093750e+00 2.33994797e-08 5.01562500e+00 1.32226562e+00
 1.24218750e+01 2.11093750e+01 2.72851562e+00 3.68750000e+00
 2.82031250e+00 1.36640625e+01 2.20156250e+01 5.20703125e+00
 2.42382812e+00 1.09179688e+00 6.86718750e+00 1.63125000e+01
 1.26562500e+00 7.09121650e-12 3.47070312e+00 3.42968750e+00
 2.90039062e+00 1.28875399e-09 1.26562500e+01 4.94921875e+00
 9.32031250e+00 3.30273438e+00 6.22265625e+00 1.23437500e+01
 4.05859375e+00 4.14062500e+00 2.28125000e+01 1.17890625e+01
 8.67968750e+00 7.07421875e+00 2.80273438e+00 8.82031250e+00
 4.72482498e-10 7.16015625e+00 2.24218750e+00 6.02734375e+00
 1.46093750e+01 2.93750000e+00 2.30273438e+00 1.63906250e+01
 2.33593750e+00 5.20312500e+00 1.12968750e+01 2.74218750e+00
 4.92968750e+00 1.70937500e+01 1.15722656e+00 1.89648438e+00
 6.64843750e+00 3.77734375e+00 1.08789062e+00 6.30078125e+00
 5.66406250e+00 2.05859375e+00 2.25830078e-01 1.08203125e+01
 8.19909474e-10 7.47656250e+00 1.27109375e+01 1.24700250e-12
 3.31835938e+00 5.81542969e-01 1.12109375e+00 1.43847656e+00
 1.94921875e+00 5.93359375e+00 1.24296875e+01 1.14355469e+00
 7.26171875e+00 7.81640625e+00 1.80761719e+00 9.12500000e+00
 2.53320312e+00 1.97656250e+01 6.57031250e+00 4.28515625e+00
 6.60156250e+00 1.00156250e+01 5.30468750e+00 3.36718750e+00
 5.75390625e+00 5.69531250e+00 5.68359375e+00 9.85937500e+00
 9.43847656e-01 1.10390625e+01 1.85937500e+00 4.18750000e+00
 4.17578125e+00 3.17773438e+00 2.31054688e+00 7.51614571e-05
 1.01484375e+01 2.12890625e+00 2.23517418e-06 8.96875000e+00
 4.76562500e+00 2.30937500e+01 6.52343750e-01 2.28320312e+00
 7.35546875e+00 3.51367188e+00 1.24921875e+01 5.44921875e+00
 1.48046875e+00 2.26562500e+01 5.04296875e+00 4.05407263e-10
 8.61746230e-11 4.62750904e-09 1.85423232e-10 8.45312500e+00
 1.36484375e+01 1.39218750e+01 4.55468750e+00 9.96891458e-12
 2.16250000e+01 1.11425781e+00 7.27343750e+00 8.17968750e+00
 2.73632812e+00 9.47656250e+00 8.51562500e-01 1.39296875e+01
 1.74843750e+01 1.18281250e+01 3.47167969e-01 1.09453125e+01
 2.69140625e+00 1.35312500e+01 2.15820312e+00 4.11718750e+00
 1.42578125e+00 2.05468750e+00 2.17426077e-11 7.75798981e-10
 7.71093750e+00 1.96777344e+00 1.88281250e+00 4.80468750e+00
 1.74375000e+01 7.36328125e+00 1.89531250e+01 2.91992188e+00
 2.86632940e-11 1.60253906e+00 5.61328125e+00 3.53125000e+00
 8.92968750e+00 5.85937500e+00 5.83190918e-02 1.10625000e+01
 4.20703125e+00 1.22167969e+00 7.42578125e+00 1.40312500e+01
 7.08593750e+00 1.06406250e+01 8.83359462e-07 1.30859375e+00
 1.17578125e+00 4.83593750e+00 5.08593750e+00 2.10625000e+01
 5.97992766e-11 1.14843750e+01 1.63671875e+00 9.52343750e+00
 4.86033969e-08 3.82812500e+00 4.30372893e-09 1.50878906e+00
 1.71508789e-01 2.66796875e+00 1.83750000e+01 6.77343750e+00
 1.85991667e-09 3.02734375e+00 1.67656250e+01 5.40466309e-02
 2.80859375e+00 1.57617188e+00 6.24389648e-02 7.41406250e+00
 5.20996094e-01 5.00222086e-10 8.03125000e+00 8.11718750e+00
 9.63281250e+00 1.35234375e+01 4.60546875e+00 1.15000000e+01
 7.83984375e+00 2.47460938e+00 4.21484375e+00 1.22109375e+01
 8.37402344e-01 5.59884938e-09 8.59375000e-02 1.08828125e+01
 1.58281250e+01 1.43554688e+00 1.45263672e-01 2.99609375e+00
 1.65000000e+01 1.67656250e+01 2.19375000e+01 1.06933594e+00
 3.79296875e+00 5.69921875e+00 2.81054688e+00 6.87011719e-01
 7.52343750e+00 4.96875000e+00 2.40844727e-01 1.53359375e+01
 8.96875000e+00 1.29199219e+00 6.92968750e+00 2.65429688e+00
 1.60937500e+01 5.25000000e+00 5.89062500e+00 9.34570312e-01
 6.25000000e-01 9.35937500e+00 5.08593750e+00 2.02026367e-02
 4.06640625e+00 2.11914062e+00 1.13046875e+01 7.46875000e+00
 5.68008423e-03 3.40234375e+00 6.42968750e+00 5.37454525e-11
 3.02539062e+00 4.30190994e-10 9.21875000e+00 1.41250000e+01
 2.95898438e+00 1.33496094e+00 3.12695312e+00 1.25468750e+01
 1.13203125e+01 2.06054688e+00 1.21799530e-08 2.11914062e+00
 6.23003871e-11 2.25585938e+00 4.49609375e+00 3.43359375e+00
 6.30461727e-09 1.52504072e-08 2.27929688e+00 5.74218750e+00
 9.71875000e+00 7.24218750e+00 1.38811629e-10 1.52578125e+01
 1.00390625e+01 5.22949219e-01 5.51757812e-01 9.57031250e+00
 1.64845915e-10 7.08496094e-01 1.13085938e+00 2.43359375e+00
 9.49218750e+00 2.93359375e+00 3.08593750e+00 1.74682617e-01
 3.35148798e-10 1.72968750e+01 9.99218750e+00 7.77343750e+00
 3.01757812e+00 1.39843750e+00 1.25234375e+01 1.66562500e+01
 1.12695312e+00 1.51484375e+01 9.42871094e-01 1.11816406e+00
 7.50390625e+00 1.18598109e-09 5.10253906e-01 6.39062500e+00
 6.21875000e+00 6.17675781e-01 1.00781250e+00 1.09843750e+01
 2.29858398e-01 1.43813850e-10 9.45312500e+00 4.16796875e+00
 3.13671875e+00 6.17968750e+00 6.14843750e+00 9.61718750e+00
 1.22109375e+01 2.06756592e-02 2.33520508e-01 4.90625000e+00
 1.11035156e+00 7.64062500e+00 6.36718750e-01 9.03906250e+00
 1.09843750e+01 7.86718750e+00 1.42421875e+01 8.11523438e-01
 3.25781250e+00 7.79687500e+00 1.53222656e+00 1.95703125e+00
 4.44921875e+00 6.60156250e-01 9.29687500e+00 4.60815430e-02
 1.32578125e+01 2.40589770e-11 2.93945312e+00 5.33593750e+00
 4.13671875e+00 1.20234375e+01 1.97656250e+00 4.62890625e+00
 7.50488281e-01 9.88281250e+00 3.62304688e-01 1.27734375e+00
 2.40625000e+00 5.42968750e+00 8.05468750e+00 4.47265625e+00
 9.74218750e+00 2.04101562e+00 6.49597496e-08 1.76464844e+00
 1.54062500e+01 1.06406250e+01 8.00781250e+00 1.01796875e+01
 8.73437500e+00 2.79541016e-01 1.11484375e+01 2.29687500e+00
 7.18359375e+00 4.38831194e-11 2.75390625e-01 7.77734375e+00
 6.97265625e+00 1.45996094e+00 1.25976562e+00 1.04785156e+00
 4.79296875e+00 4.27734375e+00 1.38359375e+01 6.95763447e-11
 9.49218750e+00 1.41640625e+01 5.71484375e+00 7.53906250e+00
 7.64843750e+00 1.01718750e+01 8.91113281e-01 6.34765625e+00
 9.01562500e+00 3.13867188e+00 3.94921875e+00 4.50390625e+00
 6.04687500e+00 9.18750000e+00 1.64257812e+00 3.37604433e-09
 1.66406250e+01 8.45312500e+00 2.20468750e+01 1.64160156e+00
 2.84375000e+00 1.99218750e+00 1.15527344e+00 5.14062500e+00
 8.41796875e-01 2.52148438e+00 2.02968750e+01 2.80029297e-01
 4.70312500e+00 5.23828125e+00 5.96484375e+00 1.20625000e+01
 1.04003906e+00 7.65625000e+00 6.47265625e+00 1.62656250e+01
 8.50945980e-11 1.28281250e+01 8.25781250e+00 8.78117135e-10
 5.47851562e-01 2.28515625e+00 1.28515625e+00 1.61875000e+01
 1.06953125e+01 1.75390625e+00 7.10546875e+00 8.18750000e+00
 7.48535156e-01 8.00781250e+00 2.36132812e+00 4.64111328e-01
 3.19921875e+00 2.98437500e+00 8.64843750e+00 4.22915036e-11
 1.43750000e+01 2.26718750e+01 7.04403647e-10 2.05859375e+00
 3.69921875e+00 4.49951172e-01 6.41406250e+00 9.47011358e-11
 1.50468750e+01 1.54296875e-01 8.42968750e+00 1.71406250e+01
 6.05468750e-01 7.96518407e-12 1.09687500e+01 1.82187500e+01
 1.23339844e+00 2.64257812e+00 2.82852852e-10 1.15234375e+01
 1.72656250e+00 1.58281250e+01 1.24453125e+01 5.56640625e+00
 3.96093750e+00 2.21348273e-10 1.94687500e+01 4.12109375e+00
 1.71780812e-10 1.31093750e+01 1.06953125e+01 2.24804688e+00
 1.29531250e+01 2.43750000e+00 9.41406250e+00 5.36328125e+00
 1.72187500e+01 1.55625000e+01 2.39648438e+00 3.08091330e-11
 1.62207031e+00 3.12184056e-10 1.13125000e+01 9.84375000e+00
 4.94921875e+00 1.87988281e-01 8.70312500e+00 1.08046875e+01
 1.05175781e+00 7.77343750e+00 3.87080945e-08 1.44062500e+01
 1.19140625e+01 1.07031250e+01 1.53136170e-10 3.70703125e+00
 4.07421875e+00 3.20898438e+00 2.77539062e+00 3.39648438e+00
 3.49218750e+00 1.43458578e-11 2.17773438e+00 1.03984375e+01
 1.73828125e+00 6.84570312e-01 9.19531250e+00 4.03515625e+00
 7.93750000e+00 1.20625000e+01 1.23906250e+01 4.99609375e+00
 1.36425781e+00 8.45703125e-01 1.25234375e+01 5.86914062e-01
 1.33281250e+01 1.42108547e-11 4.48437500e+00 3.96289062e+00
 1.03125000e+01 6.74609375e+00 5.50390625e+00 2.50732422e-01
 2.61328125e+00 2.65039062e+00 8.30914360e-09 1.22421875e+01
 4.11328125e+00 5.50000000e+00 4.81250000e+00 1.05625000e+01
 5.69343683e-10 1.37031250e+01 3.24804688e+00 4.87060547e-01
 1.93551841e-11 3.11279297e-01 1.17187500e+01 4.18750000e+00
 1.17031250e+01 3.95117188e+00 5.98561201e-11 1.27109375e+01
 2.06054688e-01 8.73437500e+00 1.42734375e+01 4.34814453e-01
 3.63085938e+00 4.68826294e-03 1.22781785e-11 6.55078125e+00
 1.39921875e+01 6.66796875e+00 9.60156250e+00 4.26325641e-11
 6.19531250e+00 1.11796875e+01 5.02929688e-01 1.87597656e+00
 2.85546875e+00 3.65039062e+00 2.12985185e-12 1.14440918e-01
 7.53061613e-10 2.21679688e+00 1.30937500e+01 5.40039062e-01
 2.75195312e+00 5.29296875e+00 9.60937500e+00 4.71875000e+00
 1.39243639e-09 5.63281250e+00 4.70312500e+00 1.86425781e+00
 4.03125000e+00 5.86718750e+00 4.56250000e+00 3.55664062e+00
 6.40234375e+00 4.57031250e+00 1.51464844e+00 2.78710938e+00
 1.04531250e+01 4.41650391e-01 1.46015625e+01 1.24062500e+01
 8.32812500e+00 7.74414062e-01 1.73046875e+00 1.10839844e+00
 2.85742188e+00 4.60156250e+00 4.05273438e-01 1.09218750e+01
 6.03125000e+00 1.13750000e+01 6.11718750e+00 2.54882812e-01
 8.98437500e+00 1.75292969e+00 5.49609375e+00 8.07812500e+00
 1.55559974e-08 1.32910156e+00 1.34960938e+00 7.93457031e-01
 3.75390625e+00 8.99902344e-01 3.98925781e-01 8.93750000e+00
 3.64843750e+00 5.43750000e+00 1.42382812e+00 5.67187500e+00
 5.02353714e-12 5.73046875e+00 1.84570312e-01 3.02148438e+00
 1.44531250e+00 8.01562500e+00 1.28828125e+01 1.40312500e+01
 1.39687500e+01 1.80477855e-11 1.25976562e+00 1.96875000e+01
 1.10937500e+01 2.62304688e+00 1.22265625e+01 1.18281250e+01
 1.42812500e+01 2.31250000e+01 7.16795512e-11 1.06922471e-10
 8.93750000e+00 1.15703125e+01 1.77812500e+01 2.18281250e+01
 7.53906250e-01 3.51953125e+00 1.20625000e+01 4.69970703e-01
 3.31640625e+00 4.07031250e+00 1.36953125e+01 9.31250000e+00
 4.36035156e-01 2.45117188e+00 6.39843750e+00 5.11354301e-08
 2.39452902e-11 1.66699219e+00 2.10937500e+00 1.00546875e+01
 3.15196758e-11 6.51171875e+00 7.27027327e-11 1.83906250e+01
 6.05859375e+00 2.00976562e+00 2.79882812e+00 2.80351742e-10
 1.61816406e+00 5.52734375e+00 2.85546875e+00 6.70312500e+00
 1.18457031e+00 4.40917969e-01 5.91406250e+00 3.48046875e+00
 6.08984375e+00 2.77766958e-07 7.64062500e+00 6.33203125e+00
 6.20605469e-01 1.04062500e+01 1.35234375e+01 4.74609375e+00
 2.12500000e+00 1.90039062e+00 1.01796875e+01 6.42968750e+00
 1.16250000e+01 4.78515625e+00 6.72265625e+00 5.90234375e+00
 1.69433594e+00 3.52929688e+00 1.50156250e+01 2.48242188e+00
 3.59179688e+00 2.94531250e+00 8.94531250e+00 1.98730469e+00
 1.25885010e-02 9.89062500e+00 1.76875000e+01 2.04920525e-11
 6.55761719e-01 6.04296875e+00 4.21093750e+00 7.77832031e-01
 1.35937500e+00 1.05234375e+01 1.41699219e+00 5.58984375e+00
 4.91943359e-01 1.12187500e+01 2.08593750e+00 1.11015625e+01
 6.13671875e+00 4.01632860e-09 7.05859375e+00 7.66817720e-11
 8.94531250e+00 1.22167969e+00 2.67968750e+00 2.97460938e+00
 1.65820312e+00 3.82812500e+00 4.68359375e+00 8.20312500e-01
 5.32031250e+00 1.97928784e-10 4.62500000e+00 1.86588522e-11
 3.56640625e+00 1.18216548e-12 9.64843750e+00 2.52343750e+00
 3.93945312e+00 1.17968750e+01 1.32890625e+01 2.30102539e-01
 1.37695312e+00 6.99218750e+00 8.13281250e+00 5.27734375e+00
 2.19733920e-09 3.59375000e+00 9.21875000e+00 1.53125000e+00
 1.46191406e+00 1.42109375e+01 4.86816406e-01 4.31640625e+00
 1.36640625e+01 1.54921875e+01 1.44375000e+01 8.23519031e-12
 3.02148438e+00 2.62109375e+00 6.26171875e+00 3.82568359e-01
 1.09821485e-10 1.17480469e+00 4.51562500e+00 5.70992142e-11
 9.44531250e+00 2.09179688e+00 2.83398438e+00 8.47656250e+00
 1.52812500e+01 1.76757812e-01 9.28906250e+00 5.59765625e+00
 6.08203125e+00 1.85058594e+00 5.60937500e+00 7.19238281e-01
 8.71093750e+00 8.89062500e+00 1.11640475e-10 1.60449219e+00
 2.08398438e+00 7.56640625e+00 2.97656250e+00 3.05664062e+00
 3.61069397e-10 3.63797881e-08 1.41328125e+01 6.75000000e+00
 1.67968750e+00 8.69531250e+00 5.76488674e-07 5.70423708e-11
 4.98437500e+00 1.17031250e+01 4.71875000e+00 4.57812500e+00
 1.37988281e+00 6.55468750e+00 4.82812500e+00 3.02978516e-01
 2.51367188e+00 3.61524144e-11 7.37890625e+00 5.89453125e+00
 7.27734375e+00 1.85625000e+01 1.91988647e-11 1.18281250e+01
 3.49804688e+00 4.18359375e+00 4.30175781e-01 4.36273240e-11
 3.96875000e+00 2.84667969e-01 1.00442321e-10 1.33125000e+01
 1.07656250e+01 1.52578125e+01 1.32324219e+00 4.69921875e+00
 9.38281250e+00 4.89308150e-10 1.11425781e+00 2.15039062e+00
 2.34960938e+00 9.76562500e+00 6.35253906e-01 4.77343750e+00
 5.35976142e-07 8.19531250e+00 1.30761719e+00 2.20312500e+00
 7.57031250e+00 6.26953125e+00 2.43774414e-01 5.51953125e+00
 1.34765625e+00 4.33203125e+00 5.36132812e-01 1.37276857e-11
 4.95312500e+00 1.44609375e+01 2.07421875e+00 4.92968750e+00
 1.05078125e+01 1.62500000e+00 1.62187500e+01 1.76660156e+00
 2.73632812e+00 2.02500000e+01 8.06640625e-01 2.92968750e+00
 7.78320312e-01 9.32812500e+00 1.06640625e+01 8.04687500e-01
 1.61230469e+00 4.13137968e-10 1.45000000e+01 2.46484375e+00
 1.45468750e+01 4.94140625e+00 1.86875000e+01 4.09765625e+00
 3.90820312e+00 1.14550781e+00 6.55468750e+00 2.31835938e+00
 1.09472656e+00 1.44453125e+01 1.15078125e+01 5.88671875e+00
 8.84277344e-01 9.69180292e-11 1.15390625e+01 5.59375000e+00
 5.66796875e+00 7.82031250e+00 1.25732422e-01 1.43671875e+01
 1.03613281e+00 1.12578125e+01 2.25195312e+00 1.22187500e+01
 4.24218750e+00 8.27343750e+00 4.87500000e+00 1.59453125e+01
 5.68359375e-01 3.67968750e+00 5.87500000e+00 3.02148438e+00
 1.00937500e+01 6.14257812e-01 5.25781250e+00 7.54296875e+00
 7.86718750e+00 4.73221462e-11 1.80156250e+01 1.94859240e-10
 4.39453125e+00 2.09375000e+01 1.27500000e+01 5.31250000e-01
 1.76855469e+00 2.26562500e+00 8.57421875e-01 9.40625000e+00
 4.09375000e+00 1.39380063e-10 1.62304688e+00 2.92968750e+00
 4.79687500e+00 1.17382812e+00 1.36953125e+01 2.43750000e+00
 9.63867188e-01 5.49960077e-12 5.41796875e+00 6.79296875e+00
 8.67968750e+00 7.89062500e-01 1.59082031e+00 9.91406250e+00
 9.51562500e+00 5.40234375e+00 2.27539062e+00 5.39062500e+00
 1.17734375e+01 1.28125000e+01 4.36718750e+00 1.11718750e+01
 3.48876953e-01 6.46875000e+00 1.55234375e+01 2.19140625e+00
 2.83203125e+00 5.58327883e-07 5.90332031e-01 4.98437500e+00
 2.43750000e+00 8.76464844e-01 6.81250000e+00 1.03125000e+01
 8.77343750e+00 4.80078125e+00 6.62500000e+00 5.54687500e+00
 8.14843750e+00 3.25390625e+00 2.75000000e+00 8.54687500e+00
 9.69531250e+00 3.33007812e+00 9.26757812e-01 3.39648438e+00
 6.29687500e+00 3.01757812e-01 7.69531250e-01 3.30734253e-03
 2.49609375e+00 2.70507812e+00 9.68261719e-01 1.30156250e+01
 9.35937500e+00 4.00390625e+00 2.85351562e+00 6.14746094e-01
 5.00781250e+00 1.07031250e+01 1.95410156e+00 5.64062500e+00
 1.76513672e-01 3.12695312e+00 3.01562500e+00 1.97167969e+00
 7.18750000e+00 7.94921875e+00 1.63906250e+01 2.01718750e+01
 1.00859375e+01 1.07890625e+01 1.16894531e+00 5.20312500e+00
 1.62515789e-07 1.02734375e+01 8.46093750e+00 1.62207031e+00
 5.34375000e+00 2.16718750e+01 1.14160156e+00 5.09375000e+00
 1.02968750e+01 1.56875000e+01 6.58691406e-01 6.89453125e+00
 6.47265625e+00 2.84765625e+00 8.53106030e-10 6.65039062e-01
 1.97265625e+00 4.96484375e+00 4.41796875e+00 1.20468750e+01
 1.54045665e-10 1.40722656e+00 3.01367188e+00 8.03833008e-02
 2.05312500e+01 5.77343750e+00 9.33593750e+00 2.62890625e+00
 8.88281250e+00 5.15234375e+00 3.96240234e-01 2.49218750e+00
 7.58984375e+00 9.23437500e+00 5.12109375e+00 5.01953125e+00
 8.65625000e+00 5.33593750e+00 1.84531250e+01 3.06884766e-01
 1.24375000e+01 1.23671875e+01 1.01796875e+01 1.23828125e+00
 4.64843750e+00 7.11425781e-01 7.91406250e+00 4.67578125e+00
 8.36718750e+00 2.04296875e+00 4.47656250e+00 5.60156250e+00
 1.62968750e+01 3.12500000e+00 1.62109375e+00 1.47167969e+00
 3.00292969e-01 7.40722656e-01 4.41015625e+00 6.54836185e-11
 2.42968750e+00 1.02050781e+00 1.52050781e+00 1.23437500e+01
 3.30664062e+00 3.21093750e+00 8.31250000e+00 5.07421875e+00
 1.29296875e+00 7.41796875e+00 2.14186002e-10 6.14363671e-10
 5.30078125e+00 1.74804882e-09 5.82031250e+00 5.96191406e-01
 3.32421875e+00 4.07470703e-01 8.35937500e-01 6.60546875e+00
 8.98437500e+00 5.46875000e-01 9.45800781e-01 1.04140625e+01
 1.25937500e+01 1.59161573e-12 2.18164062e+00 1.90625000e+01
 1.03222656e+00 5.56781288e-11 1.05390625e+01 3.13207238e-11
 1.32812500e+01 2.10781250e+01 1.35625000e+01 7.52343750e+00
 2.44531250e+00 3.05078125e+00 2.74169922e-01 5.90625000e+00
 2.54101562e+00 1.75878906e+00 2.13281250e+00 9.11718750e+00
 3.95263672e-01 4.60205078e-01 1.39355469e+00 7.01171875e+00
 2.17500000e+01 9.88281250e+00 2.00373051e-11 1.24509825e-09
 1.30000000e+01 4.15625000e+00 8.40625000e+00 1.18125000e+01
 2.74414062e+00 1.83281250e+01 1.22265625e+01 5.60156250e+00
 7.48437500e+00 1.14296875e+01 5.78906250e+00 1.95625000e+01
 1.17421875e+01 5.38281250e+00 7.28515625e-01 1.08515625e+01
 5.60248736e-10 1.91875000e+01 7.58984375e+00 6.46484375e+00
 2.48046875e+00 3.35546875e+00 1.21875000e+01 7.02584657e-11
 1.01015625e+01 5.26562500e+00 4.08984375e+00 3.01806722e-08
 3.10351562e+00 6.75299816e-11 5.58984375e+00 1.92343750e+01
 7.58984375e+00 3.96093750e+00 7.03125000e+00 5.65234375e+00
 5.33203125e-01 1.02421875e+01 4.57293936e-09 4.24904556e-11
 2.52242671e-11 1.04921875e+01 4.24609375e+00 5.13671875e+00
 7.73828125e+00 8.41993142e-12 5.83496094e-01 4.35937500e+00
 1.13281250e+01 9.93054527e-11 7.69531250e+00 1.66796875e+00
 1.06562500e+01 9.74978320e-10 5.24218750e+00 9.43750000e+00
 1.45078125e+01 9.04687500e+00 4.19531250e+00 1.40312500e+01
 6.82128906e-01 5.45703125e+00 8.30823410e-10 1.86816406e+00
 9.16406250e+00 3.75000000e+00 6.66796875e+00 2.66254574e-10
 8.02343750e+00 4.26894076e-11 1.67480469e+00 1.03671875e+01
 2.72706302e-11 1.12265625e+01 1.12187500e+01 4.36841674e-11
 6.01074219e-01 4.32812500e+00 3.87890625e+00 1.93551841e-11
 7.04687500e+00 1.47265625e+01 9.03125000e+00 8.14843750e+00
 6.92187500e+00 7.85546875e+00 1.20390625e+01 9.35937500e+00
 4.00390625e-01 1.29057298e-09 4.36523438e-01 9.25781250e+00
 1.73925781e+00 3.54101562e+00 2.82617188e+00 5.03906250e+00
 6.22558594e-02 3.10937500e+00 5.00781250e+00 3.74414062e+00
 1.57812500e+01 8.05357558e-10 5.85937500e+00 1.00078125e+01
 2.16210938e+00 1.97187500e+01 1.70214844e+00 3.45426088e-09
 2.28906250e+01 1.03281250e+01 1.76093750e+01 1.85351562e+00
 4.39062500e+00 5.83984375e+00 4.01171875e+00 9.20408638e-10
 3.25000000e+00 3.39453125e+00 3.88476562e+00 2.34103936e-09
 9.39062500e+00 9.50781250e+00 8.08105469e-01 4.66015625e+00
 7.74218750e+00 2.57031250e+00 4.30664062e-01 5.91171556e-10
 2.54394531e-01 4.61284344e-11 4.88891602e-02 2.45312500e+00
 5.61523438e-01 9.84375000e+00 1.38964844e+00 1.61406250e+01
 2.92187500e+00 7.69921875e+00 6.17187500e+00 1.63183594e+00
 1.87938554e-12 4.68571670e-09 1.56445312e+00 3.08789062e+00
 1.58125000e+01 9.71093750e+00 5.91796875e+00 4.13281250e+00
 9.22656250e+00 3.87387900e-11 3.29101562e+00 5.09375000e+00
 5.98828125e+00 1.78320312e+00 6.86718750e+00 1.84667969e+00
 1.59765625e+01 6.80468750e+00 4.25781250e+00 6.44531250e+00
 8.64062500e+00 4.98828125e+00 8.00781250e+00 7.33398438e-01
 2.08789062e+00 8.07812500e+00 3.08984375e+00 9.92486093e-11
 1.53906250e+00 1.43750000e+00 1.09218750e+01 1.50723878e-12
 5.27734375e+00 4.22656250e+00 3.03515625e+00 1.45546875e+01
 1.04421360e-10 2.66254574e-10 1.09025677e-10 5.19921875e+00
 9.69238281e-01 2.62304688e+00 3.90039062e+00 1.24032340e-10
 3.62695312e+00 1.12109375e+00 1.12031250e+01 6.92968750e+00
 7.57421875e+00 1.08007812e+00 1.17187500e+01 2.09752216e-10
 1.06796875e+01 5.60937500e+00 2.56054688e+00 5.94921875e+00
 8.64062500e+00 2.61523438e+00 2.02539062e+00 2.84570312e+00
 3.17413651e-10 4.85156250e+00 9.90625000e+00 2.76611328e-01
 4.42968750e+00 1.86718750e+00 9.76562500e+00 9.56351869e-08
 2.26171875e+00 1.99023438e+00 7.79785156e-01 8.28125000e+00
 1.34453125e+01 8.96484375e-01 5.95214844e-01 5.33764251e-08
 7.35156250e+00 1.34667969e+00 1.80000000e+01 1.49375000e+01
 5.74218750e+00 3.68359375e+00 4.03906250e+00 7.63671875e-01
 2.75000000e+00 3.36328125e+00 2.06796358e-10 1.99023438e+00
 1.49609375e+01 1.50703272e-09 8.87500000e+00 5.87109375e+00
 5.79687500e+00 6.76562500e+00 3.43994141e-01 2.11914062e+00
 1.24609375e+01 7.54296875e+00 1.23125000e+01 1.02148438e+00
 5.42968750e-01 1.20507812e+00 8.81250000e+00 3.48632812e+00
 2.28125000e+00 3.00000000e+00 1.45214844e+00 1.23437500e+01
 7.17968750e+00 1.41640625e+01 5.46875000e-01 4.64843750e+00
 9.26269531e-01 5.14453125e+00 2.45989895e-11 3.45507812e+00
 1.61425781e+00 1.36484375e+01 2.89306641e-01 7.04687500e+00
 2.29687500e+00 6.76953125e+00 1.12304688e-01 7.76562500e+00
 1.33398438e+00 4.21875000e+00 1.88183594e+00 1.82128906e+00
 4.53906250e+00 1.33046875e+01 5.08203125e+00 2.49414062e+00
 1.80625000e+01 2.03437500e+01 2.72521973e-02 1.39355469e+00
 1.30468750e+00 4.50000000e+00 9.20898438e-01 3.10351562e+00
 9.57812500e+00 1.63085938e+00 6.58984375e+00 1.29218750e+01
 6.56640625e+00 5.03234863e-02 5.90716809e-10 4.00000000e+00
 1.64550781e+00 2.29882812e+00 8.07128906e-01 5.39843750e+00
 3.24023438e+00 2.66481948e-10 4.85727014e-11 2.71484375e-01
 1.57656250e+01 1.26718750e+01 2.07656250e+01 7.33984375e+00
 2.67578125e-01 1.28693500e-10 1.47883839e-09 2.04778416e-11
 1.04375000e+01 1.82500000e+01 1.13828125e+01 4.41796875e+00
 3.60595703e-01 4.83984375e+00 4.05859375e+00 5.27343750e+00
 2.14648438e+00 6.12109375e+00 5.45312500e+00 4.15234375e+00
 1.30781250e+01 2.33007812e+00 1.24902344e+00 1.12597656e+00
 6.98828125e+00 1.06328125e+01 2.10351562e+00 1.51406250e+01
 8.26562500e+00 1.53959263e-08 1.50097656e+00 1.96875000e+01
 1.03046875e+01 9.28344727e-02 2.18554688e+00 9.08357833e-11
 2.42863507e-11 7.68750000e+00 1.16328125e+01 2.33007812e+00
 4.66796875e+00 1.54453125e+01 2.59277344e-01 2.63671875e+00
 1.90156250e+01 5.46484375e+00 2.49414062e+00 2.74169922e-01
 1.91406250e-01 1.05175781e+00 1.19453125e+01 2.35546875e+00
 1.87304688e+00 1.17890625e+01 1.53359375e+01 7.21484375e+00
 1.74804688e+00 1.97656250e+00 5.71875000e+00 9.75781250e+00
 6.78846845e-09 1.63125000e+01 8.25000000e+00 1.16308594e+00
 2.26757812e+00 4.57812500e+00 1.41953125e+01 8.28208613e-11
 3.91357422e-01 4.50000000e+00 5.99609375e-01 6.77734375e-01
 9.60156250e+00 8.86718750e+00 4.98828125e+00 2.08735466e-04
 2.01718750e+01 2.59960938e+00 4.07421875e+00 1.04375000e+01
 2.29843750e+01 6.98828125e+00 4.60156250e+00 8.21093750e+00
 2.36914062e+00 2.08398438e+00 1.23515625e+01 9.30468750e+00
 1.25234375e+01 4.11328125e+00 7.19424520e-12 1.02166086e-06
 1.62304688e+00 1.62500000e+00 2.98828125e+00 1.44765625e+01
 2.58007812e+00 1.96093750e+01 1.52265625e+01 2.50565790e-10
 1.29296875e+00 6.23437500e+00 5.74609375e+00 2.15312500e+01
 1.09472656e+00 8.00781250e+00 1.46562500e+01 8.84375000e+00
 1.41953125e+01 1.91875000e+01 9.96582031e-01 8.27130862e-08
 5.84375000e+00 4.28315161e-11 3.55859375e+00 4.48828125e+00
 9.60449219e-01 4.16796875e+00 1.06093750e+01 7.57812500e+00
 6.20161700e-11 1.85937500e+01 5.07812500e-01 3.35546875e+00
 6.29224814e-08 1.34062500e+01 8.91406250e+00 1.25965016e-09
 4.29296875e+00 5.21875000e+00 1.04218750e+01 1.50521373e-09
 1.32031250e+01 9.96093750e+00 4.18359375e+00 1.23122845e-10
 1.61230469e+00 2.81054688e+00 1.13750000e+01 5.33984375e+00
 1.08671875e+01 5.12890625e+00 1.22734375e+01 2.19531250e+01
 3.56054688e+00 1.72167969e+00 4.20703125e+00 1.60351562e+00
 8.34375000e+00 1.36328125e+00 6.51562500e+00 2.52157406e-10
 1.82187500e+01 9.00781250e+00 3.48437500e+00 9.47656250e+00
 1.10156250e+01 4.94140625e+00 3.78906250e+00 2.45507812e+00
 2.26171875e+00 9.32031250e+00 3.20881099e-11 4.80859375e+00
 1.73281250e+01 9.25292969e-01 1.39355469e+00 4.19531250e+00
 2.37304688e+00 7.25000000e+00 8.90625000e+00 7.16015625e+00
 1.42734375e+01 5.53906250e+00 3.58789062e+00 3.82226562e+00
 3.68164062e+00 8.38281250e+00 1.05957031e+00 8.22656250e+00
 2.61523438e+00 3.54492188e+00 9.96093750e+00 6.17187500e+00
 4.47265625e-01 1.79170456e-10 1.09497070e-01 7.11328125e+00
 9.77706804e-11 3.91992188e+00 2.41796875e+00 5.52246094e-01
 4.81250000e+00 4.68359375e+00 1.58789062e+00 4.59863259e-11
 2.74023438e+00 5.32812500e+00 1.75000000e+01 2.29375000e+01
 3.35156250e+00 8.49218750e+00 1.16640625e+01 1.66015625e+00
 2.93750000e+00 1.91562500e+01 3.04296875e+00 5.09765625e+00
 3.25927734e-01 1.29218750e+01 4.07812500e+00 3.75390625e+00
 1.78281250e+01 3.75585938e+00 8.68750000e+00 1.45625000e+01
 3.23295593e-03 2.94433594e-01 1.72070312e+00 1.16953125e+01
 1.36484375e+01 1.18515625e+01 1.87128535e-10 7.84179688e-01
 1.74531250e+01 7.22265625e+00 4.12500000e+00 4.30468750e+00
 6.31250000e+00 1.41171875e+01 3.73046875e+00 1.83604243e-10
 5.85937500e+00 7.57863745e-08 9.74609375e-01 1.23242188e+00
 3.70898438e+00 4.64062500e+00 1.35156250e+01 5.17968750e+00
 3.76953125e+00 9.15625000e+00 1.26406250e+01 1.90527344e+00
 7.59765625e+00 6.45312500e+00 1.23437500e+01 5.80468750e+00
 5.53125000e+00 2.78515625e+00 4.25000000e+00 4.02343750e+00
 1.46562500e+01 1.91562500e+01 8.84375000e+00 3.18554688e+00
 9.57031250e+00 1.52031250e+01 2.04296875e+00 1.04062500e+01
 7.01953125e+00 2.58007812e+00 5.71093750e+00 7.17578125e+00
 3.27148438e+00 2.02929688e+00 6.76171875e+00 5.01953125e+00
 5.01586328e-10 4.80948614e-13 1.01093750e+01 2.14648438e+00
 4.72656250e+00 3.40039062e+00 6.27441406e-01 5.33984375e+00
 3.74267578e-01 5.46093750e+00 2.20000000e+01 8.25781250e+00
 5.99609375e+00 3.07226562e+00 6.89453125e-01 3.88908386e-03
 4.32421875e+00 3.95312500e+00 7.62695312e-01 2.49128789e-08
 4.17968750e+00 2.64062500e+00 1.88378906e+00 1.29492188e+00
 5.17985654e-12 3.79492188e+00 7.28906250e+00 5.63159119e-09
 6.41406250e+00 2.86914062e+00 3.22656250e+00 5.55078125e+00
 6.26562500e+00 1.52832031e+00 4.13818359e-01 6.45507812e-01
 1.22099664e-10 6.57812500e+00 7.27734375e+00 2.48413086e-01
 1.52908797e-11 1.63476562e+00 6.96289062e-01 1.98125000e+01
 3.84375000e+00 1.20507812e+00 1.95214844e+00 1.13984375e+01
 1.82226562e+00 1.05312500e+01 3.47265625e+00 4.36035156e-01
 1.47216797e-01 7.19726562e-01 1.10546875e+00 5.93750000e-01
 2.24062500e+01 2.93554688e+00 7.54687500e+00 2.98437500e+00
 7.26562500e+00 1.49296875e+01 5.00000000e+00 6.12109375e+00
 8.25000000e+00 2.41016096e-10 8.54492188e-01 3.06640625e+00
 1.30757689e-05 5.88281250e+00 1.53984375e+01 2.11406250e+01
 1.09921875e+01 1.46015625e+01 8.65234375e-01 8.11718750e+00
 8.64062500e+00 4.06640625e+00 2.94531250e+00 8.00781250e+00
 7.41406250e+00 4.99712769e-08 2.20666152e-10 5.62890625e+00
 1.29843750e+01 3.41992188e+00 1.21250000e+01 4.38149073e-10
 1.37265625e+01 3.61718750e+00 1.23437500e+01 5.79348125e-10
 8.23437500e+00 8.54687500e+00 3.93164062e+00 8.35937500e-01
 8.92968750e+00 1.35644531e+00 9.64843750e+00 5.49960077e-11
 3.99414062e+00 8.24218750e-01 1.18281250e+01 2.38173925e-11
 1.02734375e+01 4.21484375e+00 1.15078125e+01 9.22656250e+00
 8.06152344e-01 1.00468750e+01 8.38281250e+00 1.33496094e+00
 9.16315912e-11 3.21415428e-09 1.40917969e+00 4.82812500e+00
 1.96875000e+01 5.35156250e+00 1.28238753e-10 1.32734375e+01
 1.00546875e+01 5.65625000e+00 2.65039062e+00 5.50390625e+00
 9.76562500e+00 1.08671875e+01 1.98750000e+01 4.75390625e+00
 9.04296875e-01 6.10937500e+00 1.20000000e+01 1.37207031e-01
 1.07421875e+00 2.12187500e+01 1.23339844e+00 4.80859375e+00
 9.66406250e+00 9.50000000e+00 1.07138476e-09 1.78515625e+00
 3.16796875e+00 5.66796875e+00 4.03906250e+00 1.17812500e+01
 2.22968750e+01 6.46484375e+00 5.76660156e-01 2.31093750e+01
 4.25781250e-01 4.21484375e+00 1.43906250e+01 1.33203125e+01
 9.50781250e+00 8.85156250e+00 2.07904804e-11 9.90625000e+00
 2.18437500e+01 1.36640625e+01 1.80156250e+01 4.21875000e+00
 3.39648438e+00 3.88476562e+00 1.11389160e-01 1.33906250e+01
 1.55978341e-10 6.74804688e-01 1.47109375e+01 1.56835938e+00
 1.50066626e-11 8.58398438e-01 5.69824219e-01 5.91015625e+00
 1.15251169e-07 3.58642578e-01 1.03906250e+01 4.69921875e+00
 2.09325890e-11 6.44140625e+00 3.35742188e+00 7.04101562e-01
 1.42890625e+01 1.02832031e+00 1.55000000e+01 2.43945312e+00
 1.03515625e+01 6.24218750e+00 3.03515625e+00 7.17968750e+00
 1.97949219e+00 7.63183594e-01 2.58984375e+00 1.30468750e+00
 8.81250000e+00 3.39111328e-01 2.10468750e+01 4.43469617e-09
 3.47265625e+00 5.39453125e+00 1.78125000e+01 1.30386353e-02
 2.63298716e-10 8.24229573e-11 2.48632812e+00 1.01684570e-01
 8.17187500e+00 7.20703125e+00 9.85156250e+00 4.73144531e-01
 1.11562500e+01 2.43896484e-01 1.06875000e+01 7.80468750e+00
 8.07031250e+00 1.03437500e+01 4.74276021e-07 1.77812500e+01
 3.38378906e-01 8.38378906e-01 3.25000000e+00 8.39062500e+00
 2.11328125e+00 1.13671875e+01 1.12578125e+01 5.86328125e+00
 6.33984375e+00 4.25000000e+00 2.91992188e+00 1.51269531e+00
 1.17168497e-11 3.21289062e+00 7.64062500e+00 4.25781250e+00
 9.36718750e+00 3.63281250e+00 2.69140625e+00 2.42187500e+00
 2.68554688e-01 9.77539062e-01 2.50338417e-10 1.76855469e+00
 1.79077148e-01 1.96250000e+01 6.28906250e+00 9.51562500e+00
 3.47265625e+00 7.37109375e+00 6.42578125e+00 1.51757812e+00
 5.19833065e-11 1.41153578e-09 5.37500000e+00 1.92285156e+00
 9.74218750e+00 1.38097676e-08 2.15820312e-01 3.30078125e-01
 6.51562500e+00 1.59609375e+01 2.06910045e-11 4.82421875e+00
 1.18984375e+01 4.11328125e+00 5.01562500e+00 8.71875000e+00
 2.44726562e+00 3.90234375e+00 1.63940430e-01 2.57031250e+00
 8.03125000e+00 9.42187500e+00 9.95896698e-11 8.75781250e+00
 9.53125000e-01 2.09375000e+00 6.54267751e-11 6.97265625e+00
 7.30859375e+00 2.30834961e-01 9.00000000e+00 7.26562500e+00
 4.41650627e-09 1.11230469e+00 7.28906250e+00 6.32098818e-11
 1.19375000e+01 3.82617188e+00 3.49609375e+00 5.32812500e+00
 3.35351562e+00 1.05390625e+01 4.81122697e-10 1.06695097e-10
 2.25468750e+01 6.43750000e+00 4.40923031e-09 2.48437500e+00
 1.00156250e+01 8.89062500e+00 1.11171875e+01 1.17031250e+01
 5.62500000e-01 3.31054688e+00 3.38559403e-10 1.19843750e+01
 1.55000000e+01 1.20625000e+01 8.63281250e+00 1.52954102e-01
 4.30468750e+00 2.21250000e+01 1.48203125e+01 1.79511517e-10
 2.96484375e+00 3.66992188e+00 6.46093750e+00 5.96093750e+00
 1.61406250e+01 2.91601562e+00 8.40625000e+00 4.48828125e+00
 1.27421875e+01 5.07324219e-01 2.08125000e+01 4.64843750e+00
 3.67382812e+00 8.28906250e+00 6.82812500e+00 1.34687500e+01
 4.23828125e+00 5.59375000e+00 4.97656250e+00 1.41093750e+01
 2.17187500e+00 4.73046875e+00 2.54687500e+00 5.73046875e+00
 4.62109375e+00 4.26171875e+00 1.73750000e+01 3.71093750e+00
 6.00000000e+00 6.05078125e+00 1.74843750e+01 2.17551133e-09
 3.45458984e-01 9.15747478e-11 1.51875000e+01 7.97265625e+00
 2.07421875e+00 1.96972656e+00 6.30859375e+00 1.27343750e+00
 2.35156250e+00 7.61328125e+00 2.34375000e+00 4.58203125e+00
 1.27148438e+00 1.49375000e+01 1.20468750e+01 2.69140625e+00
 1.08046875e+01 1.82751592e-11 9.69531250e+00 3.66406250e+00
 3.98828125e+00 8.54003906e-01 7.46875000e+00 3.83203125e+00
 2.14218750e+01 4.55078125e+00 6.12500000e+00 3.22460938e+00
 4.38546977e-11 6.92871094e-01 1.67500000e+01 7.87500000e+00
 1.03593750e+01 2.31779040e-11 2.07968750e+01 2.32031250e+00
 8.63281250e+00 1.37187500e+01 1.58203125e+01 7.69531250e+00
 3.92578125e+00 7.76481102e-11 5.34375000e+00 1.34062500e+01
 1.20280674e-10 2.58593750e+00 1.81347656e+00 1.99687500e+01
 7.91015625e-01 1.76367188e+00 5.93445293e-11 5.62749847e-11
 2.04272510e-09 2.72265625e+00 3.26281224e-10 1.14765625e+01
 5.05078125e+00 1.85546875e+00 5.70435077e-09 1.55000000e+01
 7.57812500e+00 7.24398319e-12 1.05781250e+01 6.31640625e+00
 2.05859375e+00 3.71875000e+00 3.01757812e+00 4.69921875e+00
 1.56640625e+01 1.28222656e+00 1.67382812e+00 5.20703125e+00
 1.72527507e-07 4.56640625e+00 8.38281250e+00 1.28466127e-11
 7.66113281e-01 1.04228093e-09 4.94310370e-10 8.86718750e-01
 1.00000000e+00 5.94238281e-01 7.69921875e+00 3.06670245e-11
 8.45703125e-01 2.03181116e-09 8.60156250e+00 2.43225098e-02
 1.07812500e+01 1.29062500e+01 6.42830855e-09 1.16699219e+00
 9.51562500e+00 8.42968750e+00 3.33398438e+00 3.39062500e+00
 4.01562500e+00 2.36328125e+00 6.28515625e+00 3.56054688e+00
 2.64892578e-01 1.33496094e+00 1.14746094e+00 5.54296875e+00
 8.92089844e-01 1.95312500e+00 3.07617188e+00 8.82812500e+00
 1.04843750e+01 6.61621094e-01 2.80273438e+00 7.50976562e-01
 2.12500000e+01 4.83396434e-10 5.01953125e-01 6.37109375e+00
 4.54687500e+00 9.20312500e+00 3.93554688e-01 3.72460938e+00
 9.31250000e+00 1.61621094e+00 4.96484375e+00 1.48361323e-11
 1.80419922e-01 7.23046875e+00 4.39453125e+00 4.01171875e+00
 6.84375000e+00 1.78710938e-01 6.31530384e-11 1.61523438e+00
 6.22549123e-10 8.27343750e+00 1.16015625e+01 7.48046875e-01
 3.05078125e+00 9.32812500e+00 8.17968750e+00 1.29609375e+01
 2.67410278e-03 9.10937500e+00 8.27636719e-02 9.56674739e-11
 1.85644531e+00 3.10365067e-11 1.11140253e-09 8.87207031e-01
 4.14453125e+00 1.15156250e+01 1.81835938e+00 3.38085938e+00
 2.00937500e+01 1.19726562e+00 1.16406250e+01 2.19921875e+00
 6.71484375e+00 9.17968750e+00 1.60000000e+01 1.49062500e+01
 1.23125000e+01 6.80078125e+00 4.08984375e+00 4.74218750e+00
 8.17968750e+00 8.33007812e-01 6.63281250e+00 5.97656250e+00
 1.88125000e+01 7.02148438e-01 7.41015625e+00 6.17968750e+00
 1.66894531e+00 1.23359375e+01 1.82519531e+00 9.73437500e+00
 4.77734375e+00 5.25687938e-09 1.58437500e+01 5.08984375e+00
 1.05859375e+00 3.75976562e+00 1.68847656e+00 2.14062500e+01
 3.94140625e+00 6.39920472e-09 7.10937500e+00 1.57882596e-11
 5.21875000e+00 7.91503906e-01 9.77343750e+00 2.36523438e+00
 2.74414062e+00 2.04492188e+00 2.56477506e-10 4.72656250e+00
 2.25440999e-10 1.96191406e+00 4.90234375e+00 7.48437500e+00
 1.11875000e+01 8.35156250e+00 1.27890625e+01 1.88578042e-11
 1.06171875e+01 2.07226562e+00 6.27343750e+00 9.55468750e+00
 2.48779297e-01 3.38476562e+00 1.20019531e+00 3.81445312e+00
 8.87500000e+00 4.97802734e-01 2.68164062e+00 2.95507812e+00
 9.63154889e-10 3.86914062e+00 1.08515625e+01 6.12890625e+00
 4.50000000e+00 1.92521838e-08 1.00156250e+01 7.66015625e+00
 4.15234375e+00 2.03281250e+01 1.20390625e+01 2.60742188e+00
 2.17578125e+00 7.95312500e+00 3.00781250e+00 6.28906250e+00
 7.01562500e+00 5.73436409e-10 1.93457031e+00 2.32812500e+00
 2.08125000e+01 1.29589844e+00 4.68359375e+00 7.30859375e+00
 9.71093750e+00 1.93281250e+01 3.02978516e-01 6.85156250e+00
 6.97265625e+00 8.82031250e+00 2.03710938e+00 5.08203125e+00
 5.40234375e+00 1.72661885e-11 6.76269531e-01 8.77343750e+00
 1.36640625e+01 7.35546875e+00 9.10937500e+00 2.11523438e+00
 6.48046875e+00 6.36646291e-09 1.62968750e+01 5.56974555e-09
 6.01562500e+00 3.22851562e+00 6.27343750e+00 3.84403620e-12
 1.26874511e-09 1.48929757e-10 3.58789062e+00 8.31250000e+00
 1.00390625e+00 3.25390625e+00 1.36640625e+01 1.81542969e+00
 2.79541016e-01 6.32421875e+00 4.62500000e+00 6.22558594e-01
 1.00772013e-09 1.01640625e+01 1.82694748e-10 1.01718750e+01
 4.46875000e+00 2.60156250e+00 7.51953125e+00 5.31250000e-01
 1.08359375e+01 3.98437500e+00 9.96875000e+00 1.46562500e+01
 8.86188900e-11 4.10546875e+00 1.99707031e-01 8.71093750e+00
 1.62812500e+01 5.97656250e+00 6.83203125e+00 5.82031250e+00
 7.03125000e+00 2.33058017e-10 9.47656250e+00 1.79980469e+00
 3.18554688e+00 5.36328125e+00 2.21562500e+01 6.33804120e-11
 7.37500000e+00 1.15859375e+01 5.08984375e+00 1.76093750e+01
 2.59960938e+00 1.25601218e-09 3.21289062e-01 1.09218750e+01
 2.85922397e-11 6.46484375e+00 6.46093750e+00 1.04797363e-01
 3.24804688e+00 7.73828125e+00 6.65527344e-01 1.38671875e-01
 2.20643415e-09 6.78028300e-10 9.67968750e+00 4.21875000e+00
 2.48046875e-01 1.66875000e+01 1.51015625e+01 5.65592018e-12
 1.05078125e+01 4.48437500e+00 1.25396582e-10 1.14687500e+01
 8.83915163e-11 1.46901584e-08 4.12109375e+00 1.23515625e+01
 9.11718750e+00 1.14375000e+01 2.90429688e+00 1.97019290e-10
 1.01318359e-01 4.46093750e+00 7.15625000e+00 1.38203125e+01
 6.63671875e+00 1.05156250e+01 1.10546875e+00 9.84375000e+00
 2.61306763e-03 1.09531250e+01 1.13984375e+01 1.79199219e+00
 6.43467502e-10 8.03125000e+00 5.61328125e+00 7.96484375e+00
 5.61328125e+00 1.60644531e+00 3.50386387e-13 9.57812500e+00
 8.99414062e-01 3.29345703e-01 1.56640625e+00 2.17382812e+00
 3.56835938e+00 3.89062500e+00 5.85156250e+00 1.10351562e+00
 9.28125000e+00 4.51562500e+00 3.39453125e+00 4.08984375e+00
 6.00390625e+00 1.08984375e+01 9.77050781e-01 1.50781250e+00
 1.47578125e+01 1.24296875e+01 1.30078125e+01 2.15429688e+00
 2.44937837e-07 1.26718750e+01 1.32421875e+01 3.04687500e-01
 6.14062500e+00 2.26562500e+00 2.18906250e+01 6.25277607e-10
 1.60625000e+01 3.21679688e+00 4.44140625e+00 6.34375000e+00
 1.67656250e+01 2.64843750e+00 1.54140625e+01 2.04882812e+00
 5.09375000e+00 3.90429688e+00 2.18281250e+01 1.16562500e+01
 9.35156250e+00 1.65000000e+01 7.96717359e-09 1.41992188e+00
 1.70156250e+01 6.98046875e+00 7.51464844e-01 3.32617188e+00
 3.99023438e+00 1.37265625e+01 1.18828125e+01 7.18359375e+00
 5.08203125e+00 9.30468750e+00 2.48437500e+00 1.29375000e+01
 1.97968750e+01 8.30468750e+00 7.94140625e+00 2.33984375e+00
 3.70361328e-01 1.06406250e+01 5.72265625e+00 1.50546875e+01
 4.26171875e+00 1.10234375e+01 1.32968750e+01 7.07812500e+00
 3.59614205e-09 2.34570312e+00 9.21630859e-02 4.16992188e-01
 4.31640625e+00 3.66992188e+00 7.50000000e-01 5.72753906e-01
 2.39501953e-01 2.25099939e-10 3.07031250e+00 1.76718750e+01
 1.33671875e+01 1.26562500e+01 2.31406250e+01 3.80396159e-10
 4.19677734e-01 1.64355469e+00 3.79101562e+00 6.61328125e+00
 3.29492188e+00 6.67480469e-01 2.39648438e+00 1.75312500e+01
 3.19335938e+00 5.86914062e-01 1.08984375e+00 1.16210938e+00
 1.41875000e+01 1.30175781e+00 5.93445293e-10 8.13281250e+00
 4.85156250e+00 2.45312500e+00 2.82812500e+00 5.37890625e+00
 1.94062500e+01 1.26269531e+00 3.59765625e+00 2.46679688e+00
 9.70312500e+00 1.14765625e+01 2.74303602e-09 6.40625000e+00
 5.73046875e+00 1.51796875e+01 7.67578125e+00 6.90234375e+00
 9.12597656e-01 2.07762696e-11 9.07031250e+00 8.48437500e+00
 3.72070312e+00 1.57519531e+00 2.81250000e+00 5.09765625e+00
 1.93164062e+00 3.08398438e+00 1.30371094e+00 1.92656250e+01
 1.57343750e+01 4.97265625e+00 4.94140625e+00 5.64843750e+00
 9.65820312e-01 1.12011719e+00 2.19375000e+01 6.75000000e+00
 4.44742909e-10 1.29687500e+01 4.88671875e+00 7.85937500e+00
 5.42187500e+00 4.27734375e+00 8.07128906e-01 1.51484375e+01
 2.47192383e-01 4.52343750e+00 3.61523438e+00 1.87622070e-01
 5.35546875e+00 7.01953125e+00 1.49531250e+01 1.02578125e+01
 8.03538569e-10 4.29296875e+00 1.63183594e+00 1.11718750e+01
 9.05468750e+00 9.39843750e+00 1.83691406e+00 7.69042969e-01
 1.42871094e+00 1.48750000e+01 4.60156250e+00 6.77734375e+00
 4.63671875e+00 1.41601562e+00 4.59228516e-01 3.45117188e+00
 3.95857569e-10 8.52050781e-01 7.02734375e+00 1.11875000e+01
 8.46875000e+00 9.10063136e-11 4.68359375e+00 9.55468750e+00
 8.50000000e+00 1.37333700e-09 3.25781250e+00 1.20605469e+00
 9.30468750e+00 1.15332031e+00 9.91406250e+00 7.80273438e-01
 1.64843750e+01 2.11132812e+00 1.00312500e+01 1.13906250e+01
 3.69531250e+00 5.52734375e+00 8.65625000e+00 9.69238281e-01
 1.57734375e+01 3.98632812e+00 1.84082031e+00 1.17578125e+01
 1.59140625e+01 5.44921875e+00 4.71484375e+00 5.51562500e+00
 7.72460938e-01 5.45114744e-08 1.30078125e+01 1.34140625e+01
 1.16875000e+01 1.67972303e-11 3.01953125e+00 1.87011719e+00
 9.08593750e+00 1.58691406e+00 6.55973054e-11 8.53027344e-01
 1.52500000e+01 3.53515625e+00 9.69238281e-01 1.26757812e+00
 7.83984375e+00 2.71484375e+00 3.01042746e-10 2.17710294e-10
 5.46484375e+00 6.32031250e+00 2.86064505e-11 1.90781250e+01
 1.44062500e+01 5.03125000e+00 1.32324219e+00 9.58496094e-01
 1.73125000e+01 4.89453125e+00 1.95068359e-01 5.60937500e+00
 2.09531250e+01 2.26953125e+00 2.06250000e+01 3.71093750e+00
 7.08007812e-01 3.56445312e+00 4.65625000e+00 9.31250000e+00
 5.02343750e+00 2.11718750e+00 1.23339844e+00 1.96093750e+01
 1.15312500e+01 3.11523438e+00 1.81093750e+01 5.84765625e+00
 4.43750000e+00 7.79687500e+00 8.90625000e+00 6.56250000e+00
 2.24218750e+00 6.73046875e+00 1.14379883e-01 5.08203125e+00
 9.82812500e+00 1.78515625e+00 6.77734375e+00 1.76406250e+01
 2.80468750e+00 4.46931381e-12 4.10156250e+00 8.67187500e+00
 5.89843750e+00 9.00000000e+00 1.52421875e+01 6.98605618e-11
 4.77294922e-01 1.17109375e+01 2.19726562e+00 6.58984375e+00
 9.80468750e+00 1.80781250e+01 1.09570312e+00 6.72656250e+00
 6.04003906e-01 1.20234375e+01 1.62011719e+00 1.91601562e+00
 5.17578125e+00 1.56860352e-01 8.64746094e-01 2.26440430e-01
 1.75468750e+01 1.06796875e+01 1.60937500e+01 3.22460938e+00
 3.05468750e+00 8.73437500e+00 7.14062500e+00 1.35058594e+00
 4.22656250e+00 8.27343750e+00 5.21484375e+00 1.69984560e-09
 6.76209311e-10 1.84531250e+01 2.23622010e-10 1.41093750e+01
 7.49511719e-01 5.20703125e+00 1.81835938e+00 2.93945312e+00
 1.32617188e+00 7.84375000e+00 5.78515625e+00 1.75390625e+00
 1.31542969e+00 4.58593750e+00 6.47265625e+00 1.70156250e+01
 6.32812500e-01 1.49062500e+01 2.72656250e+00 2.26406250e+01
 4.11328125e+00 8.68750000e+00 7.75781250e+00 1.11015625e+01
 1.90880201e-10 2.75976562e+00 6.15234375e+00 3.40652466e-03
 3.07617188e-01 1.38671875e+00 8.83593750e+00 1.79134076e-08
 1.32871492e-11 5.33593750e+00 3.94531250e+00 2.29531250e+01
 8.64257812e-01 2.23876953e-01 6.86718750e+00 9.01855469e-01
 9.24316406e-01 3.13671875e+00 8.17968750e+00 1.85877980e-10
 9.50781250e+00 9.25781250e+00 2.91015625e+00 1.37421875e+01
 1.83007812e+00 2.42437181e-11 1.40971679e-10 9.59375000e+00
 6.12500000e+00 2.46093750e+00 1.14375000e+01 1.26171875e+00
 7.17285156e-01 2.84179688e+00 4.77666617e-09 3.88085938e+00
 1.99121094e+00 1.36621094e+00 8.48667696e-08 7.55078125e+00
 1.12500000e+00 3.87890625e+00 2.00657269e-11 2.23437500e+01
 3.84570312e+00 9.78125000e+00 1.46484375e+00 2.29736328e-01
 7.05468750e+00 2.40447662e-11 2.15429688e+00 9.59698809e-09
 5.35156250e+00 5.35237632e-10 5.52343750e+00 1.56718750e+01
 3.24023438e+00 3.64934749e-10 1.82581061e-10 1.04482751e-08
 8.44531250e+00 1.40468750e+01 7.55078125e+00 7.42187500e-01
 7.91796875e+00 9.38281250e+00 5.14843750e+00 7.53906250e+00
 6.86035156e-01 7.30468750e+00 1.53593750e+01 6.00097656e-01
 3.57617188e+00 5.27052180e-10 3.94335938e+00 6.91796875e+00
 5.01953125e+00 1.01093750e+01 2.17382812e+00 1.57324219e+00
 6.98046875e+00 6.07656148e-11 1.06718750e+01 8.02246094e-01
 1.81875000e+01 1.41875000e+01 2.28593750e+01 4.07421875e+00
 2.18164062e+00 4.28125000e+00 9.42968750e+00 1.72070312e+00
 1.44375000e+01 7.47265625e+00 7.97656250e+00 3.45312500e+00
 1.79101562e+00 1.60058594e+00 2.62500000e+00 1.73906250e+01
 3.70898438e+00 1.64611265e-07 6.87890625e+00 4.60546875e+00
 1.23828125e+01 3.78125000e+00 5.42187500e+00 3.95117188e+00
 7.39532879e-11 1.64062500e+01 1.11953125e+01 3.92578125e+00
 4.21484375e+00 1.52050781e+00 5.83593750e+00 2.34570312e+00
 1.43457031e+00 4.48046875e+00 4.05859375e+00 8.09375000e+00
 4.02734375e+00 2.75390625e+00 1.56054688e+00 3.00781250e+00
 2.10275175e-09 4.92187500e+00 1.24414062e+00 3.28613281e-01
 4.15234375e+00 8.82031250e+00 5.19531250e+00 2.17141860e-10
 1.09843750e+01 3.76464844e-01 1.23046875e+00 3.50976562e+00
 1.42734375e+01 1.40747070e-01 9.10156250e+00 3.28906250e+00
 3.90173227e-10 4.58385330e-10 1.59082031e+00 4.41104930e-11
 1.49707031e+00 4.76720743e-08 7.90625000e+00 3.51562500e+00
 9.14062500e+00 9.33937372e-11 1.76875000e+01 2.28281250e+01
 5.80468750e+00 4.81463758e-11 1.00781250e+01 1.40468750e+01
 7.55078125e+00 2.36523438e+00 1.09453125e+01 2.64892578e-01
 1.22578125e+01 1.71582031e+00 1.27109375e+01 4.66406250e+00
 8.28125000e-01 9.53906250e+00 8.79882812e-01 1.04609375e+01
 5.08203125e+00 2.31445312e+00 6.34765625e+00 1.91113281e+00
 6.43359375e+00 1.89746094e+00 7.89062500e+00 1.52500000e+01
 4.26562500e+00 2.06542969e-01 1.53417969e+00 1.15468750e+01
 1.20468750e+01 1.32734375e+01 3.61132812e+00 3.11132812e+00
 6.89760782e-08 2.64961272e-07 3.16992188e+00 9.65083018e-08
 5.00000000e+00 4.30664062e-01 1.61621094e+00 5.11718750e+00
 1.74062500e+01 1.12734375e+01 4.89453125e+00 2.98427949e-11
 1.64218750e+01 2.51757812e+00 1.61093750e+01 9.82812500e+00
 9.46875000e+00 5.26046753e-03 5.64843750e+00 1.20390625e+01
 2.66406250e+00 2.91765900e-09 1.86914062e+00 1.74218750e+01
 9.73632812e-01 6.58593750e+00 1.71386719e+00 1.47578125e+01
 5.63281250e+00 3.44921875e+00 2.01757812e+00 2.53125000e+00
 2.19375000e+01 6.54296875e-01 6.48437500e+00 7.14721680e-02
 5.71093750e+00 1.98730469e+00 4.16406250e+00 1.34375000e+00
 1.98750000e+01 8.39062500e+00 6.02813088e-09 1.76078174e-09
 2.32812500e+00 5.82031250e-01 1.40722656e+00 2.29988473e-10
 8.07031250e+00 1.41250000e+01 1.01074219e+00 1.02968750e+01
 1.93750000e+01 1.01660156e+00 3.34765625e+00 1.90551758e-01
 4.69531250e+00 4.71484375e+00 4.00859790e-10 3.09960938e+00
 1.67968750e+01 1.81835938e+00 2.53320312e+00 8.38281250e+00
 1.75930381e-11 1.70898438e+00 1.96875000e+00 9.36718750e+00
 5.71777344e-01 1.89062500e+01 1.27441406e+00 2.33789062e+00
 2.42152964e-10 5.48437500e+00 2.60986328e-01 5.41015625e+00
 3.99040800e-11 6.70703125e+00 1.14257812e+00 2.61718750e+00
 7.01447789e-11 1.59453125e+01 9.59516910e-11 4.70947725e-11
 8.32812500e+00 2.61132812e+00 9.28710938e-01 1.91601562e+00
 3.39453125e+00 2.06640625e+00 1.52109375e+01 4.10546875e+00
 5.36328125e+00 4.16662260e-11 5.69921875e+00 5.75000000e+00
 1.10625000e+01 1.16796875e+01 1.16308594e+00 1.12578125e+01
 4.32031250e+00 8.32031250e+00 9.53906250e+00 1.13378906e+00
 1.92480469e+00 4.29281499e-09 7.19531250e+00 1.38203125e+01
 8.58593750e+00 1.72363281e+00 2.98086889e-10 1.44531250e+01
 4.57589522e-11 1.04921875e+01 4.76953125e+00 1.43281250e+01
 3.68750000e+00 5.03906250e+00 9.14062500e+00 1.95703125e+00
 1.85781250e+01 5.89843750e+00 9.62785407e-12 2.28593750e+01
 8.75000000e+00 3.96875000e+00 4.69531250e+00 4.89453125e+00
 2.94726562e+00 9.43847656e-01 1.53027344e+00 5.02734375e+00
 5.55859375e+00 3.31640625e+00 6.49414062e-01 2.22500000e+01
 9.52343750e+00 2.12812500e+01 2.67187500e+00 1.74218750e+01
 3.52929688e+00 1.28906250e+00 3.42968750e+00 1.60625000e+01
 1.01718750e+01 3.52539062e+00 3.68359375e+00 6.75390625e+00
 6.14843750e+00 1.06406250e+01 8.80468750e+00 1.82812500e+00
 3.08789062e+00 7.97851562e-01 5.05859375e+00 3.64453125e+00
 2.76953125e+00 6.81640625e+00 1.41640625e+01 1.86718750e+01
 5.28906250e+00 2.61523438e+00 1.21484375e+00 8.65838956e-10
 1.93125000e+01 6.00390625e+00 1.86621094e+00 2.55078125e+00
 6.87109375e+00 5.76171875e+00 5.54427970e-09 1.59843750e+01
 3.39257812e+00 2.52148438e+00 6.03125000e+00 3.17382812e+00
 1.91107574e-10 9.08593750e+00 2.45507812e+00 6.30859375e+00
 2.10156250e+01 2.90039062e+00 4.41796875e+00 5.60546875e+00
 1.10156250e+00 6.55078125e+00 9.10937500e+00 6.13671875e+00
 5.19140625e+00 2.29738362e-09 5.91308594e-01 4.14062500e+00
 4.09765625e+00 5.70312500e+00 1.08343556e-10 1.06347656e+00
 1.49414062e+00 4.27343750e+00 6.18456397e-11 6.03108674e-11
 3.54101562e+00 1.06171875e+01 8.20312500e+00 1.69042969e+00
 3.15039062e+00 8.78125000e+00 1.20468750e+01 1.15722656e+00
 3.31835938e+00 1.13984375e+01 7.63281250e+00 5.25000000e+00
 4.90625000e+00 6.66992188e-01 6.62109375e+00 4.25292969e-01
 7.30078125e+00 6.69921875e-01 9.37500000e+00 2.50976562e+00
 2.38697950e-13 1.47031250e+01 1.04394531e+00 6.22656250e+00
 4.56787109e-01 1.20468750e+01 1.30148692e-09 3.07336450e-08
 5.15625000e+00 4.25781250e+00 8.70361328e-02 5.60156250e+00
 1.58691406e-01 1.36230469e+00 2.79882812e+00 2.93554688e+00
 6.55859375e+00 6.32812500e+00 4.98437500e+00 6.89062500e+00
 1.45117188e+00 1.00625000e+01 2.04843750e+01 4.67578125e+00
 1.50976120e-10 6.61718750e+00 2.97656250e+00 8.97656250e+00
 4.79736328e-01 9.12696123e-08 7.08496094e-01 9.20294951e-11
 2.43750000e+00 1.97265625e+00 2.38069333e-07 1.61526259e-09
 1.15136719e+00 3.31835938e+00 2.25668373e-10 7.06176758e-02
 8.93750000e+00 6.76171875e+00 2.46093750e+00 7.52625056e-08
 1.48906250e+01 1.34687500e+01 6.63574219e-01 9.14843750e+00
 1.59863281e+00 9.46093750e+00 6.65234375e+00 2.47851562e+00
 8.57031250e+00 2.39453125e+00 7.98437500e+00 3.44335938e+00
 2.11562500e+01 1.19375000e+01 4.11718750e+00 1.39218750e+01
 1.30512490e-10 5.17089844e-01 6.35937500e+00 1.08789062e+00
 5.55078125e+00 8.33496094e-01 1.60937500e+00 2.05664062e+00
 4.85937500e+00 1.28906250e+01 3.49609375e-01 7.88281250e+00
 8.15634849e-09 1.71191406e+00 7.13500977e-02 1.82421875e+00
 5.52343750e+00 9.06250000e-01 1.24687500e+01 3.42382812e+00
 3.75734999e-11 1.37597656e+00 1.22343750e+01 9.18750000e+00
 7.05859375e+00 1.31484375e+01 1.70937500e+01 1.32656250e+01
 1.77734375e+00 3.34960938e+00 2.19140625e+00 1.98593750e+01
 2.01566763e-10 1.91601562e+00 5.41503906e-01 2.92578125e+00
 1.52734375e+01 1.19296875e+01 1.92343750e+01 1.04843750e+01
 4.41796875e+00 1.74804688e+00 1.01165771e-02 4.28515625e+00
 1.78027344e+00 3.14453125e+00 2.93164062e+00 1.67871094e+00
 1.15703125e+01 8.34472656e-01 3.25195312e+00 1.09992015e-11
 1.61562500e+01 8.60156250e+00 1.45019531e+00 1.03671875e+01
 2.24023438e+00 8.94531250e+00 4.98962402e-02 1.48730469e+00
 7.79296875e+00 1.73535156e+00 2.24687500e+01 4.97265625e+00
 6.01953125e+00 8.29687500e+00 6.55078125e+00 1.33582034e-10
 1.55182533e-10 3.38671875e+00 6.54296875e+00 1.20546875e+01
 1.36523438e+00 3.89843750e+00 1.84765625e+00 9.77706804e-11
 1.13046875e+01 6.68750000e+00 7.68359375e+00 6.92187500e+00
 1.61718750e+01 1.21875000e+00 1.85839844e+00 2.15000000e+01
 4.56250000e+00 7.45217221e-11 1.51999302e-10 2.98632812e+00
 8.94531250e+00 4.98535156e-01 4.33203125e+00 4.35937500e+00
 1.22343750e+01 8.60937500e+00 1.39380063e-10 7.33984375e+00
 6.37890625e+00 9.39843750e+00 1.24453125e+01 4.37109375e+00
 1.32265625e+01 5.35937500e+00 6.09765625e+00 1.58515625e+01
 1.50976120e-10 1.60742188e+00 8.09082031e-01 1.19375000e+01
 5.28515625e+00 4.72656250e+00 6.94335938e-01 5.92968750e+00
 1.89062500e+01 8.66210938e-01 1.33671875e+01 5.27832031e-01
 5.27734375e+00 1.03828125e+01 8.00000000e+00 2.80859375e+00
 3.76757812e+00 1.25195312e+00 1.49921875e+01 1.31015625e+01
 4.97948349e-11 2.29492188e+00 5.13671875e+00 3.05078125e+00
 4.62109375e+00 4.06640625e+00 1.50000000e+01 1.43554688e+00
 3.98632812e+00 1.17239551e-12 4.28906250e+00 5.55883162e-09
 1.33886719e+00 2.32812500e+00 7.31250000e+00 4.46484375e+00
 3.11217718e-11 6.97265625e+00 2.71289062e+00 1.87500000e+01
 1.37890625e+00 3.06054688e+00 8.15634849e-09 1.90000000e+01
 1.66718750e+01 2.10156250e+00 7.76562500e+00 5.70800781e-01
 9.32031250e+00 4.03588274e-10 3.02978516e-01 2.83203125e+00
 3.80859375e+00 1.28238753e-10 1.86406250e+01 1.47890625e+01
 3.46289062e+00 2.36013875e-10 1.85644531e+00 5.30859375e+00
 7.39843750e+00 1.00683594e+00 1.09245946e-12 1.11093750e+01
 7.01171875e+00 9.30468750e+00 3.33496094e-01 5.52734375e-01
 1.03417969e+00 1.22421875e+01 9.00000000e+00 1.01226760e-09
 2.14648438e+00 1.06015625e+01 5.14453125e+00 1.81562500e+01
 1.22656250e+01 2.00781250e+00 2.31466402e-10 7.91624188e-08
 9.81445312e-01 2.25390625e+00 6.53906250e+00 3.58593750e+00
 1.60522461e-01 1.95468750e+01 8.86718750e+00 2.30829755e-09
 1.30468750e+01 1.06484375e+01 1.00234375e+01 3.76953125e+00
 4.36328125e+00 4.72265625e+00 1.40000000e+01 8.01562500e+00
 3.55664062e+00 1.20214844e+00 8.46093750e+00 6.35937500e+00
 1.22656250e+00 3.48437500e+00 3.53906250e+00 3.96679688e+00
 1.56171875e+01 7.67578125e-01 8.39008862e-11 3.61523438e+00
 7.55335350e-10 1.46972656e+00 1.28250122e-02 1.33359375e+01
 1.61562500e+01 5.04296875e+00 2.22460938e+00 3.67187500e+00
 3.52172852e-02 3.43750000e+00 8.40625000e+00 2.83222334e-11
 1.04218750e+01 3.85546875e+00 7.44531250e+00 2.69042969e-01
 7.31688488e-10 2.86328125e+00 3.31445312e+00 1.13906250e+01
 2.59765625e+00 3.76562500e+00 1.87500000e+01 9.36523438e-01
 2.52539062e+00 6.47656250e+00 1.29492188e+00 8.15429688e-01
 7.90039062e-01 2.81640625e+00 1.24609375e+01 1.09436035e-01
 8.94042969e-01 1.54492188e+00 9.88281250e-01 6.79199219e-01
 4.41796875e+00 4.99858288e-09 5.07327513e-11 2.25976562e+00
 3.43554688e+00 1.27215571e-10 1.90468750e+01 9.44531250e+00
 6.65625000e+00 4.36718750e+00 7.64062500e+00 8.77929688e-01
 5.17187500e+00 1.72343750e+01 6.40625000e+00 3.47851562e+00
 2.35473863e-11 1.21406250e+01 5.07498044e-10 3.71093750e-01
 6.51367188e-01 1.52109375e+01 4.58203125e+00 6.23986125e-08
 7.60337571e-10 2.11132812e+00 3.02490234e-01 1.20234375e+01
 1.82041049e-11 3.88240551e-11 2.56054688e+00 1.44453125e+01
 1.10156250e+00 2.81054688e+00 8.10937500e+00 1.13515625e+01
 1.28593750e+01 1.18750000e+00 3.42197382e-11 4.75390625e+00
 8.65625000e+00 1.73125000e+01 2.82226562e+00 4.16015625e+00
 1.21484375e+01 6.10351562e-01 3.22460938e+00 1.59472656e+00
 1.78417969e+00 5.12890625e+00 4.70379291e-11 3.44726562e+00
 7.26171875e+00 2.53173828e-01 2.24609375e-01 1.33007812e+00
 8.91873242e-11 4.68359375e+00 1.54980469e+00 4.18750000e+00
 1.80664062e+00 5.46386719e-01 4.51052529e-11 1.30625000e+01
 5.92968750e+00 1.86901161e-10 1.34687500e+01 6.67578125e+00
 3.44921875e+00 1.78437500e+01 1.35742188e-01 1.06250000e+00
 5.06250000e+00 5.46093750e+00 8.85937500e+00 1.49375000e+01
 1.55566406e+00 3.97070312e+00 1.36406250e+01 4.39062500e+00
 1.14550781e+00 3.66796875e+00 2.50585938e+00 1.41875000e+01
 3.28369141e-01 1.10546875e+00 1.77246094e+00 4.34375000e+00
 2.25781250e+01 4.10156250e+00 1.73750000e+01 1.01171875e+01
 1.46328125e+01 3.11047188e-10 1.15468750e+01 4.20410156e-01
 3.55859375e+00 1.50625000e+01 3.51171875e+00 3.91406250e+00
 1.61093750e+01 1.80957031e+00 4.88525391e-01 1.62963867e-02
 5.08203125e+00 1.28281250e+01 3.48242188e+00 6.87500000e+00
 4.41796875e+00 6.34375000e+00 1.96875000e+00 8.57198756e-11
 7.51953125e+00 1.19238281e+00 7.13378906e-01 4.69921875e+00
 1.22753906e+00 8.47656250e+00 1.05000000e+01 5.42480469e-01
 2.97265625e+00 9.91406250e+00 7.64062500e+00 1.83750000e+01
 6.46484375e+00 8.03710938e-01 7.06640625e+00 1.13828125e+01
 1.11484375e+01 3.27734375e+00 6.29256647e-11 3.58203125e+00
 1.29034561e-10 2.21093750e+01 5.93445293e-11 7.37500000e+00
 8.50097656e-01 7.28515625e-01 9.67187500e+00 3.14697266e-01
 8.52966309e-03 1.29843750e+01 2.08046913e-10 4.33203125e+00
 9.36718750e+00 2.09979589e-10 6.34372554e-10 7.97851562e-01
 1.42578125e+01 1.18457031e+00 1.18046875e+01 1.02187500e+01
 6.12500000e+00 2.86328125e+00 4.07851530e-12 1.44921875e+01
 6.04687500e+00 2.25937500e+01 4.53906250e+00 6.25846042e-11
 4.03515625e+00 1.80156250e+01 5.62109375e+00 5.32421875e+00
 1.21328125e+01 1.79500859e-12 4.50390625e+00 2.56022759e-10
 1.96972656e+00 3.27929688e+00 3.79492188e+00 6.78710938e-01
 1.89355469e+00 8.92187500e+00 2.22778320e-01 3.52929688e+00
 1.36796875e+01 1.39941406e+00 2.00156250e+01 1.61406250e+01
 1.49536133e-01 1.91113281e+00 5.97356120e-09 1.19531250e+00
 2.16562500e+01 5.07421875e+00 5.46484375e+00 7.72656250e+00
 3.68750000e+00 2.25195312e+00 3.49609375e-01 5.50292969e-01
 1.09531250e+01 3.30078125e+00 4.61718750e+00 8.53906250e+00
 1.98593750e+01 2.88281250e+00 2.19375000e+01 9.52148438e-01
 5.64941406e-01 4.49218750e+00 3.70361328e-01 1.64375000e+01
 8.47656250e+00 2.33593750e+00 1.40136719e+00 7.93945312e-01
 5.92578125e+00 1.26328125e+01 1.55937500e+01 1.13593750e+01
 1.36328125e+00 3.19335938e+00 7.51171875e+00 8.25000000e+00
 1.76239014e-02 4.64062500e+00 7.58984375e+00 9.97602001e-11
 5.58593750e+00 4.22265625e+00 2.75976562e+00 1.13906250e+01
 4.49609375e+00 5.01171875e+00 3.05468750e+00 3.10742188e+00
 1.38778687e-02 3.27734375e+00 1.53437500e+01 6.49151843e-11
 2.71679688e+00 7.20312500e+00 1.07812500e+01 9.06738281e-01
 1.52421875e+01 6.08984375e+00 7.80761719e-01 9.86718750e+00
 3.02490234e-01 2.02968750e+01 3.28906250e+00 3.87601062e-12
 7.18750000e-01 6.29296875e+00 4.22265625e+00 9.67226299e-13
 3.53515625e+00 5.56250000e+00 1.93437500e+01 5.68359375e+00
 1.12890625e+01 1.24609375e+01 2.03515625e+00 2.26562500e+00
 6.48046875e+00 8.92968750e+00 3.35156250e+00 2.50000000e+00
 1.62968750e+01 1.94213867e-01 2.32034836e-10 6.35156250e+00
 4.99218750e+00 3.79296875e+00 4.30190994e-10 1.60468750e+01
 6.91406250e+00 9.77050781e-01 7.38281250e-01 2.14062500e+00
 3.81835938e+00 7.00310920e-10 1.61526259e-09 1.81875000e+01
 2.19482422e-01 6.85156250e+00 1.82128906e+00 6.50781250e+00
 9.14951670e-10 7.54687500e+00 1.85253906e+00 6.42578125e+00
 2.81250000e-01 1.86816406e+00 1.49296875e+01 6.54687500e+00
 1.83437500e+01 5.25000000e+00 1.51000977e-01 2.02968750e+01
 7.30468750e+00 1.01562500e+01 6.45996094e-01 9.98437500e+00
 2.07421875e+00 2.64662958e-10 1.37788447e-10 7.88077159e-10
 3.46744855e-10 5.63105118e-13 1.79375000e+01 1.08828125e+01
 1.02832031e+00 1.48925781e-01 4.12890625e+00 1.40820312e+00
 1.15078125e+01 1.41328125e+01 9.85351562e-01 3.58398438e+00
 5.66406250e+00 3.33398438e+00 1.30236149e-05 3.03515625e+00
 1.13476562e+00 5.00000000e-01 2.56022759e-10 1.01406250e+01
 4.68750000e-01 4.36401367e-02 5.48971002e-09 2.24375000e+01
 8.44465831e-10 4.94531250e+00 9.49512469e-09 4.25000000e+00
 1.90039062e+00 6.31640625e+00 6.35937500e+00 5.12727638e-11
 1.00878906e+00 2.93945312e+00 4.44140625e+00 5.87890625e+00
 5.32226562e-01 1.29140625e+01 2.60253906e-01 4.97265625e+00
 2.29101562e+00 6.90917969e-01 1.03613281e+00 2.25976562e+00
 7.40625000e+00 4.50781250e+00 1.93457031e+00 2.04882812e+00
 1.92382812e+00 1.24218750e+01 6.81250000e+00 5.21875000e+00
 1.83203125e+00 4.58984375e+00 1.46250000e+01 1.27656250e+01
 1.18046875e+01 2.00390625e+00 1.50859375e+01 4.26007318e-09
 1.82714844e+00 2.16346052e-10 1.36196832e-10 4.62109375e+00
 2.11132812e+00 8.74218750e+00 1.20703125e+01 2.13437500e+01
 7.69659891e-11 1.20078125e+01 1.62343750e+01 1.83906250e+01
 1.04687500e+01 1.24453125e+01 5.02929688e-01 1.48828125e+00
 1.40234375e+00 5.72265625e+00 3.34960938e+00 1.20235200e-09
 1.38085938e+00 7.63183594e-01 5.16229193e-09 5.73437500e+00
 6.80788759e-13 2.48405740e-11 7.26171875e+00 9.33593750e+00
 1.85351562e+00 1.92138672e-01 2.07968750e+01 2.00390625e+00
 2.29492188e+00 9.80957031e-01 2.75781250e+00 3.54492188e+00
 6.94531250e+00 1.02890625e+01 9.91349225e-11 2.97460938e+00
 2.89306641e-01 2.91406250e+00 2.14062500e+01 9.07031250e+00
 3.62304688e+00 8.23437500e+00 8.64062500e+00 7.00390625e+00
 4.15234375e+00 3.38671875e+00 3.00195312e+00 9.25000000e+00
 2.56640625e+00 2.24389396e-11 5.17442822e-06 2.35156250e+00
 7.25390625e+00 5.48046875e+00 1.65039062e+00 4.72656250e+00
 1.36425781e+00 1.09687500e+01 3.90625000e+00 6.01171875e+00
 4.28515625e+00 8.78125000e+00 7.00390625e+00 1.67343750e+01
 7.93359375e+00 1.00468750e+01 1.41250000e+01 1.07128906e+00
 6.88281250e+00 8.54980469e-01 1.86718750e+01 1.53359375e+01
 1.47167969e+00 1.15781250e+01 1.33906250e+01 1.13515625e+01
 2.12343750e+01 2.18906250e+01 3.07812500e+00 9.17358398e-02
 4.16015625e+00 9.24218750e+00 9.21093750e+00 2.14062500e+00
 4.23046875e+00 9.88281250e+00 7.52734375e+00 1.36328125e+01
 5.64453125e+00 1.02031250e+01 1.03046875e+01 6.31640625e+00
 9.50781250e+00 1.92130756e-11 4.78125000e+00 1.00859375e+01
 2.32226562e+00 6.55174255e-04 1.00878906e+00 1.37695312e+00
 4.41894531e-01 1.05312500e+01 1.45838897e-12 1.62187500e+01
 5.86718750e+00 6.85937500e+00 1.14550781e+00 1.13984375e+01
 1.40390625e+01 2.01171875e+00 2.60742188e+00 1.52832031e+00
 2.56250000e+00 2.67382812e+00 6.90917969e-01 8.99218750e+00
 6.38671875e-01 1.48828125e+00 9.64062500e+00 1.63593750e+01
 3.86132812e+00 8.71875000e+00 1.47851562e+00 5.26654276e-11
 5.55468750e+00 8.63281250e+00 2.83007812e+00 3.99609375e+00
 4.33593750e+00 1.04140625e+01 6.38671875e+00 2.07343750e+01
 3.55859375e+00 8.33593750e+00 1.06718750e+01 9.69238281e-01
 6.79687500e+00 2.23632812e+00 1.27656250e+01 6.19921875e+00
 8.84375000e+00 5.42187500e+00 2.65429688e+00 5.51953125e+00
 1.64375000e+01 2.03320312e+00 3.07031250e+00 1.70507812e+00
 5.38281250e+00 2.76562500e+00 1.36035156e+00 1.02890625e+01
 6.63931132e-11 1.14140625e+01 5.51171875e+00 7.04589844e-01
 1.83125000e+01 1.85000000e+01 7.39453125e+00 3.52148438e+00
 2.04296875e+00 5.78906250e+00 1.19453125e+01 2.07871199e-06
 1.23671875e+01 9.90625000e+00 8.45261638e-11 6.57812500e+00
 9.10156250e+00 5.69921875e+00 4.82812500e+00 1.66168213e-02
 2.88281250e+00 1.75468750e+01 1.15937500e+01 2.09843750e+01
 1.61250000e+01 4.24218750e+00 1.55234375e+01 5.42968750e+00
 3.06250000e+00 2.93164062e+00 4.79687500e+00 8.91406250e+00
 1.07128906e+00 6.19921875e+00 6.16182660e-11 1.79079507e-09
 1.92871094e+00 2.12890625e+00 2.20507812e+00 7.65234375e+00
 4.23828125e+00 4.90234375e+00 3.61083984e-01 3.27929688e+00
 7.67578125e+00 2.50963694e-11 1.62695312e+00 2.07500000e+01
 5.58984375e+00 1.78914661e-11 2.21289062e+00 1.01953125e+00
 1.63906250e+01 7.12500000e+00 4.06799316e-02 6.16796875e+00
 3.82351573e-09 3.87500000e+00 6.71093750e+00 6.33203125e+00
 1.15000000e+01 3.23632812e+00 4.48046875e+00 2.93359375e+00
 3.75976562e+00 1.40312500e+01 1.78281250e+01 5.25000000e+00
 3.97851562e+00 5.71484375e+00 2.24843750e+01 9.51562500e+00
 1.67187500e+01 1.72500000e+01 6.03125000e+00 2.92187500e+00
 3.57226562e+00 4.31250000e+00 1.50292969e+00 1.53710938e+00
 2.44921875e+00 1.45312500e+00 1.28437500e+01 1.20373443e-07
 1.03359375e+01 1.88593750e+01 1.14397380e-11 5.24218750e+00
 3.89062500e+00 1.16953125e+01 8.50781250e+00 1.60937500e+01
 1.32240530e-09 3.49365234e-01 2.34497070e-01 1.78715709e-10
 5.28515625e+00 1.06183506e-10 6.55078125e+00 1.83437500e+01
 1.00488281e+00 1.90851779e-11 1.12854004e-01 4.31100489e-10
 5.23437500e-01 1.52343750e+00 2.83398438e+00 4.34765625e+00
 6.96484375e+00 8.41796875e-01 2.23437500e+01 1.56433089e-08
 3.33251953e-01 8.12633516e-10 4.10937500e+00 5.88329385e-11
 1.46328125e+01 4.93359375e+00 8.10814527e-10 1.18689059e-10
 1.35351562e+00 1.72167969e+00 1.76351023e-09 2.28281250e+01
 6.83257895e-11 4.41406250e+00 1.44140625e+00 6.84082031e-01
 3.61433194e-09 1.36093750e+01 1.07187500e+01 1.17890625e+01
 1.14609375e+01 3.64863695e-12 4.21093750e+00 1.34843750e+01
 2.04687500e+00 1.25859375e+01 2.84912109e-01 1.50781250e+00
 7.43227702e-12 6.56250000e+00 6.48828125e+00 6.47460938e-01
 4.11621094e-01 1.81933594e+00 6.11180440e-09 5.53515625e+00
 1.44453125e+01 4.01171875e+00 5.45703125e+00 5.33593750e+00
 1.59765625e+01 7.06054688e-01 1.80875759e-10 1.01406250e+01
 1.57324219e+00 5.15625000e-01 1.47851562e+00 4.91406250e+00
 2.73242188e+00 1.23828125e+01 2.25976562e+00 6.90234375e+00
 1.68652344e+00 2.19726562e+00 5.95173333e-09 3.18359375e+00
 9.72656250e+00 1.00390625e+00 1.74316406e+00 8.38281250e+00
 2.79052734e-01 1.48437500e+01 5.65234375e+00 3.05078125e+00
 1.06368248e-11 6.44921875e+00 2.20312500e+00 1.12663656e-10
 2.14062500e+01 1.99747774e-10 4.97265625e+00 3.56835938e+00
 3.24507710e-08 2.72851562e+00 5.81621862e-10 1.96406250e+01
 4.11328125e+00 4.18945312e-01 1.46718750e+01 1.87695312e+00
 1.19765625e+01 1.94702148e-01 9.80468750e+00 7.29296875e+00
 1.23359375e+01 4.56250000e+00 1.13437500e+01 2.55078125e+00
 1.90781250e+01 5.57031250e+00 6.87109375e+00 3.09228199e-10
 9.32812500e+00 2.20156250e+01 3.56689453e-01 1.39526367e-01
 7.84765625e+00 7.55078125e+00 4.44531250e+00 1.49902344e+00
 2.14576721e-04 1.42480469e+00 5.37890625e+00 3.31250000e+00
 7.49423634e-10 5.37890625e+00 6.64843750e+00 8.43261719e-01
 1.88769531e+00 1.54140625e+01 8.35156250e+00 8.87212082e-10
 2.67578125e+00 4.96875000e+00 2.44472176e-08 2.76757812e+00
 2.18554688e+00 1.07265625e+01 2.00195312e+00 1.76351023e-09
 7.25781250e+00 1.39531250e+01 5.24609375e+00 2.49609375e+00
 1.10229492e-01 5.20472554e-12 4.05078125e+00 1.53027344e+00
 1.02968750e+01 1.42343750e+01 5.15498755e-12 1.12343750e+01
 3.60614649e-10 3.38867188e+00 1.29394531e+00 4.07031250e+00
 2.59765625e+00 1.64746094e+00 3.11767578e-01 5.45703125e+00
 7.67187500e+00 6.13281250e+00 5.09375000e+00 2.98242188e+00
 6.55761719e-01 3.35937500e-01 7.26953125e+00 3.06445312e+00
 9.51660156e-01 7.33593750e+00 3.67431641e-01 3.96484375e+00
 1.71679688e+00 8.84277344e-01 2.16718750e+01 2.51562500e+00
 8.49609375e-01 8.94531250e+00 9.80468750e-01 7.36816406e-01
 1.81542969e+00 5.11306553e-11 3.54492188e-01 4.33984375e+00
 3.03222656e-01 2.56835938e+00 8.80504558e-11 2.26718750e+01
 1.13828125e+01 6.45703125e+00 5.58203125e+00 7.92965693e-12
 2.14157581e-11 2.64843750e+00 2.24023438e+00 1.83984375e+00
 3.57812500e+00 8.80737305e-02 2.37304688e+00 3.63085938e+00
 4.31640625e+00 8.73437500e+00 6.74609375e+00 7.41238182e-10
 1.62799552e-09 5.72265625e+00 1.74793513e-11 1.06562500e+01
 6.67187500e+00 1.09453125e+01 2.87627699e-11 2.76562500e+00
 1.84687500e+01 1.05078125e+00 1.08886719e+00 1.92968750e+00
 5.62109375e+00 5.77343750e+00 4.44140625e+00 5.10937500e+00
 5.30468750e+00 1.85424805e-01 3.07181836e-10 5.09765625e-01
 3.71484375e+00 2.74023438e+00 4.72265625e+00 1.38911105e-12
 1.80273438e+00 1.08359375e+01 1.49609375e+01 1.50976562e+00
 1.11328125e+00 2.80468750e+00 1.66210938e+00 1.08789062e+00
 1.18671875e+01 8.03906250e+00 1.55703125e+01 1.37109375e+01
 2.73925781e-01 1.12597656e+00 5.10546875e+00 5.98437500e+00
 5.34375000e+00 9.84375000e+00 4.83203125e+00 2.54658516e-10
 3.29691829e-11 4.64843750e+00 9.85156250e+00 1.21781341e-09
 5.86624083e-10 5.96679688e-01 2.53515625e+00 2.33007812e+00
 1.18515625e+01 6.47196430e-09 2.34765625e+00 2.42773438e+00
 1.23515625e+01 1.69531250e+00 7.30078125e+00 1.25937500e+01
 8.93750000e+00 1.18359375e+01 1.13378906e+00 9.46289062e-01
 4.88281250e+00 8.86718750e-01 4.43115234e-01 1.37011719e+00
 6.96484375e+00 2.98769010e-10 5.43750000e+00 1.95019531e+00
 2.34765625e+00 6.18750000e+00 1.23359375e+01 7.60253906e-01
 1.19218750e+01 3.22265625e+00 1.10000000e+01 1.15429688e+00
 1.13906250e+01 7.37500000e+00 1.49023438e+00 1.20214844e+00
 6.70410156e-01 5.36328125e+00 7.27734375e+00 1.89355469e+00
 8.11718750e+00 6.81640625e+00 2.40106601e-10 9.27343750e+00
 2.30859375e+00 3.35742188e+00 3.71093750e+00 2.55859375e+00
 3.58984375e+00 1.08593750e+01 1.66562500e+01 1.08789062e+00
 2.88867188e+00 4.18083346e-11 2.44750977e-01 8.44116211e-02
 6.29394531e-01 5.78125000e+00 5.62500000e+00 4.24218750e+00
 1.20703125e+01 7.60546875e+00 5.21875000e+00 5.07421875e+00
 5.83496094e-01 5.23437500e+00 5.34043920e-11 9.16406250e+00
 6.71484375e+00 1.71562500e+01 1.05175781e+00 8.17871094e-01
 1.22812500e+01 9.21093750e+00 2.12109375e+00 5.25390625e+00
 9.54589844e-01 2.13500977e-01 1.05651855e-01 2.48168945e-01
 2.41406250e+00 1.12549969e-10 8.03906250e+00 1.46972656e-01
 2.38403320e-01 2.43554688e+00 5.91796875e+00 3.01953125e+00
 2.66015625e+00 1.27275968e-12 4.59375000e+00 8.03125000e+00
 1.02343750e+00 7.79296875e+00 1.21886842e-07 1.79687500e+01
 1.02812500e+01 1.75625000e+01 1.05312500e+01 1.61875000e+01
 4.14843750e+00 1.34296875e+01 7.14843750e+00 1.25468750e+01
 3.71337891e-01 6.53515625e+00 7.73828125e+00 7.35546875e+00
 1.89160156e+00 4.19531250e+00 4.92187500e+00 1.67114258e-01
 3.90039062e+00 7.34375000e+00 1.87656250e+01 8.73437500e+00
 5.50390625e+00 9.52636719e-01 1.20468750e+01 1.84765625e+00
 6.46484375e+00 6.28906250e+00 3.80468750e+00 1.71191406e+00
 3.85742188e-01 1.34531250e+01 1.34718903e-10 8.04687500e+00
 3.08203125e+00 3.05664062e+00 2.82031250e+00 5.12207031e-01
 6.16015625e+00 2.81445312e+00 6.58203125e-01 8.57812500e+00
 1.17343750e+01 1.40703125e+01 9.06250000e+00 1.06015625e+01
 2.75634766e-01 1.47734375e+01 3.68554688e+00 6.78906250e+00
 1.96268957e-09 1.40000000e+01 4.12500000e+00 4.42968750e+00
 5.64453125e+00 2.14257812e+00 1.13857368e-10 1.37343750e+01
 1.74023438e+00 1.05546875e+01 2.26171875e+00 1.25097656e+00
 1.43125000e+01 2.41015625e+00 4.21093750e+00 6.40625000e+00
 1.23437500e+01 9.22656250e+00 2.65429688e+00 9.21318133e-10
 8.60937500e+00 2.52539062e+00 2.22070312e+00 1.83445081e-09
 8.61816406e-01 3.80664062e+00 9.94531250e+00 1.45312500e+01
 6.16796875e+00 1.71862524e-12 1.55546875e+01 1.38046875e+01
 5.32551780e-12 1.12031250e+01 9.90625000e+00 9.72656250e+00
 1.04296875e+01 3.39355469e-01 1.14257812e+00 2.18593750e+01
 6.70752343e-11 2.04296875e+00 1.52340363e-11 3.86914062e+00
 2.73193359e-01 1.75305104e-10 3.92219590e-10 8.38281250e+00
 4.53906250e+00 6.06640625e+00 1.03515625e+01 1.08125000e+01
 5.50781250e+00 1.20898438e+00 1.10937500e+00 1.88671875e+00
 5.98828125e+00 2.73046875e+00 1.33007812e+00 4.14453125e+00
 5.92876859e-11 7.80078125e+00 2.23906250e+01 1.05468750e+01
 1.30390625e+01 1.19687500e+01 3.85351562e+00 3.18164062e+00
 3.33007812e+00 3.96679688e+00 1.58789062e+00 1.55312500e+01
 5.38671875e+00 1.88964844e+00 2.22684093e-11 5.71560577e-11
 1.60449219e+00 4.92187500e+00 2.18750000e+01 6.19531250e+00
 1.97542249e-09 2.19531250e+00 4.68444824e-03 1.31171875e+01
 1.24218750e+00 3.85742188e+00 1.54296875e+01 3.78710938e+00
 7.92968750e-01 7.39257812e-01 1.48828125e+01 2.09765625e+00
 1.93125000e+01 2.22968750e+01 9.53150447e-10 8.39843750e+00
 5.21538368e-11 8.96972656e-01 1.50859375e+01 4.88671875e+00
 7.48046875e+00 9.56250000e+00 4.49609375e+00 1.43310547e-01
 1.10390625e+01 8.26562500e+00 2.07226562e+00 1.13359375e+01
 7.04687500e+00 7.22656250e+00 1.61250000e+01 5.50390625e+00
 4.41673365e-11 3.73828125e+00 3.55078125e+00 4.49218750e+00
 8.45703125e-01 1.54663086e-01 2.82031250e+00 2.03320312e+00
 1.64145604e-08 3.76367188e+00 1.67812500e+01 2.38476562e+00
 7.57812500e+00 1.85312500e+01 2.13281250e+00 5.42578125e+00
 2.97070312e+00 2.22187500e+01 4.64453125e+00 6.42187500e+00
 9.26562500e+00 5.02041075e-10 1.72949219e+00 3.96875000e+00
 8.31732905e-10 9.29687500e+00 9.97656250e+00 3.21093750e+00
 2.97851562e+00 2.17260094e-08 6.69140625e+00 5.24609375e+00
 8.14062500e+00 3.02929688e+00 1.21718750e+01 2.41015625e+00
 4.98828125e+00 7.12402344e-01 4.29296875e+00 2.61061359e-08
 8.14843750e+00 2.52734375e+00 9.90625000e+00 1.40234375e+00
 2.53066901e-10 1.43750000e+00 1.42211914e-01 6.24609375e+00
 3.84765625e+00 6.67968750e+00 1.17968750e+01 2.12109375e+00
 5.88378906e-01 1.42812500e+01 1.69218750e+01 1.37500000e+01
 9.38281250e+00 7.20490334e-12 2.49428922e-10 1.20417099e-08
 9.50000000e+00 1.73461914e-01 7.78125000e+00 3.77539062e+00
 1.40781250e+01 3.32031250e+00 1.69375000e+01 5.74609375e+00
 1.51074219e+00 7.59765625e+00 2.17968750e+00 2.25468750e+01
 1.49375000e+01 2.46704102e-01 2.77148438e+00 1.60937500e+01
 7.66015625e+00 3.56835938e+00 1.68593750e+01 1.33906250e+01
 3.55468750e+00 2.71093750e+00 7.07421875e+00 5.04687500e+00
 2.62304688e+00 8.93066406e-01 2.78125000e+00 1.26855469e+00
 9.92968750e+00 1.72917680e-10 1.96450856e-08 1.05078125e+01
 5.56250000e+00 1.88265403e-10 4.08325195e-02 5.56212854e-11
 8.50000000e+00 1.98828125e+00 9.78906250e+00 3.27148438e+00
 9.90625000e+00 8.42773438e-01 1.56484375e+01 7.17578125e+00
 9.58593750e+00 7.70703125e+00 2.94726562e+00 1.31835938e+00
 3.07812500e+00 7.00390625e+00 7.68359375e+00 7.76367188e-01
 5.88378906e-01 1.34218750e+01 1.41796875e+00 1.66406250e+00
 1.07500000e+01 2.52343750e+00 2.02148438e+00 5.50390625e+00
 2.52612153e-10 1.41895384e-11 1.68656697e-08 1.55175781e+00
 1.22578125e+01 1.32128906e+00 1.15312500e+01 2.01562500e+00
 1.36621094e+00 3.37109375e+00 6.52734375e+00 1.01406250e+01
 3.26171875e+00 2.46484375e+00 5.08593750e+00 1.30859375e+00
 9.96582031e-01 1.49448169e-08 3.13110352e-02 1.17265625e+01
 3.58886719e-01 7.76953125e+00 3.99414062e+00 6.20605469e-01
 1.35546875e+01 2.26464181e-10 2.70703125e+00 5.17968750e+00
 5.01632690e-04 2.37345695e-04 3.58203125e+00 1.67812500e+01
 1.44062500e+01 6.11718750e+00 3.62304688e-01 8.84375000e+00
 7.35156250e+00 2.63671875e-01 1.50000000e+00 5.72656250e+00
 6.69479370e-03 3.64257812e+00 1.32080078e-01 1.07617188e+00
 1.73906250e+01 5.72656250e+00 4.92578125e+00 3.26953125e+00
 4.93750000e+00 1.01171875e+01 1.23671875e+01 4.90478516e-01
 3.64252628e-10 5.55468750e+00 4.56640625e+00 3.11523438e+00
 7.22656250e+00 2.78320312e+00 4.26780389e-10 1.74218750e+01
 1.83398438e+00 9.71875000e+00 6.06933594e-01 5.34179688e-01
 9.50781250e+00 6.51562500e+00 9.37500000e+00 3.13476562e-01
 1.03828125e+01 1.62968750e+01 1.78281250e+01 3.29492188e+00
 4.32421875e+00 8.65838956e-10 1.26328125e+01 1.04453125e+01
 8.48144531e-01 1.98750000e+01 1.07343750e+01 4.56640625e+00
 4.50390625e+00 1.38129508e-10 1.07434062e-10 2.23281250e+01
 4.89062500e+00 4.67968750e+00 1.47460938e+00 8.71093750e+00
 1.97968750e+01 3.26428562e-07 1.44453125e+01 1.33593750e+01
 2.30781250e+01 6.56541488e-11 5.31640625e+00 9.17968750e+00
 4.15234375e+00 1.07109375e+01 1.23359375e+01 1.64218750e+01
 7.75000000e+00 2.21679688e+00 2.27539062e+00 1.87695312e+00
 6.79296875e+00 1.07500000e+01 7.95703125e+00 2.05468750e+01
 2.16718750e+01 6.56250000e+00 1.65156250e+01 1.29843750e+01
 9.03125000e+00 8.77929688e-01 1.29199219e+00 3.96198629e-11
 3.56835938e+00 6.47265625e+00 2.06298828e-01 1.05078125e+01
 5.88671875e+00 1.71875000e+01 8.57543945e-02 1.58024704e-10
 1.94628906e+00 4.16406250e+00 6.46484375e+00 9.54687500e+00
 9.07031250e+00 3.94531250e+00 2.61132812e+00 1.33789062e+00
 1.08337402e-01 1.38378906e+00 2.95410156e-01 4.32373047e-01
 2.79492188e+00 4.75000000e+00 1.57656250e+01 5.05551156e-12
 2.74804688e+00 2.32812500e+00 1.22265625e+00 9.20263119e-08
 1.84375000e+01 1.43984375e+01 2.19531250e+00 1.05703125e+01
 1.17578125e+01 1.38574219e+00 8.14208984e-02 6.08451955e-10
 4.84305929e-11 1.85625000e+01 4.30078125e+00 8.64019967e-10
 9.30468750e+00 5.41796875e+00 5.46093750e+00 8.69531250e+00
 2.92773438e+00 1.30000000e+01 3.41601562e+00 3.00381942e-12
 1.26484375e+01 5.41992188e-01 1.93540473e-09 1.13281250e+01
 1.68142833e-10 5.34179688e-01 8.42987902e-11 5.19531250e+00
 1.13830566e-01 2.84960938e+00 6.87500000e+00 1.24121094e+00
 7.05859375e+00 3.29101562e+00 4.57421875e+00 2.26562500e+00
 1.46640625e+01 1.17421875e+01 5.69824219e-01 5.48828125e+00
 6.15625000e+00 5.33593750e+00 3.64062500e+00 2.23593750e+01
 1.32226562e+00 5.22656250e+00 1.20468750e+01 2.14531250e+01
 3.25390625e+00 9.34570312e-01 1.32578125e+01 8.55468750e+00
 3.77148438e+00 1.84687500e+01 1.07849121e-01 1.42968750e+01
 9.95312500e+00 1.37597656e+00 1.08046875e+01 1.60468750e+01
 2.55078125e+00 1.59296875e+01 1.10625000e+01 6.45703125e+00
 2.08593750e+00 3.18750000e+00 2.27656250e+01 5.49218750e+00
 1.01171875e+01 1.75000000e+01 7.44531250e+00 1.35986328e-01
 8.27789307e-03 3.75976562e+00 4.35156250e+00 9.19531250e+00
 1.20625000e+01 1.13671875e+01 5.24218750e+00 5.00000000e+00
 3.97070312e+00 1.51203494e-10 8.35156250e+00 4.50768312e-11
 5.48437500e+00 3.78710938e+00 6.65625000e+00 2.06406250e+01
 1.16171875e+01 4.08203125e+00 7.12109375e+00 3.87695312e+00
 1.62695312e+00 3.22460938e+00 1.16308594e+00 5.36718750e+00
 7.65234375e+00 7.55468750e+00 1.63125000e+01 2.18593750e+01
 1.16992188e+00 1.00078125e+01 2.79101562e+00 7.94140625e+00
 6.41406250e+00 3.99609375e+00 1.58984375e+00 2.89257812e+00
 3.99023438e+00 2.72460938e-01 6.45312500e+00 5.66796875e+00
 1.07109375e+01 6.15685281e-12 3.72460938e+00 1.15112305e-01
 1.99520400e-11 3.35937500e+00 8.42187500e+00 1.99943315e-08
 2.40429688e+00 7.88671875e+00 4.24609375e+00 5.06347656e-01
 7.46875000e+00 4.41406250e-01 3.56835938e+00 6.99742486e-11
 1.53477231e-10 1.07109375e+01 9.07031250e+00 1.70214844e+00
 1.02343750e+01 1.21875000e+01 7.95703125e+00 2.23750000e+01
 3.53320312e+00 3.69335938e+00 1.52929688e+00 2.92578125e+00
 4.26171875e+00 4.82032192e-11 9.29687500e+00 4.19921875e+00
 1.39763756e-11 6.80664062e-01 1.85167437e-11 8.64257812e-02
 1.86380930e-07 7.30078125e+00 1.45781250e+01 1.80625000e+01
 5.46875000e+00 4.92968750e+00 8.03710938e-01 3.47265625e+00
 1.07578125e+01 1.32160949e-12 3.63476562e+00 2.65234375e+00
 8.22656250e+00 4.97265625e+00 1.65542588e-07 8.57031250e+00
 2.09531250e+01 1.53906250e+00 1.38964844e+00 1.02578125e+01
 7.69140625e+00 6.83984375e+00 8.26562500e+00 6.60937500e+00
 2.50781250e+00 3.34179688e+00 1.92675781e+00 2.48046875e+00
 2.27009878e-09 5.60546875e+00 1.52968750e+01 1.33437500e+01
 7.75390625e-01 7.50000000e+00 5.75390625e+00 9.46289062e-01
 1.19726451e-11 4.19921875e+00 1.65722656e+00 5.18359375e+00
 9.53264134e-11 3.67187500e+00 7.91625977e-02 3.85937500e+00
 4.33105469e-01 2.66737743e-11 6.01171875e+00 2.49218750e+00
 1.01250000e+01 1.60000000e+01 3.51953125e+00 1.06562500e+01
 3.33593750e+00 7.43750000e+00 6.46093750e+00 4.89762897e-10
 5.38281250e+00 4.02343750e+00 1.90937500e+01 1.29296875e+01
 7.35781214e-10 4.26953125e+00 6.03515625e+00 1.11035156e+00
 1.54687500e+00 1.35173650e-10 5.99218750e+00 1.43813850e-10
 1.02421875e+01 1.04492188e+00 6.30078125e+00 4.60546875e+00
 8.83915163e-11 7.73925781e-01 1.13671875e+00 2.68554688e+00
 8.14843750e+00 3.82421875e+00 5.10156250e+00 7.27050781e-01
 7.99218750e+00 4.62109375e+00 6.19921875e+00 1.36406250e+01
 3.56976670e-11 4.10546875e+00 1.81835938e+00 3.88281250e+00
 1.70703125e+00 1.18802745e-10 1.99414062e+00 3.14453125e-01
 1.60071068e-08 3.08593750e+00 1.06015625e+01 1.90625000e+00
 6.12304688e-01 3.71093750e+00 7.76953125e+00 3.51367188e+00
 3.67253961e-09 1.04819264e-10 1.30312500e+01 1.51256785e-12
 3.00976562e+00 2.61132812e+00 9.45312500e+00 1.35078125e+01
 4.11718750e+00 7.63281250e+00 2.31093750e+01 1.65164238e-09
 9.17968750e-01 5.60546875e+00 5.17968750e+00 4.58593750e+00
 2.38085938e+00 7.21679688e-01 1.41328125e+01 5.93359375e+00
 1.78710938e+00 1.11621094e+00 1.94458008e-01 1.91718750e+01
 1.10389919e-10 6.56250000e+00 6.55859375e+00 1.80000000e+01
 2.25000000e+01 3.80168785e-10 4.89453125e+00 2.15039062e+00
 3.41796875e+00 1.33155709e-11 7.58789062e-01 2.37695312e+00
 3.71875000e+00 5.70800781e-01 4.93164062e-01 8.59375000e+00
 3.25390625e+00 1.15468750e+01 5.83593750e+00 5.71484375e+00
 7.13671875e+00 8.10018719e-12 1.87719706e-08 9.19531250e+00
 1.18203125e+01 1.47656250e+01 1.98632812e+00 1.48671875e+01
 4.68750000e-01 4.99218750e+00 9.34375000e+00 3.76953125e-01
 1.53593750e+01 6.39453125e+00 3.27636719e-01 7.35156250e+00
 2.21484375e+00 1.27050781e+00 2.76757812e+00 3.94042969e-01
 1.29101562e+00 1.18359375e+00 1.92578125e+00 1.44921875e+01
 4.94140625e+00 8.61718750e+00 1.73750000e+01 7.60156250e+00
 6.17968750e+00 2.07812500e+01 1.21718750e+01 3.46093750e+00
 6.17968750e+00 2.94189453e-01 1.15468750e+01 9.93750000e+00
 6.21730578e-09 1.98632812e+00 1.85625000e+01 4.16748047e-01
 3.34472656e-01 6.23535156e-01 2.65234375e+00 9.73632812e-01
 2.29774741e-08 8.16406250e+00 1.65312500e+01 3.75195312e+00
 1.07578125e+01 1.58496094e+00 6.66406250e+00 7.88671875e+00
 1.73593750e+01 2.11571205e-10 2.58398438e+00 6.50390625e+00
 8.26660156e-01 1.28417969e+00 2.50195312e+00 2.85156250e+00
 3.58984375e+00 6.06445312e-01 6.67968750e+00 1.50000000e+01
 5.19531250e+00 7.55078125e+00 8.84483597e-11 1.24023438e+00
 1.43906250e+01 1.21406250e+01 3.07812500e+00 1.50937500e+01
 1.05957031e+00 3.11523438e+00 4.33984375e+00 3.26562500e+00
 6.65625000e+00 1.63822733e-10 2.76489258e-02 7.62500000e+00
 1.87187500e+01 1.61425781e+00 1.02265625e+01 3.62304688e-01
 1.60156250e+01 1.84809323e-08 2.52929688e+00 1.44587830e-07
 3.60937500e+00 7.00310920e-11 1.47265625e+01 2.67968750e+00
 1.67783583e-08 3.84570312e+00 1.56445312e+00 6.60937500e+00
 1.81738281e+00 1.65429688e+00]
